Id,DriverId,SeasonId,Year,RaceId,RaceName,RaceNumber,RaceDate,CircuitId,CircuitName,CircuitCountry,RoundId,SessionId,SessionType,SessionName,IsSprint,FinishPosition,PointsScored,DriverFirstName,DriverLastName,DriverCode,DriverNumber,ConstructorId,ConstructorName,DriverTeamId,GridPosition,LapsCompleted,IsClassified
39821,820,71,2020,1019,Austrian Grand Prix,1,2020-07-05,34,Red Bull Ring,Austria,1019,3998,R,Race,False,1,25,Valtteri,Bottas,BOT,77,48,Mercedes,3440,1,71,t
39825,843,71,2020,1019,Austrian Grand Prix,1,2020-07-05,34,Red Bull Ring,Austria,1019,3998,R,Race,False,2,18,Charles,Leclerc,LEC,16,6,Ferrari,3441,7,71,t
39829,845,71,2020,1019,Austrian Grand Prix,1,2020-07-05,34,Red Bull Ring,Austria,1019,3998,R,Race,False,3,16,Lando,Norris,NOR,4,117,McLaren,3442,3,71,t
39833,795,71,2020,1019,Austrian Grand Prix,1,2020-07-05,34,Red Bull Ring,Austria,1019,3998,R,Race,False,4,12,Lewis,Hamilton,HAM,44,48,Mercedes,3443,5,71,t
39837,830,71,2020,1019,Austrian Grand Prix,1,2020-07-05,34,Red Bull Ring,Austria,1019,3998,R,Race,False,5,10,Carlos,Sainz,SAI,55,117,McLaren,3444,8,71,t
39841,815,71,2020,1019,Austrian Grand Prix,1,2020-07-05,34,Red Bull Ring,Austria,1019,3998,R,Race,False,6,8,Sergio,Pérez,PER,11,208,Racing Point,3445,6,71,t
39845,841,71,2020,1019,Austrian Grand Prix,1,2020-07-05,34,Red Bull Ring,Austria,1019,3998,R,Race,False,7,6,Pierre,Gasly,GAS,10,209,AlphaTauri,3446,12,71,t
39848,838,71,2020,1019,Austrian Grand Prix,1,2020-07-05,34,Red Bull Ring,Austria,1019,3998,R,Race,False,8,4,Esteban,Ocon,OCO,31,152,Renault,3447,14,71,t
39851,839,71,2020,1019,Austrian Grand Prix,1,2020-07-05,34,Red Bull Ring,Austria,1019,3998,R,Race,False,9,2,Antonio,Giovinazzi,GIO,99,1,Alfa Romeo,3448,18,71,t
39853,798,71,2020,1019,Austrian Grand Prix,1,2020-07-05,34,Red Bull Ring,Austria,1019,3998,R,Race,False,10,1,Sebastian,Vettel,VET,5,6,Ferrari,3449,11,71,t
39856,848,71,2020,1019,Austrian Grand Prix,1,2020-07-05,34,Red Bull Ring,Austria,1019,3998,R,Race,False,11,0,Nicholas,Latifi,LAT,6,141,Williams,3450,20,71,t
39858,825,71,2020,1019,Austrian Grand Prix,1,2020-07-05,34,Red Bull Ring,Austria,1019,3998,R,Race,False,12,0,Daniil,Kvyat,KVY,26,209,AlphaTauri,3451,13,69,t
39861,846,71,2020,1019,Austrian Grand Prix,1,2020-07-05,34,Red Bull Ring,Austria,1019,3998,R,Race,False,13,0,Alexander,Albon,ALB,23,191,Red Bull,3452,4,67,t
39865,762,71,2020,1019,Austrian Grand Prix,1,2020-07-05,34,Red Bull Ring,Austria,1019,3998,R,Race,False,14,0,Kimi,Räikkönen,RAI,7,1,Alfa Romeo,3453,19,53,f
39867,847,71,2020,1019,Austrian Grand Prix,1,2020-07-05,34,Red Bull Ring,Austria,1019,3998,R,Race,False,15,0,George,Russell,RUS,63,141,Williams,3454,17,49,f
39869,805,71,2020,1019,Austrian Grand Prix,1,2020-07-05,34,Red Bull Ring,Austria,1019,3998,R,Race,False,16,0,Romain,Grosjean,GRO,8,207,Haas F1 Team,3455,15,49,f
39872,824,71,2020,1019,Austrian Grand Prix,1,2020-07-05,34,Red Bull Ring,Austria,1019,3998,R,Race,False,17,0,Kevin,Magnussen,MAG,20,207,Haas F1 Team,3456,16,24,f
39874,840,71,2020,1019,Austrian Grand Prix,1,2020-07-05,34,Red Bull Ring,Austria,1019,3998,R,Race,False,18,0,Lance,Stroll,STR,18,208,Racing Point,3457,9,20,f
39878,816,71,2020,1019,Austrian Grand Prix,1,2020-07-05,34,Red Bull Ring,Austria,1019,3998,R,Race,False,19,0,Daniel,Ricciardo,RIC,3,152,Renault,3458,10,17,f
39882,831,71,2020,1019,Austrian Grand Prix,1,2020-07-05,34,Red Bull Ring,Austria,1019,3998,R,Race,False,20,0,Max,Verstappen,VER,33,191,Red Bull,3459,2,11,f
39886,795,71,2020,1020,Styrian Grand Prix,2,2020-07-12,34,Red Bull Ring,Austria,1020,4005,R,Race,False,1,25,Lewis,Hamilton,HAM,44,48,Mercedes,3443,1,71,t
39890,820,71,2020,1020,Styrian Grand Prix,2,2020-07-12,34,Red Bull Ring,Austria,1020,4005,R,Race,False,2,18,Valtteri,Bottas,BOT,77,48,Mercedes,3440,4,71,t
39894,831,71,2020,1020,Styrian Grand Prix,2,2020-07-12,34,Red Bull Ring,Austria,1020,4005,R,Race,False,3,15,Max,Verstappen,VER,33,191,Red Bull,3459,2,71,t
39898,846,71,2020,1020,Styrian Grand Prix,2,2020-07-12,34,Red Bull Ring,Austria,1020,4005,R,Race,False,4,12,Alexander,Albon,ALB,23,191,Red Bull,3452,6,71,t
39902,845,71,2020,1020,Styrian Grand Prix,2,2020-07-12,34,Red Bull Ring,Austria,1020,4005,R,Race,False,5,10,Lando,Norris,NOR,4,117,McLaren,3442,9,71,t
39906,815,71,2020,1020,Styrian Grand Prix,2,2020-07-12,34,Red Bull Ring,Austria,1020,4005,R,Race,False,6,8,Sergio,Pérez,PER,11,208,Racing Point,3445,17,71,t
39908,840,71,2020,1020,Styrian Grand Prix,2,2020-07-12,34,Red Bull Ring,Austria,1020,4005,R,Race,False,7,6,Lance,Stroll,STR,18,208,Racing Point,3457,12,71,t
39911,816,71,2020,1020,Styrian Grand Prix,2,2020-07-12,34,Red Bull Ring,Austria,1020,4005,R,Race,False,8,4,Daniel,Ricciardo,RIC,3,152,Renault,3458,8,71,t
39915,830,71,2020,1020,Styrian Grand Prix,2,2020-07-12,34,Red Bull Ring,Austria,1020,4005,R,Race,False,9,3,Carlos,Sainz,SAI,55,117,McLaren,3444,3,70,t
39919,825,71,2020,1020,Styrian Grand Prix,2,2020-07-12,34,Red Bull Ring,Austria,1020,4005,R,Race,False,10,1,Daniil,Kvyat,KVY,26,209,AlphaTauri,3451,13,70,t
39922,762,71,2020,1020,Styrian Grand Prix,2,2020-07-12,34,Red Bull Ring,Austria,1020,4005,R,Race,False,11,0,Kimi,Räikkönen,RAI,7,1,Alfa Romeo,3453,16,70,t
39924,824,71,2020,1020,Styrian Grand Prix,2,2020-07-12,34,Red Bull Ring,Austria,1020,4005,R,Race,False,12,0,Kevin,Magnussen,MAG,20,207,Haas F1 Team,3456,15,70,t
39927,805,71,2020,1020,Styrian Grand Prix,2,2020-07-12,34,Red Bull Ring,Austria,1020,4005,R,Race,False,13,0,Romain,Grosjean,GRO,8,207,Haas F1 Team,3455,0,70,t
39929,839,71,2020,1020,Styrian Grand Prix,2,2020-07-12,34,Red Bull Ring,Austria,1020,4005,R,Race,False,14,0,Antonio,Giovinazzi,GIO,99,1,Alfa Romeo,3448,19,70,t
39931,841,71,2020,1020,Styrian Grand Prix,2,2020-07-12,34,Red Bull Ring,Austria,1020,4005,R,Race,False,15,0,Pierre,Gasly,GAS,10,209,AlphaTauri,3446,7,70,t
39935,847,71,2020,1020,Styrian Grand Prix,2,2020-07-12,34,Red Bull Ring,Austria,1020,4005,R,Race,False,16,0,George,Russell,RUS,63,141,Williams,3454,11,69,t
39938,848,71,2020,1020,Styrian Grand Prix,2,2020-07-12,34,Red Bull Ring,Austria,1020,4005,R,Race,False,17,0,Nicholas,Latifi,LAT,6,141,Williams,3450,18,69,t
39940,838,71,2020,1020,Styrian Grand Prix,2,2020-07-12,34,Red Bull Ring,Austria,1020,4005,R,Race,False,18,0,Esteban,Ocon,OCO,31,152,Renault,3447,5,25,f
39944,843,71,2020,1020,Styrian Grand Prix,2,2020-07-12,34,Red Bull Ring,Austria,1020,4005,R,Race,False,19,0,Charles,Leclerc,LEC,16,6,Ferrari,3441,14,4,f
39947,798,71,2020,1020,Styrian Grand Prix,2,2020-07-12,34,Red Bull Ring,Austria,1020,4005,R,Race,False,20,0,Sebastian,Vettel,VET,5,6,Ferrari,3449,10,1,f
39951,795,71,2020,1021,Hungarian Grand Prix,3,2020-07-19,52,Hungaroring,Hungary,1021,4012,R,Race,False,1,26,Lewis,Hamilton,HAM,44,48,Mercedes,3443,1,70,t
39955,831,71,2020,1021,Hungarian Grand Prix,3,2020-07-19,52,Hungaroring,Hungary,1021,4012,R,Race,False,2,18,Max,Verstappen,VER,33,191,Red Bull,3459,7,70,t
39959,820,71,2020,1021,Hungarian Grand Prix,3,2020-07-19,52,Hungaroring,Hungary,1021,4012,R,Race,False,3,15,Valtteri,Bottas,BOT,77,48,Mercedes,3440,2,70,t
39963,840,71,2020,1021,Hungarian Grand Prix,3,2020-07-19,52,Hungaroring,Hungary,1021,4012,R,Race,False,4,12,Lance,Stroll,STR,18,208,Racing Point,3457,3,70,t
39967,846,71,2020,1021,Hungarian Grand Prix,3,2020-07-19,52,Hungaroring,Hungary,1021,4012,R,Race,False,5,10,Alexander,Albon,ALB,23,191,Red Bull,3452,13,70,t
39970,798,71,2020,1021,Hungarian Grand Prix,3,2020-07-19,52,Hungaroring,Hungary,1021,4012,R,Race,False,6,8,Sebastian,Vettel,VET,5,6,Ferrari,3449,5,69,t
39974,815,71,2020,1021,Hungarian Grand Prix,3,2020-07-19,52,Hungaroring,Hungary,1021,4012,R,Race,False,7,6,Sergio,Pérez,PER,11,208,Racing Point,3445,4,69,t
39978,816,71,2020,1021,Hungarian Grand Prix,3,2020-07-19,52,Hungaroring,Hungary,1021,4012,R,Race,False,8,4,Daniel,Ricciardo,RIC,3,152,Renault,3458,11,69,t
39981,830,71,2020,1021,Hungarian Grand Prix,3,2020-07-19,52,Hungaroring,Hungary,1021,4012,R,Race,False,9,2,Carlos,Sainz,SAI,55,117,McLaren,3444,9,69,t
39985,824,71,2020,1021,Hungarian Grand Prix,3,2020-07-19,52,Hungaroring,Hungary,1021,4012,R,Race,False,10,1,Kevin,Magnussen,MAG,20,207,Haas F1 Team,3456,0,69,t
39987,843,71,2020,1021,Hungarian Grand Prix,3,2020-07-19,52,Hungaroring,Hungary,1021,4012,R,Race,False,11,0,Charles,Leclerc,LEC,16,6,Ferrari,3441,6,69,t
39991,825,71,2020,1021,Hungarian Grand Prix,3,2020-07-19,52,Hungaroring,Hungary,1021,4012,R,Race,False,12,0,Daniil,Kvyat,KVY,26,209,AlphaTauri,3451,17,69,t
39993,845,71,2020,1021,Hungarian Grand Prix,3,2020-07-19,52,Hungaroring,Hungary,1021,4012,R,Race,False,13,0,Lando,Norris,NOR,4,117,McLaren,3442,8,69,t
39997,838,71,2020,1021,Hungarian Grand Prix,3,2020-07-19,52,Hungaroring,Hungary,1021,4012,R,Race,False,14,0,Esteban,Ocon,OCO,31,152,Renault,3447,14,69,t
40000,762,71,2020,1021,Hungarian Grand Prix,3,2020-07-19,52,Hungaroring,Hungary,1021,4012,R,Race,False,15,0,Kimi,Räikkönen,RAI,7,1,Alfa Romeo,3453,20,69,t
40002,805,71,2020,1021,Hungarian Grand Prix,3,2020-07-19,52,Hungaroring,Hungary,1021,4012,R,Race,False,16,0,Romain,Grosjean,GRO,8,207,Haas F1 Team,3455,0,69,t
40004,839,71,2020,1021,Hungarian Grand Prix,3,2020-07-19,52,Hungaroring,Hungary,1021,4012,R,Race,False,17,0,Antonio,Giovinazzi,GIO,99,1,Alfa Romeo,3448,19,69,t
40006,847,71,2020,1021,Hungarian Grand Prix,3,2020-07-19,52,Hungaroring,Hungary,1021,4012,R,Race,False,18,0,George,Russell,RUS,63,141,Williams,3454,12,69,t
40009,848,71,2020,1021,Hungarian Grand Prix,3,2020-07-19,52,Hungaroring,Hungary,1021,4012,R,Race,False,19,0,Nicholas,Latifi,LAT,6,141,Williams,3450,15,65,t
40012,841,71,2020,1021,Hungarian Grand Prix,3,2020-07-19,52,Hungaroring,Hungary,1021,4012,R,Race,False,20,0,Pierre,Gasly,GAS,10,209,AlphaTauri,3446,10,15,f
40015,795,71,2020,1022,British Grand Prix,4,2020-08-02,1,Silverstone Circuit,UK,1022,4019,R,Race,False,1,25,Lewis,Hamilton,HAM,44,48,Mercedes,3443,1,52,t
40019,831,71,2020,1022,British Grand Prix,4,2020-08-02,1,Silverstone Circuit,UK,1022,4019,R,Race,False,2,19,Max,Verstappen,VER,33,191,Red Bull,3459,3,52,t
40023,843,71,2020,1022,British Grand Prix,4,2020-08-02,1,Silverstone Circuit,UK,1022,4019,R,Race,False,3,15,Charles,Leclerc,LEC,16,6,Ferrari,3441,4,52,t
40027,816,71,2020,1022,British Grand Prix,4,2020-08-02,1,Silverstone Circuit,UK,1022,4019,R,Race,False,4,12,Daniel,Ricciardo,RIC,3,152,Renault,3458,8,52,t
40031,845,71,2020,1022,British Grand Prix,4,2020-08-02,1,Silverstone Circuit,UK,1022,4019,R,Race,False,5,10,Lando,Norris,NOR,4,117,McLaren,3442,5,52,t
40035,838,71,2020,1022,British Grand Prix,4,2020-08-02,1,Silverstone Circuit,UK,1022,4019,R,Race,False,6,8,Esteban,Ocon,OCO,31,152,Renault,3447,9,52,t
40039,841,71,2020,1022,British Grand Prix,4,2020-08-02,1,Silverstone Circuit,UK,1022,4019,R,Race,False,7,6,Pierre,Gasly,GAS,10,209,AlphaTauri,3446,11,52,t
40042,846,71,2020,1022,British Grand Prix,4,2020-08-02,1,Silverstone Circuit,UK,1022,4019,R,Race,False,8,4,Alexander,Albon,ALB,23,191,Red Bull,3452,12,52,t
40045,840,71,2020,1022,British Grand Prix,4,2020-08-02,1,Silverstone Circuit,UK,1022,4019,R,Race,False,9,2,Lance,Stroll,STR,18,208,Racing Point,3457,6,52,t
40049,798,71,2020,1022,British Grand Prix,4,2020-08-02,1,Silverstone Circuit,UK,1022,4019,R,Race,False,10,1,Sebastian,Vettel,VET,5,6,Ferrari,3449,10,52,t
40053,820,71,2020,1022,British Grand Prix,4,2020-08-02,1,Silverstone Circuit,UK,1022,4019,R,Race,False,11,0,Valtteri,Bottas,BOT,77,48,Mercedes,3440,2,52,t
40057,847,71,2020,1022,British Grand Prix,4,2020-08-02,1,Silverstone Circuit,UK,1022,4019,R,Race,False,12,0,George,Russell,RUS,63,141,Williams,3454,20,52,t
40060,830,71,2020,1022,British Grand Prix,4,2020-08-02,1,Silverstone Circuit,UK,1022,4019,R,Race,False,13,0,Carlos,Sainz,SAI,55,117,McLaren,3444,7,52,t
40064,839,71,2020,1022,British Grand Prix,4,2020-08-02,1,Silverstone Circuit,UK,1022,4019,R,Race,False,14,0,Antonio,Giovinazzi,GIO,99,1,Alfa Romeo,3448,15,52,t
40066,848,71,2020,1022,British Grand Prix,4,2020-08-02,1,Silverstone Circuit,UK,1022,4019,R,Race,False,15,0,Nicholas,Latifi,LAT,6,141,Williams,3450,18,52,t
40068,805,71,2020,1022,British Grand Prix,4,2020-08-02,1,Silverstone Circuit,UK,1022,4019,R,Race,False,16,0,Romain,Grosjean,GRO,8,207,Haas F1 Team,3455,17,52,t
40070,762,71,2020,1022,British Grand Prix,4,2020-08-02,1,Silverstone Circuit,UK,1022,4019,R,Race,False,17,0,Kimi,Räikkönen,RAI,7,1,Alfa Romeo,3453,16,51,t
40072,825,71,2020,1022,British Grand Prix,4,2020-08-02,1,Silverstone Circuit,UK,1022,4019,R,Race,False,18,0,Daniil,Kvyat,KVY,26,209,AlphaTauri,3451,19,11,f
40075,824,71,2020,1022,British Grand Prix,4,2020-08-02,1,Silverstone Circuit,UK,1022,4019,R,Race,False,19,0,Kevin,Magnussen,MAG,20,207,Haas F1 Team,3456,14,1,f
40077,807,71,2020,1022,British Grand Prix,4,2020-08-02,1,Silverstone Circuit,UK,1022,4019,R,Race,False,20,0,Nico,Hülkenberg,HUL,27,208,Racing Point,3460,13,0,f
40080,831,71,2020,1023,70th Anniversary Grand Prix,5,2020-08-09,1,Silverstone Circuit,UK,1023,4026,R,Race,False,1,25,Max,Verstappen,VER,33,191,Red Bull,3459,4,52,t
40084,795,71,2020,1023,70th Anniversary Grand Prix,5,2020-08-09,1,Silverstone Circuit,UK,1023,4026,R,Race,False,2,19,Lewis,Hamilton,HAM,44,48,Mercedes,3443,2,52,t
40088,820,71,2020,1023,70th Anniversary Grand Prix,5,2020-08-09,1,Silverstone Circuit,UK,1023,4026,R,Race,False,3,15,Valtteri,Bottas,BOT,77,48,Mercedes,3440,1,52,t
40092,843,71,2020,1023,70th Anniversary Grand Prix,5,2020-08-09,1,Silverstone Circuit,UK,1023,4026,R,Race,False,4,12,Charles,Leclerc,LEC,16,6,Ferrari,3441,8,52,t
40096,846,71,2020,1023,70th Anniversary Grand Prix,5,2020-08-09,1,Silverstone Circuit,UK,1023,4026,R,Race,False,5,10,Alexander,Albon,ALB,23,191,Red Bull,3452,9,52,t
40100,840,71,2020,1023,70th Anniversary Grand Prix,5,2020-08-09,1,Silverstone Circuit,UK,1023,4026,R,Race,False,6,8,Lance,Stroll,STR,18,208,Racing Point,3457,6,52,t
40104,807,71,2020,1023,70th Anniversary Grand Prix,5,2020-08-09,1,Silverstone Circuit,UK,1023,4026,R,Race,False,7,6,Nico,Hülkenberg,HUL,27,208,Racing Point,3460,3,52,t
40108,838,71,2020,1023,70th Anniversary Grand Prix,5,2020-08-09,1,Silverstone Circuit,UK,1023,4026,R,Race,False,8,4,Esteban,Ocon,OCO,31,152,Renault,3447,14,52,t
40111,845,71,2020,1023,70th Anniversary Grand Prix,5,2020-08-09,1,Silverstone Circuit,UK,1023,4026,R,Race,False,9,2,Lando,Norris,NOR,4,117,McLaren,3442,10,52,t
40115,825,71,2020,1023,70th Anniversary Grand Prix,5,2020-08-09,1,Silverstone Circuit,UK,1023,4026,R,Race,False,10,1,Daniil,Kvyat,KVY,26,209,AlphaTauri,3451,16,52,t
40117,841,71,2020,1023,70th Anniversary Grand Prix,5,2020-08-09,1,Silverstone Circuit,UK,1023,4026,R,Race,False,11,0,Pierre,Gasly,GAS,10,209,AlphaTauri,3446,7,52,t
40121,798,71,2020,1023,70th Anniversary Grand Prix,5,2020-08-09,1,Silverstone Circuit,UK,1023,4026,R,Race,False,12,0,Sebastian,Vettel,VET,5,6,Ferrari,3449,11,52,t
40124,830,71,2020,1023,70th Anniversary Grand Prix,5,2020-08-09,1,Silverstone Circuit,UK,1023,4026,R,Race,False,13,0,Carlos,Sainz,SAI,55,117,McLaren,3444,12,52,t
40127,816,71,2020,1023,70th Anniversary Grand Prix,5,2020-08-09,1,Silverstone Circuit,UK,1023,4026,R,Race,False,14,0,Daniel,Ricciardo,RIC,3,152,Renault,3458,5,51,t
40131,762,71,2020,1023,70th Anniversary Grand Prix,5,2020-08-09,1,Silverstone Circuit,UK,1023,4026,R,Race,False,15,0,Kimi,Räikkönen,RAI,7,1,Alfa Romeo,3453,20,51,t
40133,805,71,2020,1023,70th Anniversary Grand Prix,5,2020-08-09,1,Silverstone Circuit,UK,1023,4026,R,Race,False,16,0,Romain,Grosjean,GRO,8,207,Haas F1 Team,3455,13,51,t
40136,839,71,2020,1023,70th Anniversary Grand Prix,5,2020-08-09,1,Silverstone Circuit,UK,1023,4026,R,Race,False,17,0,Antonio,Giovinazzi,GIO,99,1,Alfa Romeo,3448,19,51,t
40138,847,71,2020,1023,70th Anniversary Grand Prix,5,2020-08-09,1,Silverstone Circuit,UK,1023,4026,R,Race,False,18,0,George,Russell,RUS,63,141,Williams,3454,15,51,t
40141,848,71,2020,1023,70th Anniversary Grand Prix,5,2020-08-09,1,Silverstone Circuit,UK,1023,4026,R,Race,False,19,0,Nicholas,Latifi,LAT,6,141,Williams,3450,18,51,t
40143,824,71,2020,1023,70th Anniversary Grand Prix,5,2020-08-09,1,Silverstone Circuit,UK,1023,4026,R,Race,False,20,0,Kevin,Magnussen,MAG,20,207,Haas F1 Team,3456,17,43,f
40145,795,71,2020,1024,Spanish Grand Prix,6,2020-08-16,56,Circuit de Barcelona-Catalunya,Spain,1024,4033,R,Race,False,1,25,Lewis,Hamilton,HAM,44,48,Mercedes,3443,1,66,t
40149,831,71,2020,1024,Spanish Grand Prix,6,2020-08-16,56,Circuit de Barcelona-Catalunya,Spain,1024,4033,R,Race,False,2,18,Max,Verstappen,VER,33,191,Red Bull,3459,3,66,t
40153,820,71,2020,1024,Spanish Grand Prix,6,2020-08-16,56,Circuit de Barcelona-Catalunya,Spain,1024,4033,R,Race,False,3,16,Valtteri,Bottas,BOT,77,48,Mercedes,3440,2,66,t
40157,840,71,2020,1024,Spanish Grand Prix,6,2020-08-16,56,Circuit de Barcelona-Catalunya,Spain,1024,4033,R,Race,False,4,12,Lance,Stroll,STR,18,208,Racing Point,3457,5,65,t
40161,815,71,2020,1024,Spanish Grand Prix,6,2020-08-16,56,Circuit de Barcelona-Catalunya,Spain,1024,4033,R,Race,False,5,10,Sergio,Pérez,PER,11,208,Racing Point,3445,4,65,t
40165,830,71,2020,1024,Spanish Grand Prix,6,2020-08-16,56,Circuit de Barcelona-Catalunya,Spain,1024,4033,R,Race,False,6,8,Carlos,Sainz,SAI,55,117,McLaren,3444,7,65,t
40169,798,71,2020,1024,Spanish Grand Prix,6,2020-08-16,56,Circuit de Barcelona-Catalunya,Spain,1024,4033,R,Race,False,7,6,Sebastian,Vettel,VET,5,6,Ferrari,3449,11,65,t
40172,846,71,2020,1024,Spanish Grand Prix,6,2020-08-16,56,Circuit de Barcelona-Catalunya,Spain,1024,4033,R,Race,False,8,4,Alexander,Albon,ALB,23,191,Red Bull,3452,6,65,t
40176,841,71,2020,1024,Spanish Grand Prix,6,2020-08-16,56,Circuit de Barcelona-Catalunya,Spain,1024,4033,R,Race,False,9,2,Pierre,Gasly,GAS,10,209,AlphaTauri,3446,10,65,t
40180,845,71,2020,1024,Spanish Grand Prix,6,2020-08-16,56,Circuit de Barcelona-Catalunya,Spain,1024,4033,R,Race,False,10,1,Lando,Norris,NOR,4,117,McLaren,3442,8,65,t
40184,816,71,2020,1024,Spanish Grand Prix,6,2020-08-16,56,Circuit de Barcelona-Catalunya,Spain,1024,4033,R,Race,False,11,0,Daniel,Ricciardo,RIC,3,152,Renault,3458,13,65,t
40187,825,71,2020,1024,Spanish Grand Prix,6,2020-08-16,56,Circuit de Barcelona-Catalunya,Spain,1024,4033,R,Race,False,12,0,Daniil,Kvyat,KVY,26,209,AlphaTauri,3451,12,65,t
40190,838,71,2020,1024,Spanish Grand Prix,6,2020-08-16,56,Circuit de Barcelona-Catalunya,Spain,1024,4033,R,Race,False,13,0,Esteban,Ocon,OCO,31,152,Renault,3447,15,65,t
40193,762,71,2020,1024,Spanish Grand Prix,6,2020-08-16,56,Circuit de Barcelona-Catalunya,Spain,1024,4033,R,Race,False,14,0,Kimi,Räikkönen,RAI,7,1,Alfa Romeo,3453,14,65,t
40196,824,71,2020,1024,Spanish Grand Prix,6,2020-08-16,56,Circuit de Barcelona-Catalunya,Spain,1024,4033,R,Race,False,15,0,Kevin,Magnussen,MAG,20,207,Haas F1 Team,3456,16,65,t
40198,839,71,2020,1024,Spanish Grand Prix,6,2020-08-16,56,Circuit de Barcelona-Catalunya,Spain,1024,4033,R,Race,False,16,0,Antonio,Giovinazzi,GIO,99,1,Alfa Romeo,3448,20,65,t
40200,847,71,2020,1024,Spanish Grand Prix,6,2020-08-16,56,Circuit de Barcelona-Catalunya,Spain,1024,4033,R,Race,False,17,0,George,Russell,RUS,63,141,Williams,3454,18,65,t
40202,848,71,2020,1024,Spanish Grand Prix,6,2020-08-16,56,Circuit de Barcelona-Catalunya,Spain,1024,4033,R,Race,False,18,0,Nicholas,Latifi,LAT,6,141,Williams,3450,19,64,t
40204,805,71,2020,1024,Spanish Grand Prix,6,2020-08-16,56,Circuit de Barcelona-Catalunya,Spain,1024,4033,R,Race,False,19,0,Romain,Grosjean,GRO,8,207,Haas F1 Team,3455,17,64,t
40206,843,71,2020,1024,Spanish Grand Prix,6,2020-08-16,56,Circuit de Barcelona-Catalunya,Spain,1024,4033,R,Race,False,20,0,Charles,Leclerc,LEC,16,6,Ferrari,3441,9,38,f
40210,795,71,2020,1025,Belgian Grand Prix,7,2020-08-30,5,Circuit de Spa-Francorchamps,Belgium,1025,4040,R,Race,False,1,25,Lewis,Hamilton,HAM,44,48,Mercedes,3443,1,44,t
40214,820,71,2020,1025,Belgian Grand Prix,7,2020-08-30,5,Circuit de Spa-Francorchamps,Belgium,1025,4040,R,Race,False,2,18,Valtteri,Bottas,BOT,77,48,Mercedes,3440,2,44,t
40218,831,71,2020,1025,Belgian Grand Prix,7,2020-08-30,5,Circuit de Spa-Francorchamps,Belgium,1025,4040,R,Race,False,3,15,Max,Verstappen,VER,33,191,Red Bull,3459,3,44,t
40222,816,71,2020,1025,Belgian Grand Prix,7,2020-08-30,5,Circuit de Spa-Francorchamps,Belgium,1025,4040,R,Race,False,4,13,Daniel,Ricciardo,RIC,3,152,Renault,3458,4,44,t
40226,838,71,2020,1025,Belgian Grand Prix,7,2020-08-30,5,Circuit de Spa-Francorchamps,Belgium,1025,4040,R,Race,False,5,10,Esteban,Ocon,OCO,31,152,Renault,3447,6,44,t
40230,846,71,2020,1025,Belgian Grand Prix,7,2020-08-30,5,Circuit de Spa-Francorchamps,Belgium,1025,4040,R,Race,False,6,8,Alexander,Albon,ALB,23,191,Red Bull,3452,5,44,t
40234,845,71,2020,1025,Belgian Grand Prix,7,2020-08-30,5,Circuit de Spa-Francorchamps,Belgium,1025,4040,R,Race,False,7,6,Lando,Norris,NOR,4,117,McLaren,3442,10,44,t
40238,841,71,2020,1025,Belgian Grand Prix,7,2020-08-30,5,Circuit de Spa-Francorchamps,Belgium,1025,4040,R,Race,False,8,4,Pierre,Gasly,GAS,10,209,AlphaTauri,3446,12,44,t
40241,840,71,2020,1025,Belgian Grand Prix,7,2020-08-30,5,Circuit de Spa-Francorchamps,Belgium,1025,4040,R,Race,False,9,2,Lance,Stroll,STR,18,208,Racing Point,3457,9,44,t
40245,815,71,2020,1025,Belgian Grand Prix,7,2020-08-30,5,Circuit de Spa-Francorchamps,Belgium,1025,4040,R,Race,False,10,1,Sergio,Pérez,PER,11,208,Racing Point,3445,8,44,t
40249,825,71,2020,1025,Belgian Grand Prix,7,2020-08-30,5,Circuit de Spa-Francorchamps,Belgium,1025,4040,R,Race,False,11,0,Daniil,Kvyat,KVY,26,209,AlphaTauri,3451,11,44,t
40252,762,71,2020,1025,Belgian Grand Prix,7,2020-08-30,5,Circuit de Spa-Francorchamps,Belgium,1025,4040,R,Race,False,12,0,Kimi,Räikkönen,RAI,7,1,Alfa Romeo,3453,16,44,t
40254,798,71,2020,1025,Belgian Grand Prix,7,2020-08-30,5,Circuit de Spa-Francorchamps,Belgium,1025,4040,R,Race,False,13,0,Sebastian,Vettel,VET,5,6,Ferrari,3449,14,44,t
40257,843,71,2020,1025,Belgian Grand Prix,7,2020-08-30,5,Circuit de Spa-Francorchamps,Belgium,1025,4040,R,Race,False,14,0,Charles,Leclerc,LEC,16,6,Ferrari,3441,13,44,t
40260,805,71,2020,1025,Belgian Grand Prix,7,2020-08-30,5,Circuit de Spa-Francorchamps,Belgium,1025,4040,R,Race,False,15,0,Romain,Grosjean,GRO,8,207,Haas F1 Team,3455,17,44,t
40262,848,71,2020,1025,Belgian Grand Prix,7,2020-08-30,5,Circuit de Spa-Francorchamps,Belgium,1025,4040,R,Race,False,16,0,Nicholas,Latifi,LAT,6,141,Williams,3450,19,44,t
40264,824,71,2020,1025,Belgian Grand Prix,7,2020-08-30,5,Circuit de Spa-Francorchamps,Belgium,1025,4040,R,Race,False,17,0,Kevin,Magnussen,MAG,20,207,Haas F1 Team,3456,20,44,t
40266,839,71,2020,1025,Belgian Grand Prix,7,2020-08-30,5,Circuit de Spa-Francorchamps,Belgium,1025,4040,R,Race,False,18,0,Antonio,Giovinazzi,GIO,99,1,Alfa Romeo,3448,18,9,f
40268,847,71,2020,1025,Belgian Grand Prix,7,2020-08-30,5,Circuit de Spa-Francorchamps,Belgium,1025,4040,R,Race,False,19,0,George,Russell,RUS,63,141,Williams,3454,15,9,f
40271,830,71,2020,1025,Belgian Grand Prix,7,2020-08-30,5,Circuit de Spa-Francorchamps,Belgium,1025,4040,R,Race,False,20,0,Carlos,Sainz,SAI,55,117,McLaren,3444,7,0,f
40275,841,71,2020,1026,Italian Grand Prix,8,2020-09-06,7,Autodromo Nazionale di Monza,Italy,1026,4047,R,Race,False,1,25,Pierre,Gasly,GAS,10,209,AlphaTauri,3446,10,53,t
40279,830,71,2020,1026,Italian Grand Prix,8,2020-09-06,7,Autodromo Nazionale di Monza,Italy,1026,4047,R,Race,False,2,18,Carlos,Sainz,SAI,55,117,McLaren,3444,3,53,t
40283,840,71,2020,1026,Italian Grand Prix,8,2020-09-06,7,Autodromo Nazionale di Monza,Italy,1026,4047,R,Race,False,3,15,Lance,Stroll,STR,18,208,Racing Point,3457,8,53,t
40287,845,71,2020,1026,Italian Grand Prix,8,2020-09-06,7,Autodromo Nazionale di Monza,Italy,1026,4047,R,Race,False,4,12,Lando,Norris,NOR,4,117,McLaren,3442,6,53,t
40291,820,71,2020,1026,Italian Grand Prix,8,2020-09-06,7,Autodromo Nazionale di Monza,Italy,1026,4047,R,Race,False,5,10,Valtteri,Bottas,BOT,77,48,Mercedes,3440,2,53,t
40295,816,71,2020,1026,Italian Grand Prix,8,2020-09-06,7,Autodromo Nazionale di Monza,Italy,1026,4047,R,Race,False,6,8,Daniel,Ricciardo,RIC,3,152,Renault,3458,7,53,t
40299,795,71,2020,1026,Italian Grand Prix,8,2020-09-06,7,Autodromo Nazionale di Monza,Italy,1026,4047,R,Race,False,7,7,Lewis,Hamilton,HAM,44,48,Mercedes,3443,1,53,t
40303,838,71,2020,1026,Italian Grand Prix,8,2020-09-06,7,Autodromo Nazionale di Monza,Italy,1026,4047,R,Race,False,8,4,Esteban,Ocon,OCO,31,152,Renault,3447,12,53,t
40306,825,71,2020,1026,Italian Grand Prix,8,2020-09-06,7,Autodromo Nazionale di Monza,Italy,1026,4047,R,Race,False,9,2,Daniil,Kvyat,KVY,26,209,AlphaTauri,3451,11,53,t
40309,815,71,2020,1026,Italian Grand Prix,8,2020-09-06,7,Autodromo Nazionale di Monza,Italy,1026,4047,R,Race,False,10,1,Sergio,Pérez,PER,11,208,Racing Point,3445,4,53,t
40313,848,71,2020,1026,Italian Grand Prix,8,2020-09-06,7,Autodromo Nazionale di Monza,Italy,1026,4047,R,Race,False,11,0,Nicholas,Latifi,LAT,6,141,Williams,3450,20,53,t
40315,805,71,2020,1026,Italian Grand Prix,8,2020-09-06,7,Autodromo Nazionale di Monza,Italy,1026,4047,R,Race,False,12,0,Romain,Grosjean,GRO,8,207,Haas F1 Team,3455,16,53,t
40317,762,71,2020,1026,Italian Grand Prix,8,2020-09-06,7,Autodromo Nazionale di Monza,Italy,1026,4047,R,Race,False,13,0,Kimi,Räikkönen,RAI,7,1,Alfa Romeo,3453,14,53,t
40320,847,71,2020,1026,Italian Grand Prix,8,2020-09-06,7,Autodromo Nazionale di Monza,Italy,1026,4047,R,Race,False,14,0,George,Russell,RUS,63,141,Williams,3454,19,53,t
40322,846,71,2020,1026,Italian Grand Prix,8,2020-09-06,7,Autodromo Nazionale di Monza,Italy,1026,4047,R,Race,False,15,0,Alexander,Albon,ALB,23,191,Red Bull,3452,9,53,t
40326,839,71,2020,1026,Italian Grand Prix,8,2020-09-06,7,Autodromo Nazionale di Monza,Italy,1026,4047,R,Race,False,16,0,Antonio,Giovinazzi,GIO,99,1,Alfa Romeo,3448,18,53,t
40328,831,71,2020,1026,Italian Grand Prix,8,2020-09-06,7,Autodromo Nazionale di Monza,Italy,1026,4047,R,Race,False,17,0,Max,Verstappen,VER,33,191,Red Bull,3459,5,30,f
40332,843,71,2020,1026,Italian Grand Prix,8,2020-09-06,7,Autodromo Nazionale di Monza,Italy,1026,4047,R,Race,False,18,0,Charles,Leclerc,LEC,16,6,Ferrari,3441,13,23,f
40335,824,71,2020,1026,Italian Grand Prix,8,2020-09-06,7,Autodromo Nazionale di Monza,Italy,1026,4047,R,Race,False,19,0,Kevin,Magnussen,MAG,20,207,Haas F1 Team,3456,15,17,f
40338,798,71,2020,1026,Italian Grand Prix,8,2020-09-06,7,Autodromo Nazionale di Monza,Italy,1026,4047,R,Race,False,20,0,Sebastian,Vettel,VET,5,6,Ferrari,3449,17,6,f
40340,795,71,2020,1027,Tuscan Grand Prix,9,2020-09-13,72,Autodromo Internazionale del Mugello,Italy,1027,4054,R,Race,False,1,26,Lewis,Hamilton,HAM,44,48,Mercedes,3443,1,59,t
40344,820,71,2020,1027,Tuscan Grand Prix,9,2020-09-13,72,Autodromo Internazionale del Mugello,Italy,1027,4054,R,Race,False,2,18,Valtteri,Bottas,BOT,77,48,Mercedes,3440,2,59,t
40348,846,71,2020,1027,Tuscan Grand Prix,9,2020-09-13,72,Autodromo Internazionale del Mugello,Italy,1027,4054,R,Race,False,3,15,Alexander,Albon,ALB,23,191,Red Bull,3452,4,59,t
40352,816,71,2020,1027,Tuscan Grand Prix,9,2020-09-13,72,Autodromo Internazionale del Mugello,Italy,1027,4054,R,Race,False,4,12,Daniel,Ricciardo,RIC,3,152,Renault,3458,8,59,t
40356,815,71,2020,1027,Tuscan Grand Prix,9,2020-09-13,72,Autodromo Internazionale del Mugello,Italy,1027,4054,R,Race,False,5,10,Sergio,Pérez,PER,11,208,Racing Point,3445,7,59,t
40360,845,71,2020,1027,Tuscan Grand Prix,9,2020-09-13,72,Autodromo Internazionale del Mugello,Italy,1027,4054,R,Race,False,6,8,Lando,Norris,NOR,4,117,McLaren,3442,11,59,t
40363,825,71,2020,1027,Tuscan Grand Prix,9,2020-09-13,72,Autodromo Internazionale del Mugello,Italy,1027,4054,R,Race,False,7,6,Daniil,Kvyat,KVY,26,209,AlphaTauri,3451,12,59,t
40366,843,71,2020,1027,Tuscan Grand Prix,9,2020-09-13,72,Autodromo Internazionale del Mugello,Italy,1027,4054,R,Race,False,8,4,Charles,Leclerc,LEC,16,6,Ferrari,3441,5,59,t
40370,762,71,2020,1027,Tuscan Grand Prix,9,2020-09-13,72,Autodromo Internazionale del Mugello,Italy,1027,4054,R,Race,False,9,2,Kimi,Räikkönen,RAI,7,1,Alfa Romeo,3453,13,59,t
40373,798,71,2020,1027,Tuscan Grand Prix,9,2020-09-13,72,Autodromo Internazionale del Mugello,Italy,1027,4054,R,Race,False,10,1,Sebastian,Vettel,VET,5,6,Ferrari,3449,14,59,t
40376,847,71,2020,1027,Tuscan Grand Prix,9,2020-09-13,72,Autodromo Internazionale del Mugello,Italy,1027,4054,R,Race,False,11,0,George,Russell,RUS,63,141,Williams,3454,18,59,t
40378,805,71,2020,1027,Tuscan Grand Prix,9,2020-09-13,72,Autodromo Internazionale del Mugello,Italy,1027,4054,R,Race,False,12,0,Romain,Grosjean,GRO,8,207,Haas F1 Team,3455,15,59,t
40381,840,71,2020,1027,Tuscan Grand Prix,9,2020-09-13,72,Autodromo Internazionale del Mugello,Italy,1027,4054,R,Race,False,13,0,Lance,Stroll,STR,18,208,Racing Point,3457,6,42,f
40385,838,71,2020,1027,Tuscan Grand Prix,9,2020-09-13,72,Autodromo Internazionale del Mugello,Italy,1027,4054,R,Race,False,14,0,Esteban,Ocon,OCO,31,152,Renault,3447,10,7,f
40388,848,71,2020,1027,Tuscan Grand Prix,9,2020-09-13,72,Autodromo Internazionale del Mugello,Italy,1027,4054,R,Race,False,15,0,Nicholas,Latifi,LAT,6,141,Williams,3450,19,6,f
40390,824,71,2020,1027,Tuscan Grand Prix,9,2020-09-13,72,Autodromo Internazionale del Mugello,Italy,1027,4054,R,Race,False,16,0,Kevin,Magnussen,MAG,20,207,Haas F1 Team,3456,20,5,f
40392,839,71,2020,1027,Tuscan Grand Prix,9,2020-09-13,72,Autodromo Internazionale del Mugello,Italy,1027,4054,R,Race,False,17,0,Antonio,Giovinazzi,GIO,99,1,Alfa Romeo,3448,17,5,f
40394,830,71,2020,1027,Tuscan Grand Prix,9,2020-09-13,72,Autodromo Internazionale del Mugello,Italy,1027,4054,R,Race,False,18,0,Carlos,Sainz,SAI,55,117,McLaren,3444,9,5,f
40398,831,71,2020,1027,Tuscan Grand Prix,9,2020-09-13,72,Autodromo Internazionale del Mugello,Italy,1027,4054,R,Race,False,19,0,Max,Verstappen,VER,33,191,Red Bull,3459,3,0,f
40402,841,71,2020,1027,Tuscan Grand Prix,9,2020-09-13,72,Autodromo Internazionale del Mugello,Italy,1027,4054,R,Race,False,20,0,Pierre,Gasly,GAS,10,209,AlphaTauri,3446,16,0,f
40404,820,71,2020,1028,Russian Grand Prix,10,2020-09-27,70,Sochi Autodrom,Russia,1028,4061,R,Race,False,1,26,Valtteri,Bottas,BOT,77,48,Mercedes,3440,3,53,t
40408,831,71,2020,1028,Russian Grand Prix,10,2020-09-27,70,Sochi Autodrom,Russia,1028,4061,R,Race,False,2,18,Max,Verstappen,VER,33,191,Red Bull,3459,2,53,t
40412,795,71,2020,1028,Russian Grand Prix,10,2020-09-27,70,Sochi Autodrom,Russia,1028,4061,R,Race,False,3,15,Lewis,Hamilton,HAM,44,48,Mercedes,3443,1,53,t
40416,815,71,2020,1028,Russian Grand Prix,10,2020-09-27,70,Sochi Autodrom,Russia,1028,4061,R,Race,False,4,12,Sergio,Pérez,PER,11,208,Racing Point,3445,4,53,t
40420,816,71,2020,1028,Russian Grand Prix,10,2020-09-27,70,Sochi Autodrom,Russia,1028,4061,R,Race,False,5,10,Daniel,Ricciardo,RIC,3,152,Renault,3458,5,53,t
40424,843,71,2020,1028,Russian Grand Prix,10,2020-09-27,70,Sochi Autodrom,Russia,1028,4061,R,Race,False,6,8,Charles,Leclerc,LEC,16,6,Ferrari,3441,10,53,t
40427,838,71,2020,1028,Russian Grand Prix,10,2020-09-27,70,Sochi Autodrom,Russia,1028,4061,R,Race,False,7,6,Esteban,Ocon,OCO,31,152,Renault,3447,7,53,t
40431,825,71,2020,1028,Russian Grand Prix,10,2020-09-27,70,Sochi Autodrom,Russia,1028,4061,R,Race,False,8,4,Daniil,Kvyat,KVY,26,209,AlphaTauri,3451,11,53,t
40434,841,71,2020,1028,Russian Grand Prix,10,2020-09-27,70,Sochi Autodrom,Russia,1028,4061,R,Race,False,9,2,Pierre,Gasly,GAS,10,209,AlphaTauri,3446,9,53,t
40438,846,71,2020,1028,Russian Grand Prix,10,2020-09-27,70,Sochi Autodrom,Russia,1028,4061,R,Race,False,10,1,Alexander,Albon,ALB,23,191,Red Bull,3452,15,53,t
40442,839,71,2020,1028,Russian Grand Prix,10,2020-09-27,70,Sochi Autodrom,Russia,1028,4061,R,Race,False,11,0,Antonio,Giovinazzi,GIO,99,1,Alfa Romeo,3448,17,52,t
40444,824,71,2020,1028,Russian Grand Prix,10,2020-09-27,70,Sochi Autodrom,Russia,1028,4061,R,Race,False,12,0,Kevin,Magnussen,MAG,20,207,Haas F1 Team,3456,18,52,t
40446,798,71,2020,1028,Russian Grand Prix,10,2020-09-27,70,Sochi Autodrom,Russia,1028,4061,R,Race,False,13,0,Sebastian,Vettel,VET,5,6,Ferrari,3449,14,52,t
40449,762,71,2020,1028,Russian Grand Prix,10,2020-09-27,70,Sochi Autodrom,Russia,1028,4061,R,Race,False,14,0,Kimi,Räikkönen,RAI,7,1,Alfa Romeo,3453,19,52,t
40451,845,71,2020,1028,Russian Grand Prix,10,2020-09-27,70,Sochi Autodrom,Russia,1028,4061,R,Race,False,15,0,Lando,Norris,NOR,4,117,McLaren,3442,8,52,t
40455,848,71,2020,1028,Russian Grand Prix,10,2020-09-27,70,Sochi Autodrom,Russia,1028,4061,R,Race,False,16,0,Nicholas,Latifi,LAT,6,141,Williams,3450,20,52,t
40457,805,71,2020,1028,Russian Grand Prix,10,2020-09-27,70,Sochi Autodrom,Russia,1028,4061,R,Race,False,17,0,Romain,Grosjean,GRO,8,207,Haas F1 Team,3455,16,52,t
40459,847,71,2020,1028,Russian Grand Prix,10,2020-09-27,70,Sochi Autodrom,Russia,1028,4061,R,Race,False,18,0,George,Russell,RUS,63,141,Williams,3454,13,52,t
40462,830,71,2020,1028,Russian Grand Prix,10,2020-09-27,70,Sochi Autodrom,Russia,1028,4061,R,Race,False,19,0,Carlos,Sainz,SAI,55,117,McLaren,3444,6,0,f
40466,840,71,2020,1028,Russian Grand Prix,10,2020-09-27,70,Sochi Autodrom,Russia,1028,4061,R,Race,False,20,0,Lance,Stroll,STR,18,208,Racing Point,3457,12,0,f
40469,795,71,2020,1029,Eifel Grand Prix,11,2020-10-11,8,Nürburgring,Germany,1029,4068,R,Race,False,1,25,Lewis,Hamilton,HAM,44,48,Mercedes,3443,2,60,t
40473,831,71,2020,1029,Eifel Grand Prix,11,2020-10-11,8,Nürburgring,Germany,1029,4068,R,Race,False,2,19,Max,Verstappen,VER,33,191,Red Bull,3459,3,60,t
40477,816,71,2020,1029,Eifel Grand Prix,11,2020-10-11,8,Nürburgring,Germany,1029,4068,R,Race,False,3,15,Daniel,Ricciardo,RIC,3,152,Renault,3458,6,60,t
40481,815,71,2020,1029,Eifel Grand Prix,11,2020-10-11,8,Nürburgring,Germany,1029,4068,R,Race,False,4,12,Sergio,Pérez,PER,11,208,Racing Point,3445,9,60,t
40485,830,71,2020,1029,Eifel Grand Prix,11,2020-10-11,8,Nürburgring,Germany,1029,4068,R,Race,False,5,10,Carlos,Sainz,SAI,55,117,McLaren,3444,10,60,t
40489,841,71,2020,1029,Eifel Grand Prix,11,2020-10-11,8,Nürburgring,Germany,1029,4068,R,Race,False,6,8,Pierre,Gasly,GAS,10,209,AlphaTauri,3446,12,60,t
40492,843,71,2020,1029,Eifel Grand Prix,11,2020-10-11,8,Nürburgring,Germany,1029,4068,R,Race,False,7,6,Charles,Leclerc,LEC,16,6,Ferrari,3441,4,60,t
40496,807,71,2020,1029,Eifel Grand Prix,11,2020-10-11,8,Nürburgring,Germany,1029,4068,R,Race,False,8,4,Nico,Hülkenberg,HUL,27,208,Racing Point,3460,20,60,t
40498,805,71,2020,1029,Eifel Grand Prix,11,2020-10-11,8,Nürburgring,Germany,1029,4068,R,Race,False,9,2,Romain,Grosjean,GRO,8,207,Haas F1 Team,3455,16,60,t
40500,839,71,2020,1029,Eifel Grand Prix,11,2020-10-11,8,Nürburgring,Germany,1029,4068,R,Race,False,10,1,Antonio,Giovinazzi,GIO,99,1,Alfa Romeo,3448,14,60,t
40503,798,71,2020,1029,Eifel Grand Prix,11,2020-10-11,8,Nürburgring,Germany,1029,4068,R,Race,False,11,0,Sebastian,Vettel,VET,5,6,Ferrari,3449,11,60,t
40506,762,71,2020,1029,Eifel Grand Prix,11,2020-10-11,8,Nürburgring,Germany,1029,4068,R,Race,False,12,0,Kimi,Räikkönen,RAI,7,1,Alfa Romeo,3453,19,60,t
40508,824,71,2020,1029,Eifel Grand Prix,11,2020-10-11,8,Nürburgring,Germany,1029,4068,R,Race,False,13,0,Kevin,Magnussen,MAG,20,207,Haas F1 Team,3456,15,60,t
40511,848,71,2020,1029,Eifel Grand Prix,11,2020-10-11,8,Nürburgring,Germany,1029,4068,R,Race,False,14,0,Nicholas,Latifi,LAT,6,141,Williams,3450,18,60,t
40513,825,71,2020,1029,Eifel Grand Prix,11,2020-10-11,8,Nürburgring,Germany,1029,4068,R,Race,False,15,0,Daniil,Kvyat,KVY,26,209,AlphaTauri,3451,13,60,t
40516,845,71,2020,1029,Eifel Grand Prix,11,2020-10-11,8,Nürburgring,Germany,1029,4068,R,Race,False,16,0,Lando,Norris,NOR,4,117,McLaren,3442,8,42,f
40520,846,71,2020,1029,Eifel Grand Prix,11,2020-10-11,8,Nürburgring,Germany,1029,4068,R,Race,False,17,0,Alexander,Albon,ALB,23,191,Red Bull,3452,5,23,f
40524,838,71,2020,1029,Eifel Grand Prix,11,2020-10-11,8,Nürburgring,Germany,1029,4068,R,Race,False,18,0,Esteban,Ocon,OCO,31,152,Renault,3447,7,22,f
40528,820,71,2020,1029,Eifel Grand Prix,11,2020-10-11,8,Nürburgring,Germany,1029,4068,R,Race,False,19,0,Valtteri,Bottas,BOT,77,48,Mercedes,3440,1,18,f
40532,847,71,2020,1029,Eifel Grand Prix,11,2020-10-11,8,Nürburgring,Germany,1029,4068,R,Race,False,20,0,George,Russell,RUS,63,141,Williams,3454,17,12,f
40534,795,71,2020,1030,Portuguese Grand Prix,12,2020-10-25,73,Autódromo Internacional do Algarve,Portugal,1030,4075,R,Race,False,1,26,Lewis,Hamilton,HAM,44,48,Mercedes,3443,1,66,t
40538,820,71,2020,1030,Portuguese Grand Prix,12,2020-10-25,73,Autódromo Internacional do Algarve,Portugal,1030,4075,R,Race,False,2,18,Valtteri,Bottas,BOT,77,48,Mercedes,3440,2,66,t
40542,831,71,2020,1030,Portuguese Grand Prix,12,2020-10-25,73,Autódromo Internacional do Algarve,Portugal,1030,4075,R,Race,False,3,15,Max,Verstappen,VER,33,191,Red Bull,3459,3,66,t
40546,843,71,2020,1030,Portuguese Grand Prix,12,2020-10-25,73,Autódromo Internacional do Algarve,Portugal,1030,4075,R,Race,False,4,12,Charles,Leclerc,LEC,16,6,Ferrari,3441,4,66,t
40550,841,71,2020,1030,Portuguese Grand Prix,12,2020-10-25,73,Autódromo Internacional do Algarve,Portugal,1030,4075,R,Race,False,5,10,Pierre,Gasly,GAS,10,209,AlphaTauri,3446,9,65,t
40554,830,71,2020,1030,Portuguese Grand Prix,12,2020-10-25,73,Autódromo Internacional do Algarve,Portugal,1030,4075,R,Race,False,6,8,Carlos,Sainz,SAI,55,117,McLaren,3444,7,65,t
40558,815,71,2020,1030,Portuguese Grand Prix,12,2020-10-25,73,Autódromo Internacional do Algarve,Portugal,1030,4075,R,Race,False,7,6,Sergio,Pérez,PER,11,208,Racing Point,3445,5,65,t
40562,838,71,2020,1030,Portuguese Grand Prix,12,2020-10-25,73,Autódromo Internacional do Algarve,Portugal,1030,4075,R,Race,False,8,4,Esteban,Ocon,OCO,31,152,Renault,3447,11,65,t
40565,816,71,2020,1030,Portuguese Grand Prix,12,2020-10-25,73,Autódromo Internacional do Algarve,Portugal,1030,4075,R,Race,False,9,2,Daniel,Ricciardo,RIC,3,152,Renault,3458,10,65,t
40568,798,71,2020,1030,Portuguese Grand Prix,12,2020-10-25,73,Autódromo Internacional do Algarve,Portugal,1030,4075,R,Race,False,10,1,Sebastian,Vettel,VET,5,6,Ferrari,3449,15,65,t
40571,762,71,2020,1030,Portuguese Grand Prix,12,2020-10-25,73,Autódromo Internacional do Algarve,Portugal,1030,4075,R,Race,False,11,0,Kimi,Räikkönen,RAI,7,1,Alfa Romeo,3453,16,65,t
40573,846,71,2020,1030,Portuguese Grand Prix,12,2020-10-25,73,Autódromo Internacional do Algarve,Portugal,1030,4075,R,Race,False,12,0,Alexander,Albon,ALB,23,191,Red Bull,3452,6,65,t
40577,845,71,2020,1030,Portuguese Grand Prix,12,2020-10-25,73,Autódromo Internacional do Algarve,Portugal,1030,4075,R,Race,False,13,0,Lando,Norris,NOR,4,117,McLaren,3442,8,65,t
40581,847,71,2020,1030,Portuguese Grand Prix,12,2020-10-25,73,Autódromo Internacional do Algarve,Portugal,1030,4075,R,Race,False,14,0,George,Russell,RUS,63,141,Williams,3454,14,65,t
40584,839,71,2020,1030,Portuguese Grand Prix,12,2020-10-25,73,Autódromo Internacional do Algarve,Portugal,1030,4075,R,Race,False,15,0,Antonio,Giovinazzi,GIO,99,1,Alfa Romeo,3448,17,65,t
40586,824,71,2020,1030,Portuguese Grand Prix,12,2020-10-25,73,Autódromo Internacional do Algarve,Portugal,1030,4075,R,Race,False,16,0,Kevin,Magnussen,MAG,20,207,Haas F1 Team,3456,19,65,t
40588,805,71,2020,1030,Portuguese Grand Prix,12,2020-10-25,73,Autódromo Internacional do Algarve,Portugal,1030,4075,R,Race,False,17,0,Romain,Grosjean,GRO,8,207,Haas F1 Team,3455,18,65,t
40590,848,71,2020,1030,Portuguese Grand Prix,12,2020-10-25,73,Autódromo Internacional do Algarve,Portugal,1030,4075,R,Race,False,18,0,Nicholas,Latifi,LAT,6,141,Williams,3450,20,64,t
40592,825,71,2020,1030,Portuguese Grand Prix,12,2020-10-25,73,Autódromo Internacional do Algarve,Portugal,1030,4075,R,Race,False,19,0,Daniil,Kvyat,KVY,26,209,AlphaTauri,3451,13,64,t
40595,840,71,2020,1030,Portuguese Grand Prix,12,2020-10-25,73,Autódromo Internacional do Algarve,Portugal,1030,4075,R,Race,False,20,0,Lance,Stroll,STR,18,208,Racing Point,3457,12,51,f
40598,795,71,2020,1031,Emilia Romagna Grand Prix,13,2020-11-01,45,Autodromo Enzo e Dino Ferrari,Italy,1031,4082,R,Race,False,1,26,Lewis,Hamilton,HAM,44,48,Mercedes,3443,2,63,t
40602,820,71,2020,1031,Emilia Romagna Grand Prix,13,2020-11-01,45,Autodromo Enzo e Dino Ferrari,Italy,1031,4082,R,Race,False,2,18,Valtteri,Bottas,BOT,77,48,Mercedes,3440,1,63,t
40606,816,71,2020,1031,Emilia Romagna Grand Prix,13,2020-11-01,45,Autodromo Enzo e Dino Ferrari,Italy,1031,4082,R,Race,False,3,15,Daniel,Ricciardo,RIC,3,152,Renault,3458,5,63,t
40610,825,71,2020,1031,Emilia Romagna Grand Prix,13,2020-11-01,45,Autodromo Enzo e Dino Ferrari,Italy,1031,4082,R,Race,False,4,12,Daniil,Kvyat,KVY,26,209,AlphaTauri,3451,8,63,t
40614,843,71,2020,1031,Emilia Romagna Grand Prix,13,2020-11-01,45,Autodromo Enzo e Dino Ferrari,Italy,1031,4082,R,Race,False,5,10,Charles,Leclerc,LEC,16,6,Ferrari,3441,7,63,t
40618,815,71,2020,1031,Emilia Romagna Grand Prix,13,2020-11-01,45,Autodromo Enzo e Dino Ferrari,Italy,1031,4082,R,Race,False,6,8,Sergio,Pérez,PER,11,208,Racing Point,3445,11,63,t
40621,830,71,2020,1031,Emilia Romagna Grand Prix,13,2020-11-01,45,Autodromo Enzo e Dino Ferrari,Italy,1031,4082,R,Race,False,7,6,Carlos,Sainz,SAI,55,117,McLaren,3444,10,63,t
40625,845,71,2020,1031,Emilia Romagna Grand Prix,13,2020-11-01,45,Autodromo Enzo e Dino Ferrari,Italy,1031,4082,R,Race,False,8,4,Lando,Norris,NOR,4,117,McLaren,3442,9,63,t
40629,762,71,2020,1031,Emilia Romagna Grand Prix,13,2020-11-01,45,Autodromo Enzo e Dino Ferrari,Italy,1031,4082,R,Race,False,9,2,Kimi,Räikkönen,RAI,7,1,Alfa Romeo,3453,18,63,t
40631,839,71,2020,1031,Emilia Romagna Grand Prix,13,2020-11-01,45,Autodromo Enzo e Dino Ferrari,Italy,1031,4082,R,Race,False,10,1,Antonio,Giovinazzi,GIO,99,1,Alfa Romeo,3448,20,63,t
40633,848,71,2020,1031,Emilia Romagna Grand Prix,13,2020-11-01,45,Autodromo Enzo e Dino Ferrari,Italy,1031,4082,R,Race,False,11,0,Nicholas,Latifi,LAT,6,141,Williams,3450,19,63,t
40635,798,71,2020,1031,Emilia Romagna Grand Prix,13,2020-11-01,45,Autodromo Enzo e Dino Ferrari,Italy,1031,4082,R,Race,False,12,0,Sebastian,Vettel,VET,5,6,Ferrari,3449,14,63,t
40638,840,71,2020,1031,Emilia Romagna Grand Prix,13,2020-11-01,45,Autodromo Enzo e Dino Ferrari,Italy,1031,4082,R,Race,False,13,0,Lance,Stroll,STR,18,208,Racing Point,3457,15,63,t
40641,805,71,2020,1031,Emilia Romagna Grand Prix,13,2020-11-01,45,Autodromo Enzo e Dino Ferrari,Italy,1031,4082,R,Race,False,14,0,Romain,Grosjean,GRO,8,207,Haas F1 Team,3455,16,63,t
40643,846,71,2020,1031,Emilia Romagna Grand Prix,13,2020-11-01,45,Autodromo Enzo e Dino Ferrari,Italy,1031,4082,R,Race,False,15,0,Alexander,Albon,ALB,23,191,Red Bull,3452,6,63,t
40647,847,71,2020,1031,Emilia Romagna Grand Prix,13,2020-11-01,45,Autodromo Enzo e Dino Ferrari,Italy,1031,4082,R,Race,False,16,0,George,Russell,RUS,63,141,Williams,3454,13,51,f
40650,831,71,2020,1031,Emilia Romagna Grand Prix,13,2020-11-01,45,Autodromo Enzo e Dino Ferrari,Italy,1031,4082,R,Race,False,17,0,Max,Verstappen,VER,33,191,Red Bull,3459,3,50,f
40654,824,71,2020,1031,Emilia Romagna Grand Prix,13,2020-11-01,45,Autodromo Enzo e Dino Ferrari,Italy,1031,4082,R,Race,False,18,0,Kevin,Magnussen,MAG,20,207,Haas F1 Team,3456,17,47,f
40656,838,71,2020,1031,Emilia Romagna Grand Prix,13,2020-11-01,45,Autodromo Enzo e Dino Ferrari,Italy,1031,4082,R,Race,False,19,0,Esteban,Ocon,OCO,31,152,Renault,3447,12,27,f
40659,841,71,2020,1031,Emilia Romagna Grand Prix,13,2020-11-01,45,Autodromo Enzo e Dino Ferrari,Italy,1031,4082,R,Race,False,20,0,Pierre,Gasly,GAS,10,209,AlphaTauri,3446,4,8,f
40663,795,71,2020,1032,Turkish Grand Prix,14,2020-11-15,63,Istanbul Park,Turkey,1032,4089,R,Race,False,1,25,Lewis,Hamilton,HAM,44,48,Mercedes,3443,6,58,t
40667,815,71,2020,1032,Turkish Grand Prix,14,2020-11-15,63,Istanbul Park,Turkey,1032,4089,R,Race,False,2,18,Sergio,Pérez,PER,11,208,Racing Point,3445,3,58,t
40671,798,71,2020,1032,Turkish Grand Prix,14,2020-11-15,63,Istanbul Park,Turkey,1032,4089,R,Race,False,3,15,Sebastian,Vettel,VET,5,6,Ferrari,3449,11,58,t
40674,843,71,2020,1032,Turkish Grand Prix,14,2020-11-15,63,Istanbul Park,Turkey,1032,4089,R,Race,False,4,12,Charles,Leclerc,LEC,16,6,Ferrari,3441,12,58,t
40677,830,71,2020,1032,Turkish Grand Prix,14,2020-11-15,63,Istanbul Park,Turkey,1032,4089,R,Race,False,5,10,Carlos,Sainz,SAI,55,117,McLaren,3444,15,58,t
40680,831,71,2020,1032,Turkish Grand Prix,14,2020-11-15,63,Istanbul Park,Turkey,1032,4089,R,Race,False,6,8,Max,Verstappen,VER,33,191,Red Bull,3459,2,58,t
40684,846,71,2020,1032,Turkish Grand Prix,14,2020-11-15,63,Istanbul Park,Turkey,1032,4089,R,Race,False,7,6,Alexander,Albon,ALB,23,191,Red Bull,3452,4,58,t
40688,845,71,2020,1032,Turkish Grand Prix,14,2020-11-15,63,Istanbul Park,Turkey,1032,4089,R,Race,False,8,5,Lando,Norris,NOR,4,117,McLaren,3442,14,58,t
40691,840,71,2020,1032,Turkish Grand Prix,14,2020-11-15,63,Istanbul Park,Turkey,1032,4089,R,Race,False,9,2,Lance,Stroll,STR,18,208,Racing Point,3457,1,58,t
40695,816,71,2020,1032,Turkish Grand Prix,14,2020-11-15,63,Istanbul Park,Turkey,1032,4089,R,Race,False,10,1,Daniel,Ricciardo,RIC,3,152,Renault,3458,5,58,t
40699,838,71,2020,1032,Turkish Grand Prix,14,2020-11-15,63,Istanbul Park,Turkey,1032,4089,R,Race,False,11,0,Esteban,Ocon,OCO,31,152,Renault,3447,7,57,t
40703,825,71,2020,1032,Turkish Grand Prix,14,2020-11-15,63,Istanbul Park,Turkey,1032,4089,R,Race,False,12,0,Daniil,Kvyat,KVY,26,209,AlphaTauri,3451,16,57,t
40705,841,71,2020,1032,Turkish Grand Prix,14,2020-11-15,63,Istanbul Park,Turkey,1032,4089,R,Race,False,13,0,Pierre,Gasly,GAS,10,209,AlphaTauri,3446,19,57,t
40708,820,71,2020,1032,Turkish Grand Prix,14,2020-11-15,63,Istanbul Park,Turkey,1032,4089,R,Race,False,14,0,Valtteri,Bottas,BOT,77,48,Mercedes,3440,9,57,t
40712,762,71,2020,1032,Turkish Grand Prix,14,2020-11-15,63,Istanbul Park,Turkey,1032,4089,R,Race,False,15,0,Kimi,Räikkönen,RAI,7,1,Alfa Romeo,3453,8,57,t
40716,847,71,2020,1032,Turkish Grand Prix,14,2020-11-15,63,Istanbul Park,Turkey,1032,4089,R,Race,False,16,0,George,Russell,RUS,63,141,Williams,3454,0,57,t
40718,824,71,2020,1032,Turkish Grand Prix,14,2020-11-15,63,Istanbul Park,Turkey,1032,4089,R,Race,False,17,0,Kevin,Magnussen,MAG,20,207,Haas F1 Team,3456,13,55,t
40720,805,71,2020,1032,Turkish Grand Prix,14,2020-11-15,63,Istanbul Park,Turkey,1032,4089,R,Race,False,18,0,Romain,Grosjean,GRO,8,207,Haas F1 Team,3455,17,49,f
40722,848,71,2020,1032,Turkish Grand Prix,14,2020-11-15,63,Istanbul Park,Turkey,1032,4089,R,Race,False,19,0,Nicholas,Latifi,LAT,6,141,Williams,3450,0,39,f
40724,839,71,2020,1032,Turkish Grand Prix,14,2020-11-15,63,Istanbul Park,Turkey,1032,4089,R,Race,False,20,0,Antonio,Giovinazzi,GIO,99,1,Alfa Romeo,3448,10,11,f
40728,795,71,2020,1033,Bahrain Grand Prix,15,2020-11-29,61,Bahrain International Circuit,Bahrain,1033,4096,R,Race,False,1,25,Lewis,Hamilton,HAM,44,48,Mercedes,3443,1,57,t
40732,831,71,2020,1033,Bahrain Grand Prix,15,2020-11-29,61,Bahrain International Circuit,Bahrain,1033,4096,R,Race,False,2,19,Max,Verstappen,VER,33,191,Red Bull,3459,3,57,t
40736,846,71,2020,1033,Bahrain Grand Prix,15,2020-11-29,61,Bahrain International Circuit,Bahrain,1033,4096,R,Race,False,3,15,Alexander,Albon,ALB,23,191,Red Bull,3452,4,57,t
40740,845,71,2020,1033,Bahrain Grand Prix,15,2020-11-29,61,Bahrain International Circuit,Bahrain,1033,4096,R,Race,False,4,12,Lando,Norris,NOR,4,117,McLaren,3442,9,57,t
40744,830,71,2020,1033,Bahrain Grand Prix,15,2020-11-29,61,Bahrain International Circuit,Bahrain,1033,4096,R,Race,False,5,10,Carlos,Sainz,SAI,55,117,McLaren,3444,15,57,t
40746,841,71,2020,1033,Bahrain Grand Prix,15,2020-11-29,61,Bahrain International Circuit,Bahrain,1033,4096,R,Race,False,6,8,Pierre,Gasly,GAS,10,209,AlphaTauri,3446,8,57,t
40750,816,71,2020,1033,Bahrain Grand Prix,15,2020-11-29,61,Bahrain International Circuit,Bahrain,1033,4096,R,Race,False,7,6,Daniel,Ricciardo,RIC,3,152,Renault,3458,6,57,t
40754,820,71,2020,1033,Bahrain Grand Prix,15,2020-11-29,61,Bahrain International Circuit,Bahrain,1033,4096,R,Race,False,8,4,Valtteri,Bottas,BOT,77,48,Mercedes,3440,2,57,t
40758,838,71,2020,1033,Bahrain Grand Prix,15,2020-11-29,61,Bahrain International Circuit,Bahrain,1033,4096,R,Race,False,9,2,Esteban,Ocon,OCO,31,152,Renault,3447,7,57,t
40762,843,71,2020,1033,Bahrain Grand Prix,15,2020-11-29,61,Bahrain International Circuit,Bahrain,1033,4096,R,Race,False,10,1,Charles,Leclerc,LEC,16,6,Ferrari,3441,12,56,t
40765,825,71,2020,1033,Bahrain Grand Prix,15,2020-11-29,61,Bahrain International Circuit,Bahrain,1033,4096,R,Race,False,11,0,Daniil,Kvyat,KVY,26,209,AlphaTauri,3451,10,56,t
40769,847,71,2020,1033,Bahrain Grand Prix,15,2020-11-29,61,Bahrain International Circuit,Bahrain,1033,4096,R,Race,False,12,0,George,Russell,RUS,63,141,Williams,3454,14,56,t
40772,798,71,2020,1033,Bahrain Grand Prix,15,2020-11-29,61,Bahrain International Circuit,Bahrain,1033,4096,R,Race,False,13,0,Sebastian,Vettel,VET,5,6,Ferrari,3449,11,56,t
40775,848,71,2020,1033,Bahrain Grand Prix,15,2020-11-29,61,Bahrain International Circuit,Bahrain,1033,4096,R,Race,False,14,0,Nicholas,Latifi,LAT,6,141,Williams,3450,20,56,t
40777,762,71,2020,1033,Bahrain Grand Prix,15,2020-11-29,61,Bahrain International Circuit,Bahrain,1033,4096,R,Race,False,15,0,Kimi,Räikkönen,RAI,7,1,Alfa Romeo,3453,17,56,t
40779,839,71,2020,1033,Bahrain Grand Prix,15,2020-11-29,61,Bahrain International Circuit,Bahrain,1033,4096,R,Race,False,16,0,Antonio,Giovinazzi,GIO,99,1,Alfa Romeo,3448,16,56,t
40781,824,71,2020,1033,Bahrain Grand Prix,15,2020-11-29,61,Bahrain International Circuit,Bahrain,1033,4096,R,Race,False,17,0,Kevin,Magnussen,MAG,20,207,Haas F1 Team,3456,18,56,t
40783,815,71,2020,1033,Bahrain Grand Prix,15,2020-11-29,61,Bahrain International Circuit,Bahrain,1033,4096,R,Race,False,18,0,Sergio,Pérez,PER,11,208,Racing Point,3445,5,53,t
40787,840,71,2020,1033,Bahrain Grand Prix,15,2020-11-29,61,Bahrain International Circuit,Bahrain,1033,4096,R,Race,False,19,0,Lance,Stroll,STR,18,208,Racing Point,3457,13,2,f
40790,805,71,2020,1033,Bahrain Grand Prix,15,2020-11-29,61,Bahrain International Circuit,Bahrain,1033,4096,R,Race,False,20,0,Romain,Grosjean,GRO,8,207,Haas F1 Team,3455,19,0,f
40792,815,71,2020,1034,Sakhir Grand Prix,16,2020-12-06,61,Bahrain International Circuit,Bahrain,1034,4103,R,Race,False,1,25,Sergio,Pérez,PER,11,208,Racing Point,3445,5,87,t
40796,838,71,2020,1034,Sakhir Grand Prix,16,2020-12-06,61,Bahrain International Circuit,Bahrain,1034,4103,R,Race,False,2,18,Esteban,Ocon,OCO,31,152,Renault,3447,11,87,t
40799,840,71,2020,1034,Sakhir Grand Prix,16,2020-12-06,61,Bahrain International Circuit,Bahrain,1034,4103,R,Race,False,3,15,Lance,Stroll,STR,18,208,Racing Point,3457,10,87,t
40803,830,71,2020,1034,Sakhir Grand Prix,16,2020-12-06,61,Bahrain International Circuit,Bahrain,1034,4103,R,Race,False,4,12,Carlos,Sainz,SAI,55,117,McLaren,3444,8,87,t
40807,816,71,2020,1034,Sakhir Grand Prix,16,2020-12-06,61,Bahrain International Circuit,Bahrain,1034,4103,R,Race,False,5,10,Daniel,Ricciardo,RIC,3,152,Renault,3458,7,87,t
40811,846,71,2020,1034,Sakhir Grand Prix,16,2020-12-06,61,Bahrain International Circuit,Bahrain,1034,4103,R,Race,False,6,8,Alexander,Albon,ALB,23,191,Red Bull,3452,12,87,t
40814,825,71,2020,1034,Sakhir Grand Prix,16,2020-12-06,61,Bahrain International Circuit,Bahrain,1034,4103,R,Race,False,7,6,Daniil,Kvyat,KVY,26,209,AlphaTauri,3451,6,87,t
40818,820,71,2020,1034,Sakhir Grand Prix,16,2020-12-06,61,Bahrain International Circuit,Bahrain,1034,4103,R,Race,False,8,4,Valtteri,Bottas,BOT,77,48,Mercedes,3440,1,87,t
40822,847,71,2020,1034,Sakhir Grand Prix,16,2020-12-06,61,Bahrain International Circuit,Bahrain,1034,4103,R,Race,False,9,3,George,Russell,RUS,63,48,Mercedes,3461,2,87,t
40826,845,71,2020,1034,Sakhir Grand Prix,16,2020-12-06,61,Bahrain International Circuit,Bahrain,1034,4103,R,Race,False,10,1,Lando,Norris,NOR,4,117,McLaren,3442,19,87,t
40829,841,71,2020,1034,Sakhir Grand Prix,16,2020-12-06,61,Bahrain International Circuit,Bahrain,1034,4103,R,Race,False,11,0,Pierre,Gasly,GAS,10,209,AlphaTauri,3446,9,87,t
40833,798,71,2020,1034,Sakhir Grand Prix,16,2020-12-06,61,Bahrain International Circuit,Bahrain,1034,4103,R,Race,False,12,0,Sebastian,Vettel,VET,5,6,Ferrari,3449,13,87,t
40836,839,71,2020,1034,Sakhir Grand Prix,16,2020-12-06,61,Bahrain International Circuit,Bahrain,1034,4103,R,Race,False,13,0,Antonio,Giovinazzi,GIO,99,1,Alfa Romeo,3448,14,87,t
40839,762,71,2020,1034,Sakhir Grand Prix,16,2020-12-06,61,Bahrain International Circuit,Bahrain,1034,4103,R,Race,False,14,0,Kimi,Räikkönen,RAI,7,1,Alfa Romeo,3453,18,87,t
40841,824,71,2020,1034,Sakhir Grand Prix,16,2020-12-06,61,Bahrain International Circuit,Bahrain,1034,4103,R,Race,False,15,0,Kevin,Magnussen,MAG,20,207,Haas F1 Team,3456,15,87,t
40843,849,71,2020,1034,Sakhir Grand Prix,16,2020-12-06,61,Bahrain International Circuit,Bahrain,1034,4103,R,Race,False,16,0,Jack,Aitken,AIT,89,141,Williams,3462,17,87,t
40845,850,71,2020,1034,Sakhir Grand Prix,16,2020-12-06,61,Bahrain International Circuit,Bahrain,1034,4103,R,Race,False,17,0,Pietro,Fittipaldi,FIT,51,207,Haas F1 Team,3463,20,87,t
40847,848,71,2020,1034,Sakhir Grand Prix,16,2020-12-06,61,Bahrain International Circuit,Bahrain,1034,4103,R,Race,False,18,0,Nicholas,Latifi,LAT,6,141,Williams,3450,16,52,f
40849,831,71,2020,1034,Sakhir Grand Prix,16,2020-12-06,61,Bahrain International Circuit,Bahrain,1034,4103,R,Race,False,19,0,Max,Verstappen,VER,33,191,Red Bull,3459,3,0,f
40853,843,71,2020,1034,Sakhir Grand Prix,16,2020-12-06,61,Bahrain International Circuit,Bahrain,1034,4103,R,Race,False,20,0,Charles,Leclerc,LEC,16,6,Ferrari,3441,4,0,f
40857,831,71,2020,1035,Abu Dhabi Grand Prix,17,2020-12-13,66,Yas Marina Circuit,UAE,1035,4110,R,Race,False,1,25,Max,Verstappen,VER,33,191,Red Bull,3459,1,55,t
40861,820,71,2020,1035,Abu Dhabi Grand Prix,17,2020-12-13,66,Yas Marina Circuit,UAE,1035,4110,R,Race,False,2,18,Valtteri,Bottas,BOT,77,48,Mercedes,3440,2,55,t
40865,795,71,2020,1035,Abu Dhabi Grand Prix,17,2020-12-13,66,Yas Marina Circuit,UAE,1035,4110,R,Race,False,3,15,Lewis,Hamilton,HAM,44,48,Mercedes,3443,3,55,t
40869,846,71,2020,1035,Abu Dhabi Grand Prix,17,2020-12-13,66,Yas Marina Circuit,UAE,1035,4110,R,Race,False,4,12,Alexander,Albon,ALB,23,191,Red Bull,3452,5,55,t
40873,845,71,2020,1035,Abu Dhabi Grand Prix,17,2020-12-13,66,Yas Marina Circuit,UAE,1035,4110,R,Race,False,5,10,Lando,Norris,NOR,4,117,McLaren,3442,4,55,t
40877,830,71,2020,1035,Abu Dhabi Grand Prix,17,2020-12-13,66,Yas Marina Circuit,UAE,1035,4110,R,Race,False,6,8,Carlos,Sainz,SAI,55,117,McLaren,3444,6,55,t
40881,816,71,2020,1035,Abu Dhabi Grand Prix,17,2020-12-13,66,Yas Marina Circuit,UAE,1035,4110,R,Race,False,7,7,Daniel,Ricciardo,RIC,3,152,Renault,3458,11,55,t
40884,841,71,2020,1035,Abu Dhabi Grand Prix,17,2020-12-13,66,Yas Marina Circuit,UAE,1035,4110,R,Race,False,8,4,Pierre,Gasly,GAS,10,209,AlphaTauri,3446,9,55,t
40888,838,71,2020,1035,Abu Dhabi Grand Prix,17,2020-12-13,66,Yas Marina Circuit,UAE,1035,4110,R,Race,False,9,2,Esteban,Ocon,OCO,31,152,Renault,3447,10,55,t
40891,840,71,2020,1035,Abu Dhabi Grand Prix,17,2020-12-13,66,Yas Marina Circuit,UAE,1035,4110,R,Race,False,10,1,Lance,Stroll,STR,18,208,Racing Point,3457,8,55,t
40895,825,71,2020,1035,Abu Dhabi Grand Prix,17,2020-12-13,66,Yas Marina Circuit,UAE,1035,4110,R,Race,False,11,0,Daniil,Kvyat,KVY,26,209,AlphaTauri,3451,7,54,t
40899,762,71,2020,1035,Abu Dhabi Grand Prix,17,2020-12-13,66,Yas Marina Circuit,UAE,1035,4110,R,Race,False,12,0,Kimi,Räikkönen,RAI,7,1,Alfa Romeo,3453,15,54,t
40901,843,71,2020,1035,Abu Dhabi Grand Prix,17,2020-12-13,66,Yas Marina Circuit,UAE,1035,4110,R,Race,False,13,0,Charles,Leclerc,LEC,16,6,Ferrari,3441,12,54,t
40905,798,71,2020,1035,Abu Dhabi Grand Prix,17,2020-12-13,66,Yas Marina Circuit,UAE,1035,4110,R,Race,False,14,0,Sebastian,Vettel,VET,5,6,Ferrari,3449,13,54,t
40908,847,71,2020,1035,Abu Dhabi Grand Prix,17,2020-12-13,66,Yas Marina Circuit,UAE,1035,4110,R,Race,False,15,0,George,Russell,RUS,63,141,Williams,3454,16,54,t
40910,839,71,2020,1035,Abu Dhabi Grand Prix,17,2020-12-13,66,Yas Marina Circuit,UAE,1035,4110,R,Race,False,16,0,Antonio,Giovinazzi,GIO,99,1,Alfa Romeo,3448,14,54,t
40913,848,71,2020,1035,Abu Dhabi Grand Prix,17,2020-12-13,66,Yas Marina Circuit,UAE,1035,4110,R,Race,False,17,0,Nicholas,Latifi,LAT,6,141,Williams,3450,18,54,t
40915,824,71,2020,1035,Abu Dhabi Grand Prix,17,2020-12-13,66,Yas Marina Circuit,UAE,1035,4110,R,Race,False,18,0,Kevin,Magnussen,MAG,20,207,Haas F1 Team,3456,20,54,t
40917,850,71,2020,1035,Abu Dhabi Grand Prix,17,2020-12-13,66,Yas Marina Circuit,UAE,1035,4110,R,Race,False,19,0,Pietro,Fittipaldi,FIT,51,207,Haas F1 Team,3463,17,53,t
40919,815,71,2020,1035,Abu Dhabi Grand Prix,17,2020-12-13,66,Yas Marina Circuit,UAE,1035,4110,R,Race,False,20,0,Sergio,Pérez,PER,11,208,Racing Point,3445,19,8,f
40921,795,72,2021,1036,Bahrain Grand Prix,1,2021-03-28,61,Bahrain International Circuit,Bahrain,1036,4117,R,Race,False,1,25,Lewis,Hamilton,HAM,44,48,Mercedes,3464,2,56,t
40925,831,72,2021,1036,Bahrain Grand Prix,1,2021-03-28,61,Bahrain International Circuit,Bahrain,1036,4117,R,Race,False,2,18,Max,Verstappen,VER,33,191,Red Bull,3465,1,56,t
40929,820,72,2021,1036,Bahrain Grand Prix,1,2021-03-28,61,Bahrain International Circuit,Bahrain,1036,4117,R,Race,False,3,16,Valtteri,Bottas,BOT,77,48,Mercedes,3466,3,56,t
40933,845,72,2021,1036,Bahrain Grand Prix,1,2021-03-28,61,Bahrain International Circuit,Bahrain,1036,4117,R,Race,False,4,12,Lando,Norris,NOR,4,117,McLaren,3467,7,56,t
40937,815,72,2021,1036,Bahrain Grand Prix,1,2021-03-28,61,Bahrain International Circuit,Bahrain,1036,4117,R,Race,False,5,10,Sergio,Pérez,PER,11,191,Red Bull,3468,0,56,t
40940,843,72,2021,1036,Bahrain Grand Prix,1,2021-03-28,61,Bahrain International Circuit,Bahrain,1036,4117,R,Race,False,6,8,Charles,Leclerc,LEC,16,6,Ferrari,3469,4,56,t
40944,816,72,2021,1036,Bahrain Grand Prix,1,2021-03-28,61,Bahrain International Circuit,Bahrain,1036,4117,R,Race,False,7,6,Daniel,Ricciardo,RIC,3,117,McLaren,3470,6,56,t
40948,830,72,2021,1036,Bahrain Grand Prix,1,2021-03-28,61,Bahrain International Circuit,Bahrain,1036,4117,R,Race,False,8,4,Carlos,Sainz,SAI,55,6,Ferrari,3471,8,56,t
40952,851,72,2021,1036,Bahrain Grand Prix,1,2021-03-28,61,Bahrain International Circuit,Bahrain,1036,4117,R,Race,False,9,2,Yuki,Tsunoda,TSU,22,209,AlphaTauri,3472,13,56,t
40955,840,72,2021,1036,Bahrain Grand Prix,1,2021-03-28,61,Bahrain International Circuit,Bahrain,1036,4117,R,Race,False,10,1,Lance,Stroll,STR,18,64,Aston Martin,3473,10,56,t
40959,762,72,2021,1036,Bahrain Grand Prix,1,2021-03-28,61,Bahrain International Circuit,Bahrain,1036,4117,R,Race,False,11,0,Kimi,Räikkönen,RAI,7,1,Alfa Romeo,3474,14,56,t
40962,839,72,2021,1036,Bahrain Grand Prix,1,2021-03-28,61,Bahrain International Circuit,Bahrain,1036,4117,R,Race,False,12,0,Antonio,Giovinazzi,GIO,99,1,Alfa Romeo,3475,12,55,t
40965,838,72,2021,1036,Bahrain Grand Prix,1,2021-03-28,61,Bahrain International Circuit,Bahrain,1036,4117,R,Race,False,13,0,Esteban,Ocon,OCO,31,210,Alpine F1 Team,3476,16,55,t
40967,847,72,2021,1036,Bahrain Grand Prix,1,2021-03-28,61,Bahrain International Circuit,Bahrain,1036,4117,R,Race,False,14,0,George,Russell,RUS,63,141,Williams,3477,15,55,t
40970,798,72,2021,1036,Bahrain Grand Prix,1,2021-03-28,61,Bahrain International Circuit,Bahrain,1036,4117,R,Race,False,15,0,Sebastian,Vettel,VET,5,64,Aston Martin,3478,20,55,t
40972,852,72,2021,1036,Bahrain Grand Prix,1,2021-03-28,61,Bahrain International Circuit,Bahrain,1036,4117,R,Race,False,16,0,Mick,Schumacher,MSC,47,207,Haas F1 Team,3479,18,55,t
40974,841,72,2021,1036,Bahrain Grand Prix,1,2021-03-28,61,Bahrain International Circuit,Bahrain,1036,4117,R,Race,False,17,0,Pierre,Gasly,GAS,10,209,AlphaTauri,3480,5,52,t
40978,848,72,2021,1036,Bahrain Grand Prix,1,2021-03-28,61,Bahrain International Circuit,Bahrain,1036,4117,R,Race,False,18,0,Nicholas,Latifi,LAT,6,141,Williams,3481,17,51,t
40980,763,72,2021,1036,Bahrain Grand Prix,1,2021-03-28,61,Bahrain International Circuit,Bahrain,1036,4117,R,Race,False,19,0,Fernando,Alonso,ALO,14,210,Alpine F1 Team,3482,9,32,f
40984,853,72,2021,1036,Bahrain Grand Prix,1,2021-03-28,61,Bahrain International Circuit,Bahrain,1036,4117,R,Race,False,20,0,Nikita,Mazepin,MAZ,9,207,Haas F1 Team,3483,19,0,f
40986,831,72,2021,1037,Emilia Romagna Grand Prix,2,2021-04-18,45,Autodromo Enzo e Dino Ferrari,Italy,1037,4124,R,Race,False,1,25,Max,Verstappen,VER,33,191,Red Bull,3465,3,63,t
40990,795,72,2021,1037,Emilia Romagna Grand Prix,2,2021-04-18,45,Autodromo Enzo e Dino Ferrari,Italy,1037,4124,R,Race,False,2,19,Lewis,Hamilton,HAM,44,48,Mercedes,3464,1,63,t
40994,845,72,2021,1037,Emilia Romagna Grand Prix,2,2021-04-18,45,Autodromo Enzo e Dino Ferrari,Italy,1037,4124,R,Race,False,3,15,Lando,Norris,NOR,4,117,McLaren,3467,7,63,t
40998,843,72,2021,1037,Emilia Romagna Grand Prix,2,2021-04-18,45,Autodromo Enzo e Dino Ferrari,Italy,1037,4124,R,Race,False,4,12,Charles,Leclerc,LEC,16,6,Ferrari,3469,4,63,t
41002,830,72,2021,1037,Emilia Romagna Grand Prix,2,2021-04-18,45,Autodromo Enzo e Dino Ferrari,Italy,1037,4124,R,Race,False,5,10,Carlos,Sainz,SAI,55,6,Ferrari,3471,11,63,t
41005,816,72,2021,1037,Emilia Romagna Grand Prix,2,2021-04-18,45,Autodromo Enzo e Dino Ferrari,Italy,1037,4124,R,Race,False,6,8,Daniel,Ricciardo,RIC,3,117,McLaren,3470,6,63,t
41009,841,72,2021,1037,Emilia Romagna Grand Prix,2,2021-04-18,45,Autodromo Enzo e Dino Ferrari,Italy,1037,4124,R,Race,False,7,6,Pierre,Gasly,GAS,10,209,AlphaTauri,3480,5,63,t
41013,840,72,2021,1037,Emilia Romagna Grand Prix,2,2021-04-18,45,Autodromo Enzo e Dino Ferrari,Italy,1037,4124,R,Race,False,8,4,Lance,Stroll,STR,18,64,Aston Martin,3473,10,63,t
41016,838,72,2021,1037,Emilia Romagna Grand Prix,2,2021-04-18,45,Autodromo Enzo e Dino Ferrari,Italy,1037,4124,R,Race,False,9,2,Esteban,Ocon,OCO,31,210,Alpine F1 Team,3476,9,63,t
41020,763,72,2021,1037,Emilia Romagna Grand Prix,2,2021-04-18,45,Autodromo Enzo e Dino Ferrari,Italy,1037,4124,R,Race,False,10,1,Fernando,Alonso,ALO,14,210,Alpine F1 Team,3482,15,63,t
41023,815,72,2021,1037,Emilia Romagna Grand Prix,2,2021-04-18,45,Autodromo Enzo e Dino Ferrari,Italy,1037,4124,R,Race,False,11,0,Sergio,Pérez,PER,11,191,Red Bull,3468,2,63,t
41027,851,72,2021,1037,Emilia Romagna Grand Prix,2,2021-04-18,45,Autodromo Enzo e Dino Ferrari,Italy,1037,4124,R,Race,False,12,0,Yuki,Tsunoda,TSU,22,209,AlphaTauri,3472,20,63,t
41029,762,72,2021,1037,Emilia Romagna Grand Prix,2,2021-04-18,45,Autodromo Enzo e Dino Ferrari,Italy,1037,4124,R,Race,False,13,0,Kimi,Räikkönen,RAI,7,1,Alfa Romeo,3474,16,63,t
41031,839,72,2021,1037,Emilia Romagna Grand Prix,2,2021-04-18,45,Autodromo Enzo e Dino Ferrari,Italy,1037,4124,R,Race,False,14,0,Antonio,Giovinazzi,GIO,99,1,Alfa Romeo,3475,17,62,t
41033,798,72,2021,1037,Emilia Romagna Grand Prix,2,2021-04-18,45,Autodromo Enzo e Dino Ferrari,Italy,1037,4124,R,Race,False,15,0,Sebastian,Vettel,VET,5,64,Aston Martin,3478,0,61,t
41036,852,72,2021,1037,Emilia Romagna Grand Prix,2,2021-04-18,45,Autodromo Enzo e Dino Ferrari,Italy,1037,4124,R,Race,False,16,0,Mick,Schumacher,MSC,47,207,Haas F1 Team,3479,18,61,t
41038,853,72,2021,1037,Emilia Romagna Grand Prix,2,2021-04-18,45,Autodromo Enzo e Dino Ferrari,Italy,1037,4124,R,Race,False,17,0,Nikita,Mazepin,MAZ,9,207,Haas F1 Team,3483,19,61,t
41040,820,72,2021,1037,Emilia Romagna Grand Prix,2,2021-04-18,45,Autodromo Enzo e Dino Ferrari,Italy,1037,4124,R,Race,False,18,0,Valtteri,Bottas,BOT,77,48,Mercedes,3466,8,30,f
41044,847,72,2021,1037,Emilia Romagna Grand Prix,2,2021-04-18,45,Autodromo Enzo e Dino Ferrari,Italy,1037,4124,R,Race,False,19,0,George,Russell,RUS,63,141,Williams,3477,12,30,f
41047,848,72,2021,1037,Emilia Romagna Grand Prix,2,2021-04-18,45,Autodromo Enzo e Dino Ferrari,Italy,1037,4124,R,Race,False,20,0,Nicholas,Latifi,LAT,6,141,Williams,3481,14,0,f
41050,795,72,2021,1038,Portuguese Grand Prix,3,2021-05-02,73,Autódromo Internacional do Algarve,Portugal,1038,4131,R,Race,False,1,25,Lewis,Hamilton,HAM,44,48,Mercedes,3464,2,66,t
41054,831,72,2021,1038,Portuguese Grand Prix,3,2021-05-02,73,Autódromo Internacional do Algarve,Portugal,1038,4131,R,Race,False,2,18,Max,Verstappen,VER,33,191,Red Bull,3465,3,66,t
41058,820,72,2021,1038,Portuguese Grand Prix,3,2021-05-02,73,Autódromo Internacional do Algarve,Portugal,1038,4131,R,Race,False,3,16,Valtteri,Bottas,BOT,77,48,Mercedes,3466,1,66,t
41062,815,72,2021,1038,Portuguese Grand Prix,3,2021-05-02,73,Autódromo Internacional do Algarve,Portugal,1038,4131,R,Race,False,4,12,Sergio,Pérez,PER,11,191,Red Bull,3468,4,66,t
41066,845,72,2021,1038,Portuguese Grand Prix,3,2021-05-02,73,Autódromo Internacional do Algarve,Portugal,1038,4131,R,Race,False,5,10,Lando,Norris,NOR,4,117,McLaren,3467,7,66,t
41070,843,72,2021,1038,Portuguese Grand Prix,3,2021-05-02,73,Autódromo Internacional do Algarve,Portugal,1038,4131,R,Race,False,6,8,Charles,Leclerc,LEC,16,6,Ferrari,3469,8,66,t
41074,838,72,2021,1038,Portuguese Grand Prix,3,2021-05-02,73,Autódromo Internacional do Algarve,Portugal,1038,4131,R,Race,False,7,6,Esteban,Ocon,OCO,31,210,Alpine F1 Team,3476,6,66,t
41078,763,72,2021,1038,Portuguese Grand Prix,3,2021-05-02,73,Autódromo Internacional do Algarve,Portugal,1038,4131,R,Race,False,8,4,Fernando,Alonso,ALO,14,210,Alpine F1 Team,3482,13,66,t
41081,816,72,2021,1038,Portuguese Grand Prix,3,2021-05-02,73,Autódromo Internacional do Algarve,Portugal,1038,4131,R,Race,False,9,2,Daniel,Ricciardo,RIC,3,117,McLaren,3470,16,66,t
41083,841,72,2021,1038,Portuguese Grand Prix,3,2021-05-02,73,Autódromo Internacional do Algarve,Portugal,1038,4131,R,Race,False,10,1,Pierre,Gasly,GAS,10,209,AlphaTauri,3480,9,66,t
41087,830,72,2021,1038,Portuguese Grand Prix,3,2021-05-02,73,Autódromo Internacional do Algarve,Portugal,1038,4131,R,Race,False,11,0,Carlos,Sainz,SAI,55,6,Ferrari,3471,5,66,t
41091,839,72,2021,1038,Portuguese Grand Prix,3,2021-05-02,73,Autódromo Internacional do Algarve,Portugal,1038,4131,R,Race,False,12,0,Antonio,Giovinazzi,GIO,99,1,Alfa Romeo,3475,12,65,t
41094,798,72,2021,1038,Portuguese Grand Prix,3,2021-05-02,73,Autódromo Internacional do Algarve,Portugal,1038,4131,R,Race,False,13,0,Sebastian,Vettel,VET,5,64,Aston Martin,3478,10,65,t
41098,840,72,2021,1038,Portuguese Grand Prix,3,2021-05-02,73,Autódromo Internacional do Algarve,Portugal,1038,4131,R,Race,False,14,0,Lance,Stroll,STR,18,64,Aston Martin,3473,17,65,t
41100,851,72,2021,1038,Portuguese Grand Prix,3,2021-05-02,73,Autódromo Internacional do Algarve,Portugal,1038,4131,R,Race,False,15,0,Yuki,Tsunoda,TSU,22,209,AlphaTauri,3472,14,65,t
41103,847,72,2021,1038,Portuguese Grand Prix,3,2021-05-02,73,Autódromo Internacional do Algarve,Portugal,1038,4131,R,Race,False,16,0,George,Russell,RUS,63,141,Williams,3477,11,65,t
41106,852,72,2021,1038,Portuguese Grand Prix,3,2021-05-02,73,Autódromo Internacional do Algarve,Portugal,1038,4131,R,Race,False,17,0,Mick,Schumacher,MSC,47,207,Haas F1 Team,3479,19,64,t
41108,848,72,2021,1038,Portuguese Grand Prix,3,2021-05-02,73,Autódromo Internacional do Algarve,Portugal,1038,4131,R,Race,False,18,0,Nicholas,Latifi,LAT,6,141,Williams,3481,18,64,t
41110,853,72,2021,1038,Portuguese Grand Prix,3,2021-05-02,73,Autódromo Internacional do Algarve,Portugal,1038,4131,R,Race,False,19,0,Nikita,Mazepin,MAZ,9,207,Haas F1 Team,3483,20,64,t
41112,762,72,2021,1038,Portuguese Grand Prix,3,2021-05-02,73,Autódromo Internacional do Algarve,Portugal,1038,4131,R,Race,False,20,0,Kimi,Räikkönen,RAI,7,1,Alfa Romeo,3474,15,1,f
41115,795,72,2021,1039,Spanish Grand Prix,4,2021-05-09,56,Circuit de Barcelona-Catalunya,Spain,1039,4138,R,Race,False,1,25,Lewis,Hamilton,HAM,44,48,Mercedes,3464,1,66,t
41119,831,72,2021,1039,Spanish Grand Prix,4,2021-05-09,56,Circuit de Barcelona-Catalunya,Spain,1039,4138,R,Race,False,2,19,Max,Verstappen,VER,33,191,Red Bull,3465,2,66,t
41123,820,72,2021,1039,Spanish Grand Prix,4,2021-05-09,56,Circuit de Barcelona-Catalunya,Spain,1039,4138,R,Race,False,3,15,Valtteri,Bottas,BOT,77,48,Mercedes,3466,3,66,t
41127,843,72,2021,1039,Spanish Grand Prix,4,2021-05-09,56,Circuit de Barcelona-Catalunya,Spain,1039,4138,R,Race,False,4,12,Charles,Leclerc,LEC,16,6,Ferrari,3469,4,66,t
41131,815,72,2021,1039,Spanish Grand Prix,4,2021-05-09,56,Circuit de Barcelona-Catalunya,Spain,1039,4138,R,Race,False,5,10,Sergio,Pérez,PER,11,191,Red Bull,3468,8,66,t
41135,816,72,2021,1039,Spanish Grand Prix,4,2021-05-09,56,Circuit de Barcelona-Catalunya,Spain,1039,4138,R,Race,False,6,8,Daniel,Ricciardo,RIC,3,117,McLaren,3470,7,66,t
41139,830,72,2021,1039,Spanish Grand Prix,4,2021-05-09,56,Circuit de Barcelona-Catalunya,Spain,1039,4138,R,Race,False,7,6,Carlos,Sainz,SAI,55,6,Ferrari,3471,6,66,t
41143,845,72,2021,1039,Spanish Grand Prix,4,2021-05-09,56,Circuit de Barcelona-Catalunya,Spain,1039,4138,R,Race,False,8,4,Lando,Norris,NOR,4,117,McLaren,3467,9,65,t
41147,838,72,2021,1039,Spanish Grand Prix,4,2021-05-09,56,Circuit de Barcelona-Catalunya,Spain,1039,4138,R,Race,False,9,2,Esteban,Ocon,OCO,31,210,Alpine F1 Team,3476,5,65,t
41151,841,72,2021,1039,Spanish Grand Prix,4,2021-05-09,56,Circuit de Barcelona-Catalunya,Spain,1039,4138,R,Race,False,10,1,Pierre,Gasly,GAS,10,209,AlphaTauri,3480,12,65,t
41154,840,72,2021,1039,Spanish Grand Prix,4,2021-05-09,56,Circuit de Barcelona-Catalunya,Spain,1039,4138,R,Race,False,11,0,Lance,Stroll,STR,18,64,Aston Martin,3473,11,65,t
41157,762,72,2021,1039,Spanish Grand Prix,4,2021-05-09,56,Circuit de Barcelona-Catalunya,Spain,1039,4138,R,Race,False,12,0,Kimi,Räikkönen,RAI,7,1,Alfa Romeo,3474,17,65,t
41159,798,72,2021,1039,Spanish Grand Prix,4,2021-05-09,56,Circuit de Barcelona-Catalunya,Spain,1039,4138,R,Race,False,13,0,Sebastian,Vettel,VET,5,64,Aston Martin,3478,13,65,t
41162,847,72,2021,1039,Spanish Grand Prix,4,2021-05-09,56,Circuit de Barcelona-Catalunya,Spain,1039,4138,R,Race,False,14,0,George,Russell,RUS,63,141,Williams,3477,15,65,t
41165,839,72,2021,1039,Spanish Grand Prix,4,2021-05-09,56,Circuit de Barcelona-Catalunya,Spain,1039,4138,R,Race,False,15,0,Antonio,Giovinazzi,GIO,99,1,Alfa Romeo,3475,14,65,t
41168,848,72,2021,1039,Spanish Grand Prix,4,2021-05-09,56,Circuit de Barcelona-Catalunya,Spain,1039,4138,R,Race,False,16,0,Nicholas,Latifi,LAT,6,141,Williams,3481,19,65,t
41170,763,72,2021,1039,Spanish Grand Prix,4,2021-05-09,56,Circuit de Barcelona-Catalunya,Spain,1039,4138,R,Race,False,17,0,Fernando,Alonso,ALO,14,210,Alpine F1 Team,3482,10,65,t
41174,852,72,2021,1039,Spanish Grand Prix,4,2021-05-09,56,Circuit de Barcelona-Catalunya,Spain,1039,4138,R,Race,False,18,0,Mick,Schumacher,MSC,47,207,Haas F1 Team,3479,18,64,t
41176,853,72,2021,1039,Spanish Grand Prix,4,2021-05-09,56,Circuit de Barcelona-Catalunya,Spain,1039,4138,R,Race,False,19,0,Nikita,Mazepin,MAZ,9,207,Haas F1 Team,3483,20,64,t
41178,851,72,2021,1039,Spanish Grand Prix,4,2021-05-09,56,Circuit de Barcelona-Catalunya,Spain,1039,4138,R,Race,False,20,0,Yuki,Tsunoda,TSU,22,209,AlphaTauri,3472,16,6,f
41180,831,72,2021,1040,Monaco Grand Prix,5,2021-05-23,2,Circuit de Monaco,Monaco,1040,4145,R,Race,False,1,25,Max,Verstappen,VER,33,191,Red Bull,3465,2,78,t
41184,830,72,2021,1040,Monaco Grand Prix,5,2021-05-23,2,Circuit de Monaco,Monaco,1040,4145,R,Race,False,2,18,Carlos,Sainz,SAI,55,6,Ferrari,3471,4,78,t
41188,845,72,2021,1040,Monaco Grand Prix,5,2021-05-23,2,Circuit de Monaco,Monaco,1040,4145,R,Race,False,3,15,Lando,Norris,NOR,4,117,McLaren,3467,5,78,t
41192,815,72,2021,1040,Monaco Grand Prix,5,2021-05-23,2,Circuit de Monaco,Monaco,1040,4145,R,Race,False,4,12,Sergio,Pérez,PER,11,191,Red Bull,3468,9,78,t
41196,798,72,2021,1040,Monaco Grand Prix,5,2021-05-23,2,Circuit de Monaco,Monaco,1040,4145,R,Race,False,5,10,Sebastian,Vettel,VET,5,64,Aston Martin,3478,8,78,t
41200,841,72,2021,1040,Monaco Grand Prix,5,2021-05-23,2,Circuit de Monaco,Monaco,1040,4145,R,Race,False,6,8,Pierre,Gasly,GAS,10,209,AlphaTauri,3480,6,78,t
41204,795,72,2021,1040,Monaco Grand Prix,5,2021-05-23,2,Circuit de Monaco,Monaco,1040,4145,R,Race,False,7,7,Lewis,Hamilton,HAM,44,48,Mercedes,3464,7,78,t
41208,840,72,2021,1040,Monaco Grand Prix,5,2021-05-23,2,Circuit de Monaco,Monaco,1040,4145,R,Race,False,8,4,Lance,Stroll,STR,18,64,Aston Martin,3473,13,77,t
41211,838,72,2021,1040,Monaco Grand Prix,5,2021-05-23,2,Circuit de Monaco,Monaco,1040,4145,R,Race,False,9,2,Esteban,Ocon,OCO,31,210,Alpine F1 Team,3476,11,77,t
41214,839,72,2021,1040,Monaco Grand Prix,5,2021-05-23,2,Circuit de Monaco,Monaco,1040,4145,R,Race,False,10,1,Antonio,Giovinazzi,GIO,99,1,Alfa Romeo,3475,10,77,t
41218,762,72,2021,1040,Monaco Grand Prix,5,2021-05-23,2,Circuit de Monaco,Monaco,1040,4145,R,Race,False,11,0,Kimi,Räikkönen,RAI,7,1,Alfa Romeo,3474,14,77,t
41221,816,72,2021,1040,Monaco Grand Prix,5,2021-05-23,2,Circuit de Monaco,Monaco,1040,4145,R,Race,False,12,0,Daniel,Ricciardo,RIC,3,117,McLaren,3470,12,77,t
41224,763,72,2021,1040,Monaco Grand Prix,5,2021-05-23,2,Circuit de Monaco,Monaco,1040,4145,R,Race,False,13,0,Fernando,Alonso,ALO,14,210,Alpine F1 Team,3482,17,77,t
41226,847,72,2021,1040,Monaco Grand Prix,5,2021-05-23,2,Circuit de Monaco,Monaco,1040,4145,R,Race,False,14,0,George,Russell,RUS,63,141,Williams,3477,15,77,t
41229,848,72,2021,1040,Monaco Grand Prix,5,2021-05-23,2,Circuit de Monaco,Monaco,1040,4145,R,Race,False,15,0,Nicholas,Latifi,LAT,6,141,Williams,3481,18,77,t
41231,851,72,2021,1040,Monaco Grand Prix,5,2021-05-23,2,Circuit de Monaco,Monaco,1040,4145,R,Race,False,16,0,Yuki,Tsunoda,TSU,22,209,AlphaTauri,3472,16,77,t
41233,853,72,2021,1040,Monaco Grand Prix,5,2021-05-23,2,Circuit de Monaco,Monaco,1040,4145,R,Race,False,17,0,Nikita,Mazepin,MAZ,9,207,Haas F1 Team,3483,19,75,t
41235,852,72,2021,1040,Monaco Grand Prix,5,2021-05-23,2,Circuit de Monaco,Monaco,1040,4145,R,Race,False,18,0,Mick,Schumacher,MSC,47,207,Haas F1 Team,3479,20,75,t
41236,820,72,2021,1040,Monaco Grand Prix,5,2021-05-23,2,Circuit de Monaco,Monaco,1040,4145,R,Race,False,19,0,Valtteri,Bottas,BOT,77,48,Mercedes,3466,3,29,f
41240,843,72,2021,1040,Monaco Grand Prix,5,2021-05-23,2,Circuit de Monaco,Monaco,1040,4145,R,Race,False,20,0,Charles,Leclerc,LEC,16,6,Ferrari,3469,1,0,f
41244,815,72,2021,1041,Azerbaijan Grand Prix,6,2021-06-06,71,Baku City Circuit,Azerbaijan,1041,4152,R,Race,False,1,25,Sergio,Pérez,PER,11,191,Red Bull,3468,6,51,t
41248,798,72,2021,1041,Azerbaijan Grand Prix,6,2021-06-06,71,Baku City Circuit,Azerbaijan,1041,4152,R,Race,False,2,18,Sebastian,Vettel,VET,5,64,Aston Martin,3478,11,51,t
41251,841,72,2021,1041,Azerbaijan Grand Prix,6,2021-06-06,71,Baku City Circuit,Azerbaijan,1041,4152,R,Race,False,3,15,Pierre,Gasly,GAS,10,209,AlphaTauri,3480,4,51,t
41255,843,72,2021,1041,Azerbaijan Grand Prix,6,2021-06-06,71,Baku City Circuit,Azerbaijan,1041,4152,R,Race,False,4,12,Charles,Leclerc,LEC,16,6,Ferrari,3469,1,51,t
41259,845,72,2021,1041,Azerbaijan Grand Prix,6,2021-06-06,71,Baku City Circuit,Azerbaijan,1041,4152,R,Race,False,5,10,Lando,Norris,NOR,4,117,McLaren,3467,9,51,t
41263,763,72,2021,1041,Azerbaijan Grand Prix,6,2021-06-06,71,Baku City Circuit,Azerbaijan,1041,4152,R,Race,False,6,8,Fernando,Alonso,ALO,14,210,Alpine F1 Team,3482,8,51,t
41267,851,72,2021,1041,Azerbaijan Grand Prix,6,2021-06-06,71,Baku City Circuit,Azerbaijan,1041,4152,R,Race,False,7,6,Yuki,Tsunoda,TSU,22,209,AlphaTauri,3472,7,51,t
41271,830,72,2021,1041,Azerbaijan Grand Prix,6,2021-06-06,71,Baku City Circuit,Azerbaijan,1041,4152,R,Race,False,8,4,Carlos,Sainz,SAI,55,6,Ferrari,3471,5,51,t
41275,816,72,2021,1041,Azerbaijan Grand Prix,6,2021-06-06,71,Baku City Circuit,Azerbaijan,1041,4152,R,Race,False,9,2,Daniel,Ricciardo,RIC,3,117,McLaren,3470,13,51,t
41278,762,72,2021,1041,Azerbaijan Grand Prix,6,2021-06-06,71,Baku City Circuit,Azerbaijan,1041,4152,R,Race,False,10,1,Kimi,Räikkönen,RAI,7,1,Alfa Romeo,3474,14,51,t
41281,839,72,2021,1041,Azerbaijan Grand Prix,6,2021-06-06,71,Baku City Circuit,Azerbaijan,1041,4152,R,Race,False,11,0,Antonio,Giovinazzi,GIO,99,1,Alfa Romeo,3475,20,51,t
41283,820,72,2021,1041,Azerbaijan Grand Prix,6,2021-06-06,71,Baku City Circuit,Azerbaijan,1041,4152,R,Race,False,12,0,Valtteri,Bottas,BOT,77,48,Mercedes,3466,10,51,t
41287,852,72,2021,1041,Azerbaijan Grand Prix,6,2021-06-06,71,Baku City Circuit,Azerbaijan,1041,4152,R,Race,False,13,0,Mick,Schumacher,MSC,47,207,Haas F1 Team,3479,17,51,t
41289,853,72,2021,1041,Azerbaijan Grand Prix,6,2021-06-06,71,Baku City Circuit,Azerbaijan,1041,4152,R,Race,False,14,0,Nikita,Mazepin,MAZ,9,207,Haas F1 Team,3483,18,51,t
41291,795,72,2021,1041,Azerbaijan Grand Prix,6,2021-06-06,71,Baku City Circuit,Azerbaijan,1041,4152,R,Race,False,15,0,Lewis,Hamilton,HAM,44,48,Mercedes,3464,2,51,t
41295,848,72,2021,1041,Azerbaijan Grand Prix,6,2021-06-06,71,Baku City Circuit,Azerbaijan,1041,4152,R,Race,False,16,0,Nicholas,Latifi,LAT,6,141,Williams,3481,16,51,t
41297,847,72,2021,1041,Azerbaijan Grand Prix,6,2021-06-06,71,Baku City Circuit,Azerbaijan,1041,4152,R,Race,False,17,0,George,Russell,RUS,63,141,Williams,3477,15,48,f
41300,831,72,2021,1041,Azerbaijan Grand Prix,6,2021-06-06,71,Baku City Circuit,Azerbaijan,1041,4152,R,Race,False,18,0,Max,Verstappen,VER,33,191,Red Bull,3465,3,45,f
41304,840,72,2021,1041,Azerbaijan Grand Prix,6,2021-06-06,71,Baku City Circuit,Azerbaijan,1041,4152,R,Race,False,19,0,Lance,Stroll,STR,18,64,Aston Martin,3473,19,29,f
41306,838,72,2021,1041,Azerbaijan Grand Prix,6,2021-06-06,71,Baku City Circuit,Azerbaijan,1041,4152,R,Race,False,20,0,Esteban,Ocon,OCO,31,210,Alpine F1 Team,3476,12,3,f
41309,831,72,2021,1042,French Grand Prix,7,2021-06-20,35,Circuit Paul Ricard,France,1042,4159,R,Race,False,1,26,Max,Verstappen,VER,33,191,Red Bull,3465,1,53,t
41313,795,72,2021,1042,French Grand Prix,7,2021-06-20,35,Circuit Paul Ricard,France,1042,4159,R,Race,False,2,18,Lewis,Hamilton,HAM,44,48,Mercedes,3464,2,53,t
41317,815,72,2021,1042,French Grand Prix,7,2021-06-20,35,Circuit Paul Ricard,France,1042,4159,R,Race,False,3,15,Sergio,Pérez,PER,11,191,Red Bull,3468,4,53,t
41321,820,72,2021,1042,French Grand Prix,7,2021-06-20,35,Circuit Paul Ricard,France,1042,4159,R,Race,False,4,12,Valtteri,Bottas,BOT,77,48,Mercedes,3466,3,53,t
41325,845,72,2021,1042,French Grand Prix,7,2021-06-20,35,Circuit Paul Ricard,France,1042,4159,R,Race,False,5,10,Lando,Norris,NOR,4,117,McLaren,3467,8,53,t
41329,816,72,2021,1042,French Grand Prix,7,2021-06-20,35,Circuit Paul Ricard,France,1042,4159,R,Race,False,6,8,Daniel,Ricciardo,RIC,3,117,McLaren,3470,10,53,t
41333,841,72,2021,1042,French Grand Prix,7,2021-06-20,35,Circuit Paul Ricard,France,1042,4159,R,Race,False,7,6,Pierre,Gasly,GAS,10,209,AlphaTauri,3480,6,53,t
41337,763,72,2021,1042,French Grand Prix,7,2021-06-20,35,Circuit Paul Ricard,France,1042,4159,R,Race,False,8,4,Fernando,Alonso,ALO,14,210,Alpine F1 Team,3482,9,53,t
41341,798,72,2021,1042,French Grand Prix,7,2021-06-20,35,Circuit Paul Ricard,France,1042,4159,R,Race,False,9,2,Sebastian,Vettel,VET,5,64,Aston Martin,3478,12,53,t
41344,840,72,2021,1042,French Grand Prix,7,2021-06-20,35,Circuit Paul Ricard,France,1042,4159,R,Race,False,10,1,Lance,Stroll,STR,18,64,Aston Martin,3473,19,53,t
41346,830,72,2021,1042,French Grand Prix,7,2021-06-20,35,Circuit Paul Ricard,France,1042,4159,R,Race,False,11,0,Carlos,Sainz,SAI,55,6,Ferrari,3471,5,53,t
41350,847,72,2021,1042,French Grand Prix,7,2021-06-20,35,Circuit Paul Ricard,France,1042,4159,R,Race,False,12,0,George,Russell,RUS,63,141,Williams,3477,14,52,t
41353,851,72,2021,1042,French Grand Prix,7,2021-06-20,35,Circuit Paul Ricard,France,1042,4159,R,Race,False,13,0,Yuki,Tsunoda,TSU,22,209,AlphaTauri,3472,0,52,t
41355,838,72,2021,1042,French Grand Prix,7,2021-06-20,35,Circuit Paul Ricard,France,1042,4159,R,Race,False,14,0,Esteban,Ocon,OCO,31,210,Alpine F1 Team,3476,11,52,t
41358,839,72,2021,1042,French Grand Prix,7,2021-06-20,35,Circuit Paul Ricard,France,1042,4159,R,Race,False,15,0,Antonio,Giovinazzi,GIO,99,1,Alfa Romeo,3475,13,52,t
41361,843,72,2021,1042,French Grand Prix,7,2021-06-20,35,Circuit Paul Ricard,France,1042,4159,R,Race,False,16,0,Charles,Leclerc,LEC,16,6,Ferrari,3469,7,52,t
41365,762,72,2021,1042,French Grand Prix,7,2021-06-20,35,Circuit Paul Ricard,France,1042,4159,R,Race,False,17,0,Kimi,Räikkönen,RAI,7,1,Alfa Romeo,3474,17,52,t
41367,848,72,2021,1042,French Grand Prix,7,2021-06-20,35,Circuit Paul Ricard,France,1042,4159,R,Race,False,18,0,Nicholas,Latifi,LAT,6,141,Williams,3481,16,52,t
41369,852,72,2021,1042,French Grand Prix,7,2021-06-20,35,Circuit Paul Ricard,France,1042,4159,R,Race,False,19,0,Mick,Schumacher,MSC,47,207,Haas F1 Team,3479,15,52,t
41371,853,72,2021,1042,French Grand Prix,7,2021-06-20,35,Circuit Paul Ricard,France,1042,4159,R,Race,False,20,0,Nikita,Mazepin,MAZ,9,207,Haas F1 Team,3483,18,52,t
41373,831,72,2021,1043,Styrian Grand Prix,8,2021-06-27,34,Red Bull Ring,Austria,1043,4166,R,Race,False,1,25,Max,Verstappen,VER,33,191,Red Bull,3465,1,71,t
41377,795,72,2021,1043,Styrian Grand Prix,8,2021-06-27,34,Red Bull Ring,Austria,1043,4166,R,Race,False,2,19,Lewis,Hamilton,HAM,44,48,Mercedes,3464,2,71,t
41381,820,72,2021,1043,Styrian Grand Prix,8,2021-06-27,34,Red Bull Ring,Austria,1043,4166,R,Race,False,3,15,Valtteri,Bottas,BOT,77,48,Mercedes,3466,5,71,t
41385,815,72,2021,1043,Styrian Grand Prix,8,2021-06-27,34,Red Bull Ring,Austria,1043,4166,R,Race,False,4,12,Sergio,Pérez,PER,11,191,Red Bull,3468,4,71,t
41389,845,72,2021,1043,Styrian Grand Prix,8,2021-06-27,34,Red Bull Ring,Austria,1043,4166,R,Race,False,5,10,Lando,Norris,NOR,4,117,McLaren,3467,3,70,t
41393,830,72,2021,1043,Styrian Grand Prix,8,2021-06-27,34,Red Bull Ring,Austria,1043,4166,R,Race,False,6,8,Carlos,Sainz,SAI,55,6,Ferrari,3471,12,70,t
41396,843,72,2021,1043,Styrian Grand Prix,8,2021-06-27,34,Red Bull Ring,Austria,1043,4166,R,Race,False,7,6,Charles,Leclerc,LEC,16,6,Ferrari,3469,7,70,t
41400,840,72,2021,1043,Styrian Grand Prix,8,2021-06-27,34,Red Bull Ring,Austria,1043,4166,R,Race,False,8,4,Lance,Stroll,STR,18,64,Aston Martin,3473,9,70,t
41404,763,72,2021,1043,Styrian Grand Prix,8,2021-06-27,34,Red Bull Ring,Austria,1043,4166,R,Race,False,9,2,Fernando,Alonso,ALO,14,210,Alpine F1 Team,3482,8,70,t
41408,851,72,2021,1043,Styrian Grand Prix,8,2021-06-27,34,Red Bull Ring,Austria,1043,4166,R,Race,False,10,1,Yuki,Tsunoda,TSU,22,209,AlphaTauri,3472,11,70,t
41412,762,72,2021,1043,Styrian Grand Prix,8,2021-06-27,34,Red Bull Ring,Austria,1043,4166,R,Race,False,11,0,Kimi,Räikkönen,RAI,7,1,Alfa Romeo,3474,18,70,t
41414,798,72,2021,1043,Styrian Grand Prix,8,2021-06-27,34,Red Bull Ring,Austria,1043,4166,R,Race,False,12,0,Sebastian,Vettel,VET,5,64,Aston Martin,3478,14,70,t
41417,816,72,2021,1043,Styrian Grand Prix,8,2021-06-27,34,Red Bull Ring,Austria,1043,4166,R,Race,False,13,0,Daniel,Ricciardo,RIC,3,117,McLaren,3470,13,70,t
41420,838,72,2021,1043,Styrian Grand Prix,8,2021-06-27,34,Red Bull Ring,Austria,1043,4166,R,Race,False,14,0,Esteban,Ocon,OCO,31,210,Alpine F1 Team,3476,17,70,t
41422,839,72,2021,1043,Styrian Grand Prix,8,2021-06-27,34,Red Bull Ring,Austria,1043,4166,R,Race,False,15,0,Antonio,Giovinazzi,GIO,99,1,Alfa Romeo,3475,15,70,t
41425,852,72,2021,1043,Styrian Grand Prix,8,2021-06-27,34,Red Bull Ring,Austria,1043,4166,R,Race,False,16,0,Mick,Schumacher,MSC,47,207,Haas F1 Team,3479,19,69,t
41427,848,72,2021,1043,Styrian Grand Prix,8,2021-06-27,34,Red Bull Ring,Austria,1043,4166,R,Race,False,17,0,Nicholas,Latifi,LAT,6,141,Williams,3481,16,68,t
41429,853,72,2021,1043,Styrian Grand Prix,8,2021-06-27,34,Red Bull Ring,Austria,1043,4166,R,Race,False,18,0,Nikita,Mazepin,MAZ,9,207,Haas F1 Team,3483,20,68,t
41431,847,72,2021,1043,Styrian Grand Prix,8,2021-06-27,34,Red Bull Ring,Austria,1043,4166,R,Race,False,19,0,George,Russell,RUS,63,141,Williams,3477,10,36,f
41434,841,72,2021,1043,Styrian Grand Prix,8,2021-06-27,34,Red Bull Ring,Austria,1043,4166,R,Race,False,20,0,Pierre,Gasly,GAS,10,209,AlphaTauri,3480,6,1,f
41438,831,72,2021,1044,Austrian Grand Prix,9,2021-07-04,34,Red Bull Ring,Austria,1044,4173,R,Race,False,1,26,Max,Verstappen,VER,33,191,Red Bull,3465,1,71,t
41442,820,72,2021,1044,Austrian Grand Prix,9,2021-07-04,34,Red Bull Ring,Austria,1044,4173,R,Race,False,2,18,Valtteri,Bottas,BOT,77,48,Mercedes,3466,5,71,t
41446,845,72,2021,1044,Austrian Grand Prix,9,2021-07-04,34,Red Bull Ring,Austria,1044,4173,R,Race,False,3,15,Lando,Norris,NOR,4,117,McLaren,3467,2,71,t
41450,795,72,2021,1044,Austrian Grand Prix,9,2021-07-04,34,Red Bull Ring,Austria,1044,4173,R,Race,False,4,12,Lewis,Hamilton,HAM,44,48,Mercedes,3464,4,71,t
41454,830,72,2021,1044,Austrian Grand Prix,9,2021-07-04,34,Red Bull Ring,Austria,1044,4173,R,Race,False,5,10,Carlos,Sainz,SAI,55,6,Ferrari,3471,10,71,t
41457,815,72,2021,1044,Austrian Grand Prix,9,2021-07-04,34,Red Bull Ring,Austria,1044,4173,R,Race,False,6,8,Sergio,Pérez,PER,11,191,Red Bull,3468,3,71,t
41461,816,72,2021,1044,Austrian Grand Prix,9,2021-07-04,34,Red Bull Ring,Austria,1044,4173,R,Race,False,7,6,Daniel,Ricciardo,RIC,3,117,McLaren,3470,13,71,t
41464,843,72,2021,1044,Austrian Grand Prix,9,2021-07-04,34,Red Bull Ring,Austria,1044,4173,R,Race,False,8,4,Charles,Leclerc,LEC,16,6,Ferrari,3469,12,71,t
41467,841,72,2021,1044,Austrian Grand Prix,9,2021-07-04,34,Red Bull Ring,Austria,1044,4173,R,Race,False,9,2,Pierre,Gasly,GAS,10,209,AlphaTauri,3480,6,71,t
41471,763,72,2021,1044,Austrian Grand Prix,9,2021-07-04,34,Red Bull Ring,Austria,1044,4173,R,Race,False,10,1,Fernando,Alonso,ALO,14,210,Alpine F1 Team,3482,14,70,t
41474,847,72,2021,1044,Austrian Grand Prix,9,2021-07-04,34,Red Bull Ring,Austria,1044,4173,R,Race,False,11,0,George,Russell,RUS,63,141,Williams,3477,8,70,t
41478,851,72,2021,1044,Austrian Grand Prix,9,2021-07-04,34,Red Bull Ring,Austria,1044,4173,R,Race,False,12,0,Yuki,Tsunoda,TSU,22,209,AlphaTauri,3472,7,70,t
41482,840,72,2021,1044,Austrian Grand Prix,9,2021-07-04,34,Red Bull Ring,Austria,1044,4173,R,Race,False,13,0,Lance,Stroll,STR,18,64,Aston Martin,3473,9,70,t
41486,839,72,2021,1044,Austrian Grand Prix,9,2021-07-04,34,Red Bull Ring,Austria,1044,4173,R,Race,False,14,0,Antonio,Giovinazzi,GIO,99,1,Alfa Romeo,3475,15,70,t
41489,762,72,2021,1044,Austrian Grand Prix,9,2021-07-04,34,Red Bull Ring,Austria,1044,4173,R,Race,False,15,0,Kimi,Räikkönen,RAI,7,1,Alfa Romeo,3474,16,70,t
41491,848,72,2021,1044,Austrian Grand Prix,9,2021-07-04,34,Red Bull Ring,Austria,1044,4173,R,Race,False,16,0,Nicholas,Latifi,LAT,6,141,Williams,3481,18,70,t
41493,798,72,2021,1044,Austrian Grand Prix,9,2021-07-04,34,Red Bull Ring,Austria,1044,4173,R,Race,False,17,0,Sebastian,Vettel,VET,5,64,Aston Martin,3478,11,69,t
41497,852,72,2021,1044,Austrian Grand Prix,9,2021-07-04,34,Red Bull Ring,Austria,1044,4173,R,Race,False,18,0,Mick,Schumacher,MSC,47,207,Haas F1 Team,3479,19,69,t
41499,853,72,2021,1044,Austrian Grand Prix,9,2021-07-04,34,Red Bull Ring,Austria,1044,4173,R,Race,False,19,0,Nikita,Mazepin,MAZ,9,207,Haas F1 Team,3483,20,69,t
41501,838,72,2021,1044,Austrian Grand Prix,9,2021-07-04,34,Red Bull Ring,Austria,1044,4173,R,Race,False,20,0,Esteban,Ocon,OCO,31,210,Alpine F1 Team,3476,17,0,f
41587,831,72,2021,1045,British Grand Prix,10,2021-07-18,1,Silverstone Circuit,UK,1045,4186,SR,Sprint,True,1,3,Max,Verstappen,VER,33,191,Red Bull,3465,2,17,t
41507,795,72,2021,1045,British Grand Prix,10,2021-07-18,1,Silverstone Circuit,UK,1045,4186,SR,Sprint,True,2,2,Lewis,Hamilton,HAM,44,48,Mercedes,3464,1,17,t
41517,820,72,2021,1045,British Grand Prix,10,2021-07-18,1,Silverstone Circuit,UK,1045,4186,SR,Sprint,True,3,1,Valtteri,Bottas,BOT,77,48,Mercedes,3466,3,17,t
41512,843,72,2021,1045,British Grand Prix,10,2021-07-18,1,Silverstone Circuit,UK,1045,4186,SR,Sprint,True,4,0,Charles,Leclerc,LEC,16,6,Ferrari,3469,4,17,t
41522,845,72,2021,1045,British Grand Prix,10,2021-07-18,1,Silverstone Circuit,UK,1045,4186,SR,Sprint,True,5,0,Lando,Norris,NOR,4,117,McLaren,3467,6,17,t
41527,816,72,2021,1045,British Grand Prix,10,2021-07-18,1,Silverstone Circuit,UK,1045,4186,SR,Sprint,True,6,0,Daniel,Ricciardo,RIC,3,117,McLaren,3470,7,17,t
41536,763,72,2021,1045,British Grand Prix,10,2021-07-18,1,Silverstone Circuit,UK,1045,4186,SR,Sprint,True,7,0,Fernando,Alonso,ALO,14,210,Alpine F1 Team,3482,11,17,t
41582,798,72,2021,1045,British Grand Prix,10,2021-07-18,1,Silverstone Circuit,UK,1045,4186,SR,Sprint,True,8,0,Sebastian,Vettel,VET,5,64,Aston Martin,3478,10,17,t
41556,847,72,2021,1045,British Grand Prix,10,2021-07-18,1,Silverstone Circuit,UK,1045,4186,SR,Sprint,True,9,0,George,Russell,RUS,63,141,Williams,3477,8,17,t
41544,838,72,2021,1045,British Grand Prix,10,2021-07-18,1,Silverstone Circuit,UK,1045,4186,SR,Sprint,True,10,0,Esteban,Ocon,OCO,31,210,Alpine F1 Team,3476,13,17,t
41532,830,72,2021,1045,British Grand Prix,10,2021-07-18,1,Silverstone Circuit,UK,1045,4186,SR,Sprint,True,11,0,Carlos,Sainz,SAI,55,6,Ferrari,3471,9,17,t
41551,841,72,2021,1045,British Grand Prix,10,2021-07-18,1,Silverstone Circuit,UK,1045,4186,SR,Sprint,True,12,0,Pierre,Gasly,GAS,10,209,AlphaTauri,3480,12,17,t
41566,762,72,2021,1045,British Grand Prix,10,2021-07-18,1,Silverstone Circuit,UK,1045,4186,SR,Sprint,True,13,0,Kimi,Räikkönen,RAI,7,1,Alfa Romeo,3474,17,17,t
41540,840,72,2021,1045,British Grand Prix,10,2021-07-18,1,Silverstone Circuit,UK,1045,4186,SR,Sprint,True,14,0,Lance,Stroll,STR,18,64,Aston Martin,3473,15,17,t
41560,839,72,2021,1045,British Grand Prix,10,2021-07-18,1,Silverstone Circuit,UK,1045,4186,SR,Sprint,True,15,0,Antonio,Giovinazzi,GIO,99,1,Alfa Romeo,3475,14,17,t
41547,851,72,2021,1045,British Grand Prix,10,2021-07-18,1,Silverstone Circuit,UK,1045,4186,SR,Sprint,True,16,0,Yuki,Tsunoda,TSU,22,209,AlphaTauri,3472,16,17,t
41563,848,72,2021,1045,British Grand Prix,10,2021-07-18,1,Silverstone Circuit,UK,1045,4186,SR,Sprint,True,17,0,Nicholas,Latifi,LAT,6,141,Williams,3481,18,17,t
41577,852,72,2021,1045,British Grand Prix,10,2021-07-18,1,Silverstone Circuit,UK,1045,4186,SR,Sprint,True,18,0,Mick,Schumacher,MSC,47,207,Haas F1 Team,3479,19,17,t
41574,853,72,2021,1045,British Grand Prix,10,2021-07-18,1,Silverstone Circuit,UK,1045,4186,SR,Sprint,True,19,0,Nikita,Mazepin,MAZ,9,207,Haas F1 Team,3483,20,17,t
41571,815,72,2021,1045,British Grand Prix,10,2021-07-18,1,Silverstone Circuit,UK,1045,4186,SR,Sprint,True,20,0,Sergio,Pérez,PER,11,191,Red Bull,3468,5,16,f
41503,795,72,2021,1045,British Grand Prix,10,2021-07-18,1,Silverstone Circuit,UK,1045,4180,R,Race,False,1,25,Lewis,Hamilton,HAM,44,48,Mercedes,3464,2,52,t
41508,843,72,2021,1045,British Grand Prix,10,2021-07-18,1,Silverstone Circuit,UK,1045,4180,R,Race,False,2,18,Charles,Leclerc,LEC,16,6,Ferrari,3469,4,52,t
41513,820,72,2021,1045,British Grand Prix,10,2021-07-18,1,Silverstone Circuit,UK,1045,4180,R,Race,False,3,15,Valtteri,Bottas,BOT,77,48,Mercedes,3466,3,52,t
41518,845,72,2021,1045,British Grand Prix,10,2021-07-18,1,Silverstone Circuit,UK,1045,4180,R,Race,False,4,12,Lando,Norris,NOR,4,117,McLaren,3467,5,52,t
41523,816,72,2021,1045,British Grand Prix,10,2021-07-18,1,Silverstone Circuit,UK,1045,4180,R,Race,False,5,10,Daniel,Ricciardo,RIC,3,117,McLaren,3470,6,52,t
41528,830,72,2021,1045,British Grand Prix,10,2021-07-18,1,Silverstone Circuit,UK,1045,4180,R,Race,False,6,8,Carlos,Sainz,SAI,55,6,Ferrari,3471,10,52,t
41533,763,72,2021,1045,British Grand Prix,10,2021-07-18,1,Silverstone Circuit,UK,1045,4180,R,Race,False,7,6,Fernando,Alonso,ALO,14,210,Alpine F1 Team,3482,7,52,t
41537,840,72,2021,1045,British Grand Prix,10,2021-07-18,1,Silverstone Circuit,UK,1045,4180,R,Race,False,8,4,Lance,Stroll,STR,18,64,Aston Martin,3473,14,52,t
41541,838,72,2021,1045,British Grand Prix,10,2021-07-18,1,Silverstone Circuit,UK,1045,4180,R,Race,False,9,2,Esteban,Ocon,OCO,31,210,Alpine F1 Team,3476,9,52,t
41545,851,72,2021,1045,British Grand Prix,10,2021-07-18,1,Silverstone Circuit,UK,1045,4180,R,Race,False,10,1,Yuki,Tsunoda,TSU,22,209,AlphaTauri,3472,16,52,t
41548,841,72,2021,1045,British Grand Prix,10,2021-07-18,1,Silverstone Circuit,UK,1045,4180,R,Race,False,11,0,Pierre,Gasly,GAS,10,209,AlphaTauri,3480,11,52,t
41552,847,72,2021,1045,British Grand Prix,10,2021-07-18,1,Silverstone Circuit,UK,1045,4180,R,Race,False,12,0,George,Russell,RUS,63,141,Williams,3477,12,51,t
41557,839,72,2021,1045,British Grand Prix,10,2021-07-18,1,Silverstone Circuit,UK,1045,4180,R,Race,False,13,0,Antonio,Giovinazzi,GIO,99,1,Alfa Romeo,3475,15,51,t
41561,848,72,2021,1045,British Grand Prix,10,2021-07-18,1,Silverstone Circuit,UK,1045,4180,R,Race,False,14,0,Nicholas,Latifi,LAT,6,141,Williams,3481,17,51,t
41564,762,72,2021,1045,British Grand Prix,10,2021-07-18,1,Silverstone Circuit,UK,1045,4180,R,Race,False,15,0,Kimi,Räikkönen,RAI,7,1,Alfa Romeo,3474,13,51,t
41567,815,72,2021,1045,British Grand Prix,10,2021-07-18,1,Silverstone Circuit,UK,1045,4180,R,Race,False,16,0,Sergio,Pérez,PER,11,191,Red Bull,3468,0,51,t
41572,853,72,2021,1045,British Grand Prix,10,2021-07-18,1,Silverstone Circuit,UK,1045,4180,R,Race,False,17,0,Nikita,Mazepin,MAZ,9,207,Haas F1 Team,3483,19,51,t
41575,852,72,2021,1045,British Grand Prix,10,2021-07-18,1,Silverstone Circuit,UK,1045,4180,R,Race,False,18,0,Mick,Schumacher,MSC,47,207,Haas F1 Team,3479,18,51,t
41578,798,72,2021,1045,British Grand Prix,10,2021-07-18,1,Silverstone Circuit,UK,1045,4180,R,Race,False,19,0,Sebastian,Vettel,VET,5,64,Aston Martin,3478,8,40,f
41583,831,72,2021,1045,British Grand Prix,10,2021-07-18,1,Silverstone Circuit,UK,1045,4180,R,Race,False,20,0,Max,Verstappen,VER,33,191,Red Bull,3465,1,0,f
41588,838,72,2021,1046,Hungarian Grand Prix,11,2021-08-01,52,Hungaroring,Hungary,1046,4187,R,Race,False,1,25,Esteban,Ocon,OCO,31,210,Alpine F1 Team,3476,8,70,t
41592,795,72,2021,1046,Hungarian Grand Prix,11,2021-08-01,52,Hungaroring,Hungary,1046,4187,R,Race,False,2,18,Lewis,Hamilton,HAM,44,48,Mercedes,3464,1,70,t
41596,830,72,2021,1046,Hungarian Grand Prix,11,2021-08-01,52,Hungaroring,Hungary,1046,4187,R,Race,False,3,15,Carlos,Sainz,SAI,55,6,Ferrari,3471,15,70,t
41598,763,72,2021,1046,Hungarian Grand Prix,11,2021-08-01,52,Hungaroring,Hungary,1046,4187,R,Race,False,4,12,Fernando,Alonso,ALO,14,210,Alpine F1 Team,3482,9,70,t
41602,841,72,2021,1046,Hungarian Grand Prix,11,2021-08-01,52,Hungaroring,Hungary,1046,4187,R,Race,False,5,11,Pierre,Gasly,GAS,10,209,AlphaTauri,3480,5,70,t
41606,851,72,2021,1046,Hungarian Grand Prix,11,2021-08-01,52,Hungaroring,Hungary,1046,4187,R,Race,False,6,8,Yuki,Tsunoda,TSU,22,209,AlphaTauri,3472,16,70,t
41608,848,72,2021,1046,Hungarian Grand Prix,11,2021-08-01,52,Hungaroring,Hungary,1046,4187,R,Race,False,7,6,Nicholas,Latifi,LAT,6,141,Williams,3481,18,70,t
41610,847,72,2021,1046,Hungarian Grand Prix,11,2021-08-01,52,Hungaroring,Hungary,1046,4187,R,Race,False,8,4,George,Russell,RUS,63,141,Williams,3477,17,70,t
41612,831,72,2021,1046,Hungarian Grand Prix,11,2021-08-01,52,Hungaroring,Hungary,1046,4187,R,Race,False,9,2,Max,Verstappen,VER,33,191,Red Bull,3465,3,70,t
41616,762,72,2021,1046,Hungarian Grand Prix,11,2021-08-01,52,Hungaroring,Hungary,1046,4187,R,Race,False,10,1,Kimi,Räikkönen,RAI,7,1,Alfa Romeo,3474,13,69,t
41619,816,72,2021,1046,Hungarian Grand Prix,11,2021-08-01,52,Hungaroring,Hungary,1046,4187,R,Race,False,11,0,Daniel,Ricciardo,RIC,3,117,McLaren,3470,11,69,t
41622,852,72,2021,1046,Hungarian Grand Prix,11,2021-08-01,52,Hungaroring,Hungary,1046,4187,R,Race,False,12,0,Mick,Schumacher,MSC,47,207,Haas F1 Team,3479,20,69,t
41624,839,72,2021,1046,Hungarian Grand Prix,11,2021-08-01,52,Hungaroring,Hungary,1046,4187,R,Race,False,13,0,Antonio,Giovinazzi,GIO,99,1,Alfa Romeo,3475,0,69,t
41627,853,72,2021,1046,Hungarian Grand Prix,11,2021-08-01,52,Hungaroring,Hungary,1046,4187,R,Race,False,14,0,Nikita,Mazepin,MAZ,9,207,Haas F1 Team,3483,19,3,f
41629,845,72,2021,1046,Hungarian Grand Prix,11,2021-08-01,52,Hungaroring,Hungary,1046,4187,R,Race,False,15,0,Lando,Norris,NOR,4,117,McLaren,3467,6,2,f
41633,820,72,2021,1046,Hungarian Grand Prix,11,2021-08-01,52,Hungaroring,Hungary,1046,4187,R,Race,False,16,0,Valtteri,Bottas,BOT,77,48,Mercedes,3466,2,0,f
41637,815,72,2021,1046,Hungarian Grand Prix,11,2021-08-01,52,Hungaroring,Hungary,1046,4187,R,Race,False,17,0,Sergio,Pérez,PER,11,191,Red Bull,3468,4,0,f
41641,843,72,2021,1046,Hungarian Grand Prix,11,2021-08-01,52,Hungaroring,Hungary,1046,4187,R,Race,False,18,0,Charles,Leclerc,LEC,16,6,Ferrari,3469,7,0,f
41645,840,72,2021,1046,Hungarian Grand Prix,11,2021-08-01,52,Hungaroring,Hungary,1046,4187,R,Race,False,19,0,Lance,Stroll,STR,18,64,Aston Martin,3473,12,0,f
41648,798,72,2021,1046,Hungarian Grand Prix,11,2021-08-01,52,Hungaroring,Hungary,1046,4187,R,Race,False,20,0,Sebastian,Vettel,VET,5,64,Aston Martin,3478,10,70,f
41652,831,72,2021,1047,Belgian Grand Prix,12,2021-08-29,5,Circuit de Spa-Francorchamps,Belgium,1047,4194,R,Race,False,1,12.5,Max,Verstappen,VER,33,191,Red Bull,3465,1,1,t
41656,847,72,2021,1047,Belgian Grand Prix,12,2021-08-29,5,Circuit de Spa-Francorchamps,Belgium,1047,4194,R,Race,False,2,9,George,Russell,RUS,63,141,Williams,3477,2,1,t
41660,795,72,2021,1047,Belgian Grand Prix,12,2021-08-29,5,Circuit de Spa-Francorchamps,Belgium,1047,4194,R,Race,False,3,7.5,Lewis,Hamilton,HAM,44,48,Mercedes,3464,3,1,t
41664,816,72,2021,1047,Belgian Grand Prix,12,2021-08-29,5,Circuit de Spa-Francorchamps,Belgium,1047,4194,R,Race,False,4,6,Daniel,Ricciardo,RIC,3,117,McLaren,3470,4,1,t
41668,798,72,2021,1047,Belgian Grand Prix,12,2021-08-29,5,Circuit de Spa-Francorchamps,Belgium,1047,4194,R,Race,False,5,5,Sebastian,Vettel,VET,5,64,Aston Martin,3478,5,1,t
41672,841,72,2021,1047,Belgian Grand Prix,12,2021-08-29,5,Circuit de Spa-Francorchamps,Belgium,1047,4194,R,Race,False,6,4,Pierre,Gasly,GAS,10,209,AlphaTauri,3480,6,1,t
41676,838,72,2021,1047,Belgian Grand Prix,12,2021-08-29,5,Circuit de Spa-Francorchamps,Belgium,1047,4194,R,Race,False,7,3,Esteban,Ocon,OCO,31,210,Alpine F1 Team,3476,8,1,t
41680,843,72,2021,1047,Belgian Grand Prix,12,2021-08-29,5,Circuit de Spa-Francorchamps,Belgium,1047,4194,R,Race,False,8,2,Charles,Leclerc,LEC,16,6,Ferrari,3469,9,1,t
41683,848,72,2021,1047,Belgian Grand Prix,12,2021-08-29,5,Circuit de Spa-Francorchamps,Belgium,1047,4194,R,Race,False,9,1,Nicholas,Latifi,LAT,6,141,Williams,3481,10,1,t
41686,830,72,2021,1047,Belgian Grand Prix,12,2021-08-29,5,Circuit de Spa-Francorchamps,Belgium,1047,4194,R,Race,False,10,0.5,Carlos,Sainz,SAI,55,6,Ferrari,3471,11,1,t
41689,763,72,2021,1047,Belgian Grand Prix,12,2021-08-29,5,Circuit de Spa-Francorchamps,Belgium,1047,4194,R,Race,False,11,0,Fernando,Alonso,ALO,14,210,Alpine F1 Team,3482,12,1,t
41692,820,72,2021,1047,Belgian Grand Prix,12,2021-08-29,5,Circuit de Spa-Francorchamps,Belgium,1047,4194,R,Race,False,12,0,Valtteri,Bottas,BOT,77,48,Mercedes,3466,13,1,t
41696,839,72,2021,1047,Belgian Grand Prix,12,2021-08-29,5,Circuit de Spa-Francorchamps,Belgium,1047,4194,R,Race,False,13,0,Antonio,Giovinazzi,GIO,99,1,Alfa Romeo,3475,14,1,t
41698,845,72,2021,1047,Belgian Grand Prix,12,2021-08-29,5,Circuit de Spa-Francorchamps,Belgium,1047,4194,R,Race,False,14,0,Lando,Norris,NOR,4,117,McLaren,3467,15,1,t
41701,851,72,2021,1047,Belgian Grand Prix,12,2021-08-29,5,Circuit de Spa-Francorchamps,Belgium,1047,4194,R,Race,False,15,0,Yuki,Tsunoda,TSU,22,209,AlphaTauri,3472,16,1,t
41703,852,72,2021,1047,Belgian Grand Prix,12,2021-08-29,5,Circuit de Spa-Francorchamps,Belgium,1047,4194,R,Race,False,16,0,Mick,Schumacher,MSC,47,207,Haas F1 Team,3479,17,1,t
41705,853,72,2021,1047,Belgian Grand Prix,12,2021-08-29,5,Circuit de Spa-Francorchamps,Belgium,1047,4194,R,Race,False,17,0,Nikita,Mazepin,MAZ,9,207,Haas F1 Team,3483,18,1,t
41707,762,72,2021,1047,Belgian Grand Prix,12,2021-08-29,5,Circuit de Spa-Francorchamps,Belgium,1047,4194,R,Race,False,18,0,Kimi,Räikkönen,RAI,7,1,Alfa Romeo,3474,0,1,t
41709,815,72,2021,1047,Belgian Grand Prix,12,2021-08-29,5,Circuit de Spa-Francorchamps,Belgium,1047,4194,R,Race,False,19,0,Sergio,Pérez,PER,11,191,Red Bull,3468,0,1,t
41713,840,72,2021,1047,Belgian Grand Prix,12,2021-08-29,5,Circuit de Spa-Francorchamps,Belgium,1047,4194,R,Race,False,20,0,Lance,Stroll,STR,18,64,Aston Martin,3473,19,1,t
41716,831,72,2021,1048,Dutch Grand Prix,13,2021-09-05,11,Circuit Park Zandvoort,Netherlands,1048,4201,R,Race,False,1,25,Max,Verstappen,VER,33,191,Red Bull,3465,1,72,t
41720,795,72,2021,1048,Dutch Grand Prix,13,2021-09-05,11,Circuit Park Zandvoort,Netherlands,1048,4201,R,Race,False,2,19,Lewis,Hamilton,HAM,44,48,Mercedes,3464,2,72,t
41724,820,72,2021,1048,Dutch Grand Prix,13,2021-09-05,11,Circuit Park Zandvoort,Netherlands,1048,4201,R,Race,False,3,15,Valtteri,Bottas,BOT,77,48,Mercedes,3466,3,72,t
41728,841,72,2021,1048,Dutch Grand Prix,13,2021-09-05,11,Circuit Park Zandvoort,Netherlands,1048,4201,R,Race,False,4,12,Pierre,Gasly,GAS,10,209,AlphaTauri,3480,4,71,t
41732,843,72,2021,1048,Dutch Grand Prix,13,2021-09-05,11,Circuit Park Zandvoort,Netherlands,1048,4201,R,Race,False,5,10,Charles,Leclerc,LEC,16,6,Ferrari,3469,5,71,t
41736,763,72,2021,1048,Dutch Grand Prix,13,2021-09-05,11,Circuit Park Zandvoort,Netherlands,1048,4201,R,Race,False,6,8,Fernando,Alonso,ALO,14,210,Alpine F1 Team,3482,9,71,t
41740,830,72,2021,1048,Dutch Grand Prix,13,2021-09-05,11,Circuit Park Zandvoort,Netherlands,1048,4201,R,Race,False,7,6,Carlos,Sainz,SAI,55,6,Ferrari,3471,6,71,t
41744,815,72,2021,1048,Dutch Grand Prix,13,2021-09-05,11,Circuit Park Zandvoort,Netherlands,1048,4201,R,Race,False,8,4,Sergio,Pérez,PER,11,191,Red Bull,3468,0,71,t
41746,838,72,2021,1048,Dutch Grand Prix,13,2021-09-05,11,Circuit Park Zandvoort,Netherlands,1048,4201,R,Race,False,9,2,Esteban,Ocon,OCO,31,210,Alpine F1 Team,3476,8,71,t
41750,845,72,2021,1048,Dutch Grand Prix,13,2021-09-05,11,Circuit Park Zandvoort,Netherlands,1048,4201,R,Race,False,10,1,Lando,Norris,NOR,4,117,McLaren,3467,13,71,t
41753,816,72,2021,1048,Dutch Grand Prix,13,2021-09-05,11,Circuit Park Zandvoort,Netherlands,1048,4201,R,Race,False,11,0,Daniel,Ricciardo,RIC,3,117,McLaren,3470,10,71,t
41757,840,72,2021,1048,Dutch Grand Prix,13,2021-09-05,11,Circuit Park Zandvoort,Netherlands,1048,4201,R,Race,False,12,0,Lance,Stroll,STR,18,64,Aston Martin,3473,12,70,t
41760,798,72,2021,1048,Dutch Grand Prix,13,2021-09-05,11,Circuit Park Zandvoort,Netherlands,1048,4201,R,Race,False,13,0,Sebastian,Vettel,VET,5,64,Aston Martin,3478,15,70,t
41762,839,72,2021,1048,Dutch Grand Prix,13,2021-09-05,11,Circuit Park Zandvoort,Netherlands,1048,4201,R,Race,False,14,0,Antonio,Giovinazzi,GIO,99,1,Alfa Romeo,3475,7,70,t
41766,794,72,2021,1048,Dutch Grand Prix,13,2021-09-05,11,Circuit Park Zandvoort,Netherlands,1048,4201,R,Race,False,15,0,Robert,Kubica,KUB,88,1,Alfa Romeo,3484,16,70,t
41768,848,72,2021,1048,Dutch Grand Prix,13,2021-09-05,11,Circuit Park Zandvoort,Netherlands,1048,4201,R,Race,False,16,0,Nicholas,Latifi,LAT,6,141,Williams,3481,0,70,t
41771,847,72,2021,1048,Dutch Grand Prix,13,2021-09-05,11,Circuit Park Zandvoort,Netherlands,1048,4201,R,Race,False,17,0,George,Russell,RUS,63,141,Williams,3477,11,69,t
41774,852,72,2021,1048,Dutch Grand Prix,13,2021-09-05,11,Circuit Park Zandvoort,Netherlands,1048,4201,R,Race,False,18,0,Mick,Schumacher,MSC,47,207,Haas F1 Team,3479,17,69,t
41776,851,72,2021,1048,Dutch Grand Prix,13,2021-09-05,11,Circuit Park Zandvoort,Netherlands,1048,4201,R,Race,False,19,0,Yuki,Tsunoda,TSU,22,209,AlphaTauri,3472,14,48,f
41779,853,72,2021,1048,Dutch Grand Prix,13,2021-09-05,11,Circuit Park Zandvoort,Netherlands,1048,4201,R,Race,False,20,0,Nikita,Mazepin,MAZ,9,207,Haas F1 Team,3483,18,41,f
41795,820,72,2021,1049,Italian Grand Prix,14,2021-09-12,7,Autodromo Nazionale di Monza,Italy,1049,4214,SR,Sprint,True,1,3,Valtteri,Bottas,BOT,77,48,Mercedes,3466,1,18,t
41857,831,72,2021,1049,Italian Grand Prix,14,2021-09-12,7,Autodromo Nazionale di Monza,Italy,1049,4214,SR,Sprint,True,2,2,Max,Verstappen,VER,33,191,Red Bull,3465,3,18,t
41785,816,72,2021,1049,Italian Grand Prix,14,2021-09-12,7,Autodromo Nazionale di Monza,Italy,1049,4214,SR,Sprint,True,3,1,Daniel,Ricciardo,RIC,3,117,McLaren,3470,5,18,t
41790,845,72,2021,1049,Italian Grand Prix,14,2021-09-12,7,Autodromo Nazionale di Monza,Italy,1049,4214,SR,Sprint,True,4,0,Lando,Norris,NOR,4,117,McLaren,3467,4,18,t
41852,795,72,2021,1049,Italian Grand Prix,14,2021-09-12,7,Autodromo Nazionale di Monza,Italy,1049,4214,SR,Sprint,True,5,0,Lewis,Hamilton,HAM,44,48,Mercedes,3464,2,18,t
41800,843,72,2021,1049,Italian Grand Prix,14,2021-09-12,7,Autodromo Nazionale di Monza,Italy,1049,4214,SR,Sprint,True,6,0,Charles,Leclerc,LEC,16,6,Ferrari,3469,8,18,t
41810,830,72,2021,1049,Italian Grand Prix,14,2021-09-12,7,Autodromo Nazionale di Monza,Italy,1049,4214,SR,Sprint,True,7,0,Carlos,Sainz,SAI,55,6,Ferrari,3471,7,18,t
41838,839,72,2021,1049,Italian Grand Prix,14,2021-09-12,7,Autodromo Nazionale di Monza,Italy,1049,4214,SR,Sprint,True,8,0,Antonio,Giovinazzi,GIO,99,1,Alfa Romeo,3475,10,18,t
41805,815,72,2021,1049,Italian Grand Prix,14,2021-09-12,7,Autodromo Nazionale di Monza,Italy,1049,4214,SR,Sprint,True,9,0,Sergio,Pérez,PER,11,191,Red Bull,3468,9,18,t
41814,840,72,2021,1049,Italian Grand Prix,14,2021-09-12,7,Autodromo Nazionale di Monza,Italy,1049,4214,SR,Sprint,True,10,0,Lance,Stroll,STR,18,64,Aston Martin,3473,12,18,t
41818,763,72,2021,1049,Italian Grand Prix,14,2021-09-12,7,Autodromo Nazionale di Monza,Italy,1049,4214,SR,Sprint,True,11,0,Fernando,Alonso,ALO,14,210,Alpine F1 Team,3482,13,18,t
41833,798,72,2021,1049,Italian Grand Prix,14,2021-09-12,7,Autodromo Nazionale di Monza,Italy,1049,4214,SR,Sprint,True,12,0,Sebastian,Vettel,VET,5,64,Aston Martin,3478,11,18,t
41826,838,72,2021,1049,Italian Grand Prix,14,2021-09-12,7,Autodromo Nazionale di Monza,Italy,1049,4214,SR,Sprint,True,13,0,Esteban,Ocon,OCO,31,210,Alpine F1 Team,3476,14,18,t
41829,848,72,2021,1049,Italian Grand Prix,14,2021-09-12,7,Autodromo Nazionale di Monza,Italy,1049,4214,SR,Sprint,True,14,0,Nicholas,Latifi,LAT,6,141,Williams,3481,16,18,t
41822,847,72,2021,1049,Italian Grand Prix,14,2021-09-12,7,Autodromo Nazionale di Monza,Italy,1049,4214,SR,Sprint,True,15,0,George,Russell,RUS,63,141,Williams,3477,15,18,t
41865,851,72,2021,1049,Italian Grand Prix,14,2021-09-12,7,Autodromo Nazionale di Monza,Italy,1049,4214,SR,Sprint,True,16,0,Yuki,Tsunoda,TSU,22,209,AlphaTauri,3472,17,18,t
41847,853,72,2021,1049,Italian Grand Prix,14,2021-09-12,7,Autodromo Nazionale di Monza,Italy,1049,4214,SR,Sprint,True,17,0,Nikita,Mazepin,MAZ,9,207,Haas F1 Team,3483,20,18,t
41841,794,72,2021,1049,Italian Grand Prix,14,2021-09-12,7,Autodromo Nazionale di Monza,Italy,1049,4214,SR,Sprint,True,18,0,Robert,Kubica,KUB,88,1,Alfa Romeo,3484,19,18,t
41844,852,72,2021,1049,Italian Grand Prix,14,2021-09-12,7,Autodromo Nazionale di Monza,Italy,1049,4214,SR,Sprint,True,19,0,Mick,Schumacher,MSC,47,207,Haas F1 Team,3479,18,18,t
41862,841,72,2021,1049,Italian Grand Prix,14,2021-09-12,7,Autodromo Nazionale di Monza,Italy,1049,4214,SR,Sprint,True,20,0,Pierre,Gasly,GAS,10,209,AlphaTauri,3480,6,0,f
41781,816,72,2021,1049,Italian Grand Prix,14,2021-09-12,7,Autodromo Nazionale di Monza,Italy,1049,4208,R,Race,False,1,26,Daniel,Ricciardo,RIC,3,117,McLaren,3470,2,53,t
41786,845,72,2021,1049,Italian Grand Prix,14,2021-09-12,7,Autodromo Nazionale di Monza,Italy,1049,4208,R,Race,False,2,18,Lando,Norris,NOR,4,117,McLaren,3467,3,53,t
41791,820,72,2021,1049,Italian Grand Prix,14,2021-09-12,7,Autodromo Nazionale di Monza,Italy,1049,4208,R,Race,False,3,15,Valtteri,Bottas,BOT,77,48,Mercedes,3466,19,53,t
41796,843,72,2021,1049,Italian Grand Prix,14,2021-09-12,7,Autodromo Nazionale di Monza,Italy,1049,4208,R,Race,False,4,12,Charles,Leclerc,LEC,16,6,Ferrari,3469,5,53,t
41801,815,72,2021,1049,Italian Grand Prix,14,2021-09-12,7,Autodromo Nazionale di Monza,Italy,1049,4208,R,Race,False,5,10,Sergio,Pérez,PER,11,191,Red Bull,3468,8,53,t
41806,830,72,2021,1049,Italian Grand Prix,14,2021-09-12,7,Autodromo Nazionale di Monza,Italy,1049,4208,R,Race,False,6,8,Carlos,Sainz,SAI,55,6,Ferrari,3471,6,53,t
41811,840,72,2021,1049,Italian Grand Prix,14,2021-09-12,7,Autodromo Nazionale di Monza,Italy,1049,4208,R,Race,False,7,6,Lance,Stroll,STR,18,64,Aston Martin,3473,9,53,t
41815,763,72,2021,1049,Italian Grand Prix,14,2021-09-12,7,Autodromo Nazionale di Monza,Italy,1049,4208,R,Race,False,8,4,Fernando,Alonso,ALO,14,210,Alpine F1 Team,3482,10,53,t
41819,847,72,2021,1049,Italian Grand Prix,14,2021-09-12,7,Autodromo Nazionale di Monza,Italy,1049,4208,R,Race,False,9,2,George,Russell,RUS,63,141,Williams,3477,14,53,t
41823,838,72,2021,1049,Italian Grand Prix,14,2021-09-12,7,Autodromo Nazionale di Monza,Italy,1049,4208,R,Race,False,10,1,Esteban,Ocon,OCO,31,210,Alpine F1 Team,3476,12,53,t
41827,848,72,2021,1049,Italian Grand Prix,14,2021-09-12,7,Autodromo Nazionale di Monza,Italy,1049,4208,R,Race,False,11,0,Nicholas,Latifi,LAT,6,141,Williams,3481,13,53,t
41830,798,72,2021,1049,Italian Grand Prix,14,2021-09-12,7,Autodromo Nazionale di Monza,Italy,1049,4208,R,Race,False,12,0,Sebastian,Vettel,VET,5,64,Aston Martin,3478,11,53,t
41834,839,72,2021,1049,Italian Grand Prix,14,2021-09-12,7,Autodromo Nazionale di Monza,Italy,1049,4208,R,Race,False,13,0,Antonio,Giovinazzi,GIO,99,1,Alfa Romeo,3475,7,53,t
41839,794,72,2021,1049,Italian Grand Prix,14,2021-09-12,7,Autodromo Nazionale di Monza,Italy,1049,4208,R,Race,False,14,0,Robert,Kubica,KUB,88,1,Alfa Romeo,3484,17,53,t
41842,852,72,2021,1049,Italian Grand Prix,14,2021-09-12,7,Autodromo Nazionale di Monza,Italy,1049,4208,R,Race,False,15,0,Mick,Schumacher,MSC,47,207,Haas F1 Team,3479,18,53,t
41845,853,72,2021,1049,Italian Grand Prix,14,2021-09-12,7,Autodromo Nazionale di Monza,Italy,1049,4208,R,Race,False,16,0,Nikita,Mazepin,MAZ,9,207,Haas F1 Team,3483,16,41,f
41848,795,72,2021,1049,Italian Grand Prix,14,2021-09-12,7,Autodromo Nazionale di Monza,Italy,1049,4208,R,Race,False,17,0,Lewis,Hamilton,HAM,44,48,Mercedes,3464,4,25,f
41853,831,72,2021,1049,Italian Grand Prix,14,2021-09-12,7,Autodromo Nazionale di Monza,Italy,1049,4208,R,Race,False,18,0,Max,Verstappen,VER,33,191,Red Bull,3465,1,25,f
41858,841,72,2021,1049,Italian Grand Prix,14,2021-09-12,7,Autodromo Nazionale di Monza,Italy,1049,4208,R,Race,False,19,0,Pierre,Gasly,GAS,10,209,AlphaTauri,3480,0,3,f
41863,851,72,2021,1049,Italian Grand Prix,14,2021-09-12,7,Autodromo Nazionale di Monza,Italy,1049,4208,R,Race,False,20,0,Yuki,Tsunoda,TSU,22,209,AlphaTauri,3472,0,0,f
41866,795,72,2021,1050,Russian Grand Prix,15,2021-09-26,70,Sochi Autodrom,Russia,1050,4215,R,Race,False,1,25,Lewis,Hamilton,HAM,44,48,Mercedes,3464,4,53,t
41870,831,72,2021,1050,Russian Grand Prix,15,2021-09-26,70,Sochi Autodrom,Russia,1050,4215,R,Race,False,2,18,Max,Verstappen,VER,33,191,Red Bull,3465,20,53,t
41872,830,72,2021,1050,Russian Grand Prix,15,2021-09-26,70,Sochi Autodrom,Russia,1050,4215,R,Race,False,3,15,Carlos,Sainz,SAI,55,6,Ferrari,3471,2,53,t
41876,816,72,2021,1050,Russian Grand Prix,15,2021-09-26,70,Sochi Autodrom,Russia,1050,4215,R,Race,False,4,12,Daniel,Ricciardo,RIC,3,117,McLaren,3470,5,53,t
41880,820,72,2021,1050,Russian Grand Prix,15,2021-09-26,70,Sochi Autodrom,Russia,1050,4215,R,Race,False,5,10,Valtteri,Bottas,BOT,77,48,Mercedes,3466,16,53,t
41884,763,72,2021,1050,Russian Grand Prix,15,2021-09-26,70,Sochi Autodrom,Russia,1050,4215,R,Race,False,6,8,Fernando,Alonso,ALO,14,210,Alpine F1 Team,3482,6,53,t
41888,845,72,2021,1050,Russian Grand Prix,15,2021-09-26,70,Sochi Autodrom,Russia,1050,4215,R,Race,False,7,7,Lando,Norris,NOR,4,117,McLaren,3467,1,53,t
41892,762,72,2021,1050,Russian Grand Prix,15,2021-09-26,70,Sochi Autodrom,Russia,1050,4215,R,Race,False,8,4,Kimi,Räikkönen,RAI,7,1,Alfa Romeo,3474,13,53,t
41894,815,72,2021,1050,Russian Grand Prix,15,2021-09-26,70,Sochi Autodrom,Russia,1050,4215,R,Race,False,9,2,Sergio,Pérez,PER,11,191,Red Bull,3468,8,53,t
41898,847,72,2021,1050,Russian Grand Prix,15,2021-09-26,70,Sochi Autodrom,Russia,1050,4215,R,Race,False,10,1,George,Russell,RUS,63,141,Williams,3477,3,53,t
41902,840,72,2021,1050,Russian Grand Prix,15,2021-09-26,70,Sochi Autodrom,Russia,1050,4215,R,Race,False,11,0,Lance,Stroll,STR,18,64,Aston Martin,3473,7,53,t
41906,798,72,2021,1050,Russian Grand Prix,15,2021-09-26,70,Sochi Autodrom,Russia,1050,4215,R,Race,False,12,0,Sebastian,Vettel,VET,5,64,Aston Martin,3478,10,52,t
41909,841,72,2021,1050,Russian Grand Prix,15,2021-09-26,70,Sochi Autodrom,Russia,1050,4215,R,Race,False,13,0,Pierre,Gasly,GAS,10,209,AlphaTauri,3480,11,52,t
41912,838,72,2021,1050,Russian Grand Prix,15,2021-09-26,70,Sochi Autodrom,Russia,1050,4215,R,Race,False,14,0,Esteban,Ocon,OCO,31,210,Alpine F1 Team,3476,9,52,t
41916,843,72,2021,1050,Russian Grand Prix,15,2021-09-26,70,Sochi Autodrom,Russia,1050,4215,R,Race,False,15,0,Charles,Leclerc,LEC,16,6,Ferrari,3469,19,52,t
41918,839,72,2021,1050,Russian Grand Prix,15,2021-09-26,70,Sochi Autodrom,Russia,1050,4215,R,Race,False,16,0,Antonio,Giovinazzi,GIO,99,1,Alfa Romeo,3475,17,52,t
41920,851,72,2021,1050,Russian Grand Prix,15,2021-09-26,70,Sochi Autodrom,Russia,1050,4215,R,Race,False,17,0,Yuki,Tsunoda,TSU,22,209,AlphaTauri,3472,12,52,t
41923,853,72,2021,1050,Russian Grand Prix,15,2021-09-26,70,Sochi Autodrom,Russia,1050,4215,R,Race,False,18,0,Nikita,Mazepin,MAZ,9,207,Haas F1 Team,3483,15,51,t
41925,848,72,2021,1050,Russian Grand Prix,15,2021-09-26,70,Sochi Autodrom,Russia,1050,4215,R,Race,False,19,0,Nicholas,Latifi,LAT,6,141,Williams,3481,18,47,t
41927,852,72,2021,1050,Russian Grand Prix,15,2021-09-26,70,Sochi Autodrom,Russia,1050,4215,R,Race,False,20,0,Mick,Schumacher,MSC,47,207,Haas F1 Team,3479,14,32,f
41929,820,72,2021,1051,Turkish Grand Prix,16,2021-10-10,63,Istanbul Park,Turkey,1051,4222,R,Race,False,1,26,Valtteri,Bottas,BOT,77,48,Mercedes,3466,1,58,t
41933,831,72,2021,1051,Turkish Grand Prix,16,2021-10-10,63,Istanbul Park,Turkey,1051,4222,R,Race,False,2,18,Max,Verstappen,VER,33,191,Red Bull,3465,2,58,t
41937,815,72,2021,1051,Turkish Grand Prix,16,2021-10-10,63,Istanbul Park,Turkey,1051,4222,R,Race,False,3,15,Sergio,Pérez,PER,11,191,Red Bull,3468,6,58,t
41941,843,72,2021,1051,Turkish Grand Prix,16,2021-10-10,63,Istanbul Park,Turkey,1051,4222,R,Race,False,4,12,Charles,Leclerc,LEC,16,6,Ferrari,3469,3,58,t
41945,795,72,2021,1051,Turkish Grand Prix,16,2021-10-10,63,Istanbul Park,Turkey,1051,4222,R,Race,False,5,10,Lewis,Hamilton,HAM,44,48,Mercedes,3464,11,58,t
41949,841,72,2021,1051,Turkish Grand Prix,16,2021-10-10,63,Istanbul Park,Turkey,1051,4222,R,Race,False,6,8,Pierre,Gasly,GAS,10,209,AlphaTauri,3480,4,58,t
41953,845,72,2021,1051,Turkish Grand Prix,16,2021-10-10,63,Istanbul Park,Turkey,1051,4222,R,Race,False,7,6,Lando,Norris,NOR,4,117,McLaren,3467,7,58,t
41957,830,72,2021,1051,Turkish Grand Prix,16,2021-10-10,63,Istanbul Park,Turkey,1051,4222,R,Race,False,8,4,Carlos,Sainz,SAI,55,6,Ferrari,3471,19,58,t
41959,840,72,2021,1051,Turkish Grand Prix,16,2021-10-10,63,Istanbul Park,Turkey,1051,4222,R,Race,False,9,2,Lance,Stroll,STR,18,64,Aston Martin,3473,8,58,t
41963,838,72,2021,1051,Turkish Grand Prix,16,2021-10-10,63,Istanbul Park,Turkey,1051,4222,R,Race,False,10,1,Esteban,Ocon,OCO,31,210,Alpine F1 Team,3476,12,57,t
41966,839,72,2021,1051,Turkish Grand Prix,16,2021-10-10,63,Istanbul Park,Turkey,1051,4222,R,Race,False,11,0,Antonio,Giovinazzi,GIO,99,1,Alfa Romeo,3475,16,57,t
41968,762,72,2021,1051,Turkish Grand Prix,16,2021-10-10,63,Istanbul Park,Turkey,1051,4222,R,Race,False,12,0,Kimi,Räikkönen,RAI,7,1,Alfa Romeo,3474,17,57,t
41970,816,72,2021,1051,Turkish Grand Prix,16,2021-10-10,63,Istanbul Park,Turkey,1051,4222,R,Race,False,13,0,Daniel,Ricciardo,RIC,3,117,McLaren,3470,20,57,t
41972,851,72,2021,1051,Turkish Grand Prix,16,2021-10-10,63,Istanbul Park,Turkey,1051,4222,R,Race,False,14,0,Yuki,Tsunoda,TSU,22,209,AlphaTauri,3472,9,57,t
41976,847,72,2021,1051,Turkish Grand Prix,16,2021-10-10,63,Istanbul Park,Turkey,1051,4222,R,Race,False,15,0,George,Russell,RUS,63,141,Williams,3477,13,57,t
41979,763,72,2021,1051,Turkish Grand Prix,16,2021-10-10,63,Istanbul Park,Turkey,1051,4222,R,Race,False,16,0,Fernando,Alonso,ALO,14,210,Alpine F1 Team,3482,5,57,t
41983,848,72,2021,1051,Turkish Grand Prix,16,2021-10-10,63,Istanbul Park,Turkey,1051,4222,R,Race,False,17,0,Nicholas,Latifi,LAT,6,141,Williams,3481,15,57,t
41985,798,72,2021,1051,Turkish Grand Prix,16,2021-10-10,63,Istanbul Park,Turkey,1051,4222,R,Race,False,18,0,Sebastian,Vettel,VET,5,64,Aston Martin,3478,10,57,t
41988,852,72,2021,1051,Turkish Grand Prix,16,2021-10-10,63,Istanbul Park,Turkey,1051,4222,R,Race,False,19,0,Mick,Schumacher,MSC,47,207,Haas F1 Team,3479,14,56,t
41991,853,72,2021,1051,Turkish Grand Prix,16,2021-10-10,63,Istanbul Park,Turkey,1051,4222,R,Race,False,20,0,Nikita,Mazepin,MAZ,9,207,Haas F1 Team,3483,18,56,t
41993,831,72,2021,1052,United States Grand Prix,17,2021-10-24,69,Circuit of the Americas,USA,1052,4229,R,Race,False,1,25,Max,Verstappen,VER,33,191,Red Bull,3465,1,56,t
41997,795,72,2021,1052,United States Grand Prix,17,2021-10-24,69,Circuit of the Americas,USA,1052,4229,R,Race,False,2,19,Lewis,Hamilton,HAM,44,48,Mercedes,3464,2,56,t
42001,815,72,2021,1052,United States Grand Prix,17,2021-10-24,69,Circuit of the Americas,USA,1052,4229,R,Race,False,3,15,Sergio,Pérez,PER,11,191,Red Bull,3468,3,56,t
42005,843,72,2021,1052,United States Grand Prix,17,2021-10-24,69,Circuit of the Americas,USA,1052,4229,R,Race,False,4,12,Charles,Leclerc,LEC,16,6,Ferrari,3469,4,56,t
42009,816,72,2021,1052,United States Grand Prix,17,2021-10-24,69,Circuit of the Americas,USA,1052,4229,R,Race,False,5,10,Daniel,Ricciardo,RIC,3,117,McLaren,3470,6,56,t
42013,820,72,2021,1052,United States Grand Prix,17,2021-10-24,69,Circuit of the Americas,USA,1052,4229,R,Race,False,6,8,Valtteri,Bottas,BOT,77,48,Mercedes,3466,9,56,t
42017,830,72,2021,1052,United States Grand Prix,17,2021-10-24,69,Circuit of the Americas,USA,1052,4229,R,Race,False,7,6,Carlos,Sainz,SAI,55,6,Ferrari,3471,5,56,t
42021,845,72,2021,1052,United States Grand Prix,17,2021-10-24,69,Circuit of the Americas,USA,1052,4229,R,Race,False,8,4,Lando,Norris,NOR,4,117,McLaren,3467,7,56,t
42025,851,72,2021,1052,United States Grand Prix,17,2021-10-24,69,Circuit of the Americas,USA,1052,4229,R,Race,False,9,2,Yuki,Tsunoda,TSU,22,209,AlphaTauri,3472,10,55,t
42029,798,72,2021,1052,United States Grand Prix,17,2021-10-24,69,Circuit of the Americas,USA,1052,4229,R,Race,False,10,1,Sebastian,Vettel,VET,5,64,Aston Martin,3478,18,55,t
42032,839,72,2021,1052,United States Grand Prix,17,2021-10-24,69,Circuit of the Americas,USA,1052,4229,R,Race,False,11,0,Antonio,Giovinazzi,GIO,99,1,Alfa Romeo,3475,12,55,t
42035,840,72,2021,1052,United States Grand Prix,17,2021-10-24,69,Circuit of the Americas,USA,1052,4229,R,Race,False,12,0,Lance,Stroll,STR,18,64,Aston Martin,3473,13,55,t
42037,762,72,2021,1052,United States Grand Prix,17,2021-10-24,69,Circuit of the Americas,USA,1052,4229,R,Race,False,13,0,Kimi,Räikkönen,RAI,7,1,Alfa Romeo,3474,15,55,t
42039,847,72,2021,1052,United States Grand Prix,17,2021-10-24,69,Circuit of the Americas,USA,1052,4229,R,Race,False,14,0,George,Russell,RUS,63,141,Williams,3477,20,55,t
42041,848,72,2021,1052,United States Grand Prix,17,2021-10-24,69,Circuit of the Americas,USA,1052,4229,R,Race,False,15,0,Nicholas,Latifi,LAT,6,141,Williams,3481,14,55,t
42043,852,72,2021,1052,United States Grand Prix,17,2021-10-24,69,Circuit of the Americas,USA,1052,4229,R,Race,False,16,0,Mick,Schumacher,MSC,47,207,Haas F1 Team,3479,16,54,t
42045,853,72,2021,1052,United States Grand Prix,17,2021-10-24,69,Circuit of the Americas,USA,1052,4229,R,Race,False,17,0,Nikita,Mazepin,MAZ,9,207,Haas F1 Team,3483,17,54,t
42047,763,72,2021,1052,United States Grand Prix,17,2021-10-24,69,Circuit of the Americas,USA,1052,4229,R,Race,False,18,0,Fernando,Alonso,ALO,14,210,Alpine F1 Team,3482,19,49,f
42050,838,72,2021,1052,United States Grand Prix,17,2021-10-24,69,Circuit of the Americas,USA,1052,4229,R,Race,False,19,0,Esteban,Ocon,OCO,31,210,Alpine F1 Team,3476,11,40,f
42053,841,72,2021,1052,United States Grand Prix,17,2021-10-24,69,Circuit of the Americas,USA,1052,4229,R,Race,False,20,0,Pierre,Gasly,GAS,10,209,AlphaTauri,3480,8,14,f
42057,831,72,2021,1053,Mexico City Grand Prix,18,2021-11-07,23,Autódromo Hermanos Rodríguez,Mexico,1053,4236,R,Race,False,1,25,Max,Verstappen,VER,33,191,Red Bull,3465,3,71,t
42061,795,72,2021,1053,Mexico City Grand Prix,18,2021-11-07,23,Autódromo Hermanos Rodríguez,Mexico,1053,4236,R,Race,False,2,18,Lewis,Hamilton,HAM,44,48,Mercedes,3464,2,71,t
42065,815,72,2021,1053,Mexico City Grand Prix,18,2021-11-07,23,Autódromo Hermanos Rodríguez,Mexico,1053,4236,R,Race,False,3,15,Sergio,Pérez,PER,11,191,Red Bull,3468,4,71,t
42069,841,72,2021,1053,Mexico City Grand Prix,18,2021-11-07,23,Autódromo Hermanos Rodríguez,Mexico,1053,4236,R,Race,False,4,12,Pierre,Gasly,GAS,10,209,AlphaTauri,3480,5,71,t
42073,843,72,2021,1053,Mexico City Grand Prix,18,2021-11-07,23,Autódromo Hermanos Rodríguez,Mexico,1053,4236,R,Race,False,5,10,Charles,Leclerc,LEC,16,6,Ferrari,3469,8,71,t
42077,830,72,2021,1053,Mexico City Grand Prix,18,2021-11-07,23,Autódromo Hermanos Rodríguez,Mexico,1053,4236,R,Race,False,6,8,Carlos,Sainz,SAI,55,6,Ferrari,3471,6,70,t
42081,798,72,2021,1053,Mexico City Grand Prix,18,2021-11-07,23,Autódromo Hermanos Rodríguez,Mexico,1053,4236,R,Race,False,7,6,Sebastian,Vettel,VET,5,64,Aston Martin,3478,9,70,t
42084,762,72,2021,1053,Mexico City Grand Prix,18,2021-11-07,23,Autódromo Hermanos Rodríguez,Mexico,1053,4236,R,Race,False,8,4,Kimi,Räikkönen,RAI,7,1,Alfa Romeo,3474,10,70,t
42087,763,72,2021,1053,Mexico City Grand Prix,18,2021-11-07,23,Autódromo Hermanos Rodríguez,Mexico,1053,4236,R,Race,False,9,2,Fernando,Alonso,ALO,14,210,Alpine F1 Team,3482,12,70,t
42089,845,72,2021,1053,Mexico City Grand Prix,18,2021-11-07,23,Autódromo Hermanos Rodríguez,Mexico,1053,4236,R,Race,False,10,1,Lando,Norris,NOR,4,117,McLaren,3467,18,70,t
42093,839,72,2021,1053,Mexico City Grand Prix,18,2021-11-07,23,Autódromo Hermanos Rodríguez,Mexico,1053,4236,R,Race,False,11,0,Antonio,Giovinazzi,GIO,99,1,Alfa Romeo,3475,11,70,t
42096,816,72,2021,1053,Mexico City Grand Prix,18,2021-11-07,23,Autódromo Hermanos Rodríguez,Mexico,1053,4236,R,Race,False,12,0,Daniel,Ricciardo,RIC,3,117,McLaren,3470,7,70,t
42100,838,72,2021,1053,Mexico City Grand Prix,18,2021-11-07,23,Autódromo Hermanos Rodríguez,Mexico,1053,4236,R,Race,False,13,0,Esteban,Ocon,OCO,31,210,Alpine F1 Team,3476,19,70,t
42103,840,72,2021,1053,Mexico City Grand Prix,18,2021-11-07,23,Autódromo Hermanos Rodríguez,Mexico,1053,4236,R,Race,False,14,0,Lance,Stroll,STR,18,64,Aston Martin,3473,20,69,t
42105,820,72,2021,1053,Mexico City Grand Prix,18,2021-11-07,23,Autódromo Hermanos Rodríguez,Mexico,1053,4236,R,Race,False,15,0,Valtteri,Bottas,BOT,77,48,Mercedes,3466,1,69,t
42109,847,72,2021,1053,Mexico City Grand Prix,18,2021-11-07,23,Autódromo Hermanos Rodríguez,Mexico,1053,4236,R,Race,False,16,0,George,Russell,RUS,63,141,Williams,3477,16,69,t
42112,848,72,2021,1053,Mexico City Grand Prix,18,2021-11-07,23,Autódromo Hermanos Rodríguez,Mexico,1053,4236,R,Race,False,17,0,Nicholas,Latifi,LAT,6,141,Williams,3481,13,69,t
42114,853,72,2021,1053,Mexico City Grand Prix,18,2021-11-07,23,Autódromo Hermanos Rodríguez,Mexico,1053,4236,R,Race,False,18,0,Nikita,Mazepin,MAZ,9,207,Haas F1 Team,3483,15,68,t
42116,852,72,2021,1053,Mexico City Grand Prix,18,2021-11-07,23,Autódromo Hermanos Rodríguez,Mexico,1053,4236,R,Race,False,19,0,Mick,Schumacher,MSC,47,207,Haas F1 Team,3479,14,0,f
42118,851,72,2021,1053,Mexico City Grand Prix,18,2021-11-07,23,Autódromo Hermanos Rodríguez,Mexico,1053,4236,R,Race,False,20,0,Yuki,Tsunoda,TSU,22,209,AlphaTauri,3472,17,0,f
42136,820,72,2021,1054,São Paulo Grand Prix,19,2021-11-14,37,Autódromo José Carlos Pace,Brazil,1054,4249,SR,Sprint,True,1,3,Valtteri,Bottas,BOT,77,48,Mercedes,3466,2,24,t
42131,831,72,2021,1054,São Paulo Grand Prix,19,2021-11-14,37,Autódromo José Carlos Pace,Brazil,1054,4249,SR,Sprint,True,2,2,Max,Verstappen,VER,33,191,Red Bull,3465,1,24,t
42151,830,72,2021,1054,São Paulo Grand Prix,19,2021-11-14,37,Autódromo José Carlos Pace,Brazil,1054,4249,SR,Sprint,True,3,1,Carlos,Sainz,SAI,55,6,Ferrari,3471,5,24,t
42141,815,72,2021,1054,São Paulo Grand Prix,19,2021-11-14,37,Autódromo José Carlos Pace,Brazil,1054,4249,SR,Sprint,True,4,0,Sergio,Pérez,PER,11,191,Red Bull,3468,3,24,t
42126,795,72,2021,1054,São Paulo Grand Prix,19,2021-11-14,37,Autódromo José Carlos Pace,Brazil,1054,4249,SR,Sprint,True,5,0,Lewis,Hamilton,HAM,44,48,Mercedes,3464,20,24,t
42170,845,72,2021,1054,São Paulo Grand Prix,19,2021-11-14,37,Autódromo José Carlos Pace,Brazil,1054,4249,SR,Sprint,True,6,0,Lando,Norris,NOR,4,117,McLaren,3467,7,24,t
42146,843,72,2021,1054,São Paulo Grand Prix,19,2021-11-14,37,Autódromo José Carlos Pace,Brazil,1054,4249,SR,Sprint,True,7,0,Charles,Leclerc,LEC,16,6,Ferrari,3469,6,24,t
42156,841,72,2021,1054,São Paulo Grand Prix,19,2021-11-14,37,Autódromo José Carlos Pace,Brazil,1054,4249,SR,Sprint,True,8,0,Pierre,Gasly,GAS,10,209,AlphaTauri,3480,4,24,t
42160,838,72,2021,1054,São Paulo Grand Prix,19,2021-11-14,37,Autódromo José Carlos Pace,Brazil,1054,4249,SR,Sprint,True,9,0,Esteban,Ocon,OCO,31,210,Alpine F1 Team,3476,10,24,t
42174,798,72,2021,1054,São Paulo Grand Prix,19,2021-11-14,37,Autódromo José Carlos Pace,Brazil,1054,4249,SR,Sprint,True,10,0,Sebastian,Vettel,VET,5,64,Aston Martin,3478,11,24,t
42203,816,72,2021,1054,São Paulo Grand Prix,19,2021-11-14,37,Autódromo José Carlos Pace,Brazil,1054,4249,SR,Sprint,True,11,0,Daniel,Ricciardo,RIC,3,117,McLaren,3470,8,24,t
42165,763,72,2021,1054,São Paulo Grand Prix,19,2021-11-14,37,Autódromo José Carlos Pace,Brazil,1054,4249,SR,Sprint,True,12,0,Fernando,Alonso,ALO,14,210,Alpine F1 Team,3482,9,24,t
42185,839,72,2021,1054,São Paulo Grand Prix,19,2021-11-14,37,Autódromo José Carlos Pace,Brazil,1054,4249,SR,Sprint,True,13,0,Antonio,Giovinazzi,GIO,99,1,Alfa Romeo,3475,14,24,t
42206,840,72,2021,1054,São Paulo Grand Prix,19,2021-11-14,37,Autódromo José Carlos Pace,Brazil,1054,4249,SR,Sprint,True,14,0,Lance,Stroll,STR,18,64,Aston Martin,3473,15,24,t
42189,851,72,2021,1054,São Paulo Grand Prix,19,2021-11-14,37,Autódromo José Carlos Pace,Brazil,1054,4249,SR,Sprint,True,15,0,Yuki,Tsunoda,TSU,22,209,AlphaTauri,3472,12,24,t
42192,848,72,2021,1054,São Paulo Grand Prix,19,2021-11-14,37,Autódromo José Carlos Pace,Brazil,1054,4249,SR,Sprint,True,16,0,Nicholas,Latifi,LAT,6,141,Williams,3481,16,24,t
42181,847,72,2021,1054,São Paulo Grand Prix,19,2021-11-14,37,Autódromo José Carlos Pace,Brazil,1054,4249,SR,Sprint,True,17,0,George,Russell,RUS,63,141,Williams,3477,17,24,t
42178,762,72,2021,1054,São Paulo Grand Prix,19,2021-11-14,37,Autódromo José Carlos Pace,Brazil,1054,4249,SR,Sprint,True,18,0,Kimi,Räikkönen,RAI,7,1,Alfa Romeo,3474,13,24,t
42198,852,72,2021,1054,São Paulo Grand Prix,19,2021-11-14,37,Autódromo José Carlos Pace,Brazil,1054,4249,SR,Sprint,True,19,0,Mick,Schumacher,MSC,47,207,Haas F1 Team,3479,18,24,t
42195,853,72,2021,1054,São Paulo Grand Prix,19,2021-11-14,37,Autódromo José Carlos Pace,Brazil,1054,4249,SR,Sprint,True,20,0,Nikita,Mazepin,MAZ,9,207,Haas F1 Team,3483,19,24,t
42122,795,72,2021,1054,São Paulo Grand Prix,19,2021-11-14,37,Autódromo José Carlos Pace,Brazil,1054,4243,R,Race,False,1,25,Lewis,Hamilton,HAM,44,48,Mercedes,3464,10,71,t
42127,831,72,2021,1054,São Paulo Grand Prix,19,2021-11-14,37,Autódromo José Carlos Pace,Brazil,1054,4243,R,Race,False,2,18,Max,Verstappen,VER,33,191,Red Bull,3465,2,71,t
42132,820,72,2021,1054,São Paulo Grand Prix,19,2021-11-14,37,Autódromo José Carlos Pace,Brazil,1054,4243,R,Race,False,3,15,Valtteri,Bottas,BOT,77,48,Mercedes,3466,1,71,t
42137,815,72,2021,1054,São Paulo Grand Prix,19,2021-11-14,37,Autódromo José Carlos Pace,Brazil,1054,4243,R,Race,False,4,13,Sergio,Pérez,PER,11,191,Red Bull,3468,4,71,t
42142,843,72,2021,1054,São Paulo Grand Prix,19,2021-11-14,37,Autódromo José Carlos Pace,Brazil,1054,4243,R,Race,False,5,10,Charles,Leclerc,LEC,16,6,Ferrari,3469,6,71,t
42147,830,72,2021,1054,São Paulo Grand Prix,19,2021-11-14,37,Autódromo José Carlos Pace,Brazil,1054,4243,R,Race,False,6,8,Carlos,Sainz,SAI,55,6,Ferrari,3471,3,71,t
42152,841,72,2021,1054,São Paulo Grand Prix,19,2021-11-14,37,Autódromo José Carlos Pace,Brazil,1054,4243,R,Race,False,7,6,Pierre,Gasly,GAS,10,209,AlphaTauri,3480,7,70,t
42157,838,72,2021,1054,São Paulo Grand Prix,19,2021-11-14,37,Autódromo José Carlos Pace,Brazil,1054,4243,R,Race,False,8,4,Esteban,Ocon,OCO,31,210,Alpine F1 Team,3476,8,70,t
42161,763,72,2021,1054,São Paulo Grand Prix,19,2021-11-14,37,Autódromo José Carlos Pace,Brazil,1054,4243,R,Race,False,9,2,Fernando,Alonso,ALO,14,210,Alpine F1 Team,3482,12,70,t
42166,845,72,2021,1054,São Paulo Grand Prix,19,2021-11-14,37,Autódromo José Carlos Pace,Brazil,1054,4243,R,Race,False,10,1,Lando,Norris,NOR,4,117,McLaren,3467,5,70,t
42171,798,72,2021,1054,São Paulo Grand Prix,19,2021-11-14,37,Autódromo José Carlos Pace,Brazil,1054,4243,R,Race,False,11,0,Sebastian,Vettel,VET,5,64,Aston Martin,3478,9,70,t
42175,762,72,2021,1054,São Paulo Grand Prix,19,2021-11-14,37,Autódromo José Carlos Pace,Brazil,1054,4243,R,Race,False,12,0,Kimi,Räikkönen,RAI,7,1,Alfa Romeo,3474,0,70,t
42179,847,72,2021,1054,São Paulo Grand Prix,19,2021-11-14,37,Autódromo José Carlos Pace,Brazil,1054,4243,R,Race,False,13,0,George,Russell,RUS,63,141,Williams,3477,17,70,t
42182,839,72,2021,1054,São Paulo Grand Prix,19,2021-11-14,37,Autódromo José Carlos Pace,Brazil,1054,4243,R,Race,False,14,0,Antonio,Giovinazzi,GIO,99,1,Alfa Romeo,3475,13,70,t
42186,851,72,2021,1054,São Paulo Grand Prix,19,2021-11-14,37,Autódromo José Carlos Pace,Brazil,1054,4243,R,Race,False,15,0,Yuki,Tsunoda,TSU,22,209,AlphaTauri,3472,15,70,t
42190,848,72,2021,1054,São Paulo Grand Prix,19,2021-11-14,37,Autódromo José Carlos Pace,Brazil,1054,4243,R,Race,False,16,0,Nicholas,Latifi,LAT,6,141,Williams,3481,16,70,t
42193,853,72,2021,1054,São Paulo Grand Prix,19,2021-11-14,37,Autódromo José Carlos Pace,Brazil,1054,4243,R,Race,False,17,0,Nikita,Mazepin,MAZ,9,207,Haas F1 Team,3483,19,69,t
42196,852,72,2021,1054,São Paulo Grand Prix,19,2021-11-14,37,Autódromo José Carlos Pace,Brazil,1054,4243,R,Race,False,18,0,Mick,Schumacher,MSC,47,207,Haas F1 Team,3479,18,69,t
42199,816,72,2021,1054,São Paulo Grand Prix,19,2021-11-14,37,Autódromo José Carlos Pace,Brazil,1054,4243,R,Race,False,19,0,Daniel,Ricciardo,RIC,3,117,McLaren,3470,11,49,f
42204,840,72,2021,1054,São Paulo Grand Prix,19,2021-11-14,37,Autódromo José Carlos Pace,Brazil,1054,4243,R,Race,False,20,0,Lance,Stroll,STR,18,64,Aston Martin,3473,14,47,f
42207,795,72,2021,1055,Qatar Grand Prix,20,2021-11-21,74,Losail International Circuit,Qatar,1055,4250,R,Race,False,1,25,Lewis,Hamilton,HAM,44,48,Mercedes,3464,1,57,t
42211,831,72,2021,1055,Qatar Grand Prix,20,2021-11-21,74,Losail International Circuit,Qatar,1055,4250,R,Race,False,2,19,Max,Verstappen,VER,33,191,Red Bull,3465,7,57,t
42215,763,72,2021,1055,Qatar Grand Prix,20,2021-11-21,74,Losail International Circuit,Qatar,1055,4250,R,Race,False,3,15,Fernando,Alonso,ALO,14,210,Alpine F1 Team,3482,3,57,t
42219,815,72,2021,1055,Qatar Grand Prix,20,2021-11-21,74,Losail International Circuit,Qatar,1055,4250,R,Race,False,4,12,Sergio,Pérez,PER,11,191,Red Bull,3468,11,57,t
42222,838,72,2021,1055,Qatar Grand Prix,20,2021-11-21,74,Losail International Circuit,Qatar,1055,4250,R,Race,False,5,10,Esteban,Ocon,OCO,31,210,Alpine F1 Team,3476,9,57,t
42226,840,72,2021,1055,Qatar Grand Prix,20,2021-11-21,74,Losail International Circuit,Qatar,1055,4250,R,Race,False,6,8,Lance,Stroll,STR,18,64,Aston Martin,3473,12,57,t
42229,830,72,2021,1055,Qatar Grand Prix,20,2021-11-21,74,Losail International Circuit,Qatar,1055,4250,R,Race,False,7,6,Carlos,Sainz,SAI,55,6,Ferrari,3471,5,57,t
42233,843,72,2021,1055,Qatar Grand Prix,20,2021-11-21,74,Losail International Circuit,Qatar,1055,4250,R,Race,False,8,4,Charles,Leclerc,LEC,16,6,Ferrari,3469,13,57,t
42236,845,72,2021,1055,Qatar Grand Prix,20,2021-11-21,74,Losail International Circuit,Qatar,1055,4250,R,Race,False,9,2,Lando,Norris,NOR,4,117,McLaren,3467,4,56,t
42240,798,72,2021,1055,Qatar Grand Prix,20,2021-11-21,74,Losail International Circuit,Qatar,1055,4250,R,Race,False,10,1,Sebastian,Vettel,VET,5,64,Aston Martin,3478,10,56,t
42244,841,72,2021,1055,Qatar Grand Prix,20,2021-11-21,74,Losail International Circuit,Qatar,1055,4250,R,Race,False,11,0,Pierre,Gasly,GAS,10,209,AlphaTauri,3480,2,56,t
42248,816,72,2021,1055,Qatar Grand Prix,20,2021-11-21,74,Losail International Circuit,Qatar,1055,4250,R,Race,False,12,0,Daniel,Ricciardo,RIC,3,117,McLaren,3470,14,56,t
42251,851,72,2021,1055,Qatar Grand Prix,20,2021-11-21,74,Losail International Circuit,Qatar,1055,4250,R,Race,False,13,0,Yuki,Tsunoda,TSU,22,209,AlphaTauri,3472,8,56,t
42255,762,72,2021,1055,Qatar Grand Prix,20,2021-11-21,74,Losail International Circuit,Qatar,1055,4250,R,Race,False,14,0,Kimi,Räikkönen,RAI,7,1,Alfa Romeo,3474,16,56,t
42257,839,72,2021,1055,Qatar Grand Prix,20,2021-11-21,74,Losail International Circuit,Qatar,1055,4250,R,Race,False,15,0,Antonio,Giovinazzi,GIO,99,1,Alfa Romeo,3475,18,56,t
42259,852,72,2021,1055,Qatar Grand Prix,20,2021-11-21,74,Losail International Circuit,Qatar,1055,4250,R,Race,False,16,0,Mick,Schumacher,MSC,47,207,Haas F1 Team,3479,19,56,t
42261,847,72,2021,1055,Qatar Grand Prix,20,2021-11-21,74,Losail International Circuit,Qatar,1055,4250,R,Race,False,17,0,George,Russell,RUS,63,141,Williams,3477,15,55,t
42264,853,72,2021,1055,Qatar Grand Prix,20,2021-11-21,74,Losail International Circuit,Qatar,1055,4250,R,Race,False,18,0,Nikita,Mazepin,MAZ,9,207,Haas F1 Team,3483,20,55,t
42266,848,72,2021,1055,Qatar Grand Prix,20,2021-11-21,74,Losail International Circuit,Qatar,1055,4250,R,Race,False,19,0,Nicholas,Latifi,LAT,6,141,Williams,3481,17,50,f
42268,820,72,2021,1055,Qatar Grand Prix,20,2021-11-21,74,Losail International Circuit,Qatar,1055,4250,R,Race,False,20,0,Valtteri,Bottas,BOT,77,48,Mercedes,3466,6,48,f
42272,795,72,2021,1056,Saudi Arabian Grand Prix,21,2021-12-05,75,Jeddah Corniche Circuit,Saudi Arabia,1056,4257,R,Race,False,1,26,Lewis,Hamilton,HAM,44,48,Mercedes,3464,1,50,t
42276,831,72,2021,1056,Saudi Arabian Grand Prix,21,2021-12-05,75,Jeddah Corniche Circuit,Saudi Arabia,1056,4257,R,Race,False,2,18,Max,Verstappen,VER,33,191,Red Bull,3465,3,50,t
42280,820,72,2021,1056,Saudi Arabian Grand Prix,21,2021-12-05,75,Jeddah Corniche Circuit,Saudi Arabia,1056,4257,R,Race,False,3,15,Valtteri,Bottas,BOT,77,48,Mercedes,3466,2,50,t
42284,838,72,2021,1056,Saudi Arabian Grand Prix,21,2021-12-05,75,Jeddah Corniche Circuit,Saudi Arabia,1056,4257,R,Race,False,4,12,Esteban,Ocon,OCO,31,210,Alpine F1 Team,3476,9,50,t
42288,816,72,2021,1056,Saudi Arabian Grand Prix,21,2021-12-05,75,Jeddah Corniche Circuit,Saudi Arabia,1056,4257,R,Race,False,5,10,Daniel,Ricciardo,RIC,3,117,McLaren,3470,11,50,t
42291,841,72,2021,1056,Saudi Arabian Grand Prix,21,2021-12-05,75,Jeddah Corniche Circuit,Saudi Arabia,1056,4257,R,Race,False,6,8,Pierre,Gasly,GAS,10,209,AlphaTauri,3480,6,50,t
42295,843,72,2021,1056,Saudi Arabian Grand Prix,21,2021-12-05,75,Jeddah Corniche Circuit,Saudi Arabia,1056,4257,R,Race,False,7,6,Charles,Leclerc,LEC,16,6,Ferrari,3469,4,50,t
42299,830,72,2021,1056,Saudi Arabian Grand Prix,21,2021-12-05,75,Jeddah Corniche Circuit,Saudi Arabia,1056,4257,R,Race,False,8,4,Carlos,Sainz,SAI,55,6,Ferrari,3471,15,50,t
42302,839,72,2021,1056,Saudi Arabian Grand Prix,21,2021-12-05,75,Jeddah Corniche Circuit,Saudi Arabia,1056,4257,R,Race,False,9,2,Antonio,Giovinazzi,GIO,99,1,Alfa Romeo,3475,10,50,t
42306,845,72,2021,1056,Saudi Arabian Grand Prix,21,2021-12-05,75,Jeddah Corniche Circuit,Saudi Arabia,1056,4257,R,Race,False,10,1,Lando,Norris,NOR,4,117,McLaren,3467,7,50,t
42310,840,72,2021,1056,Saudi Arabian Grand Prix,21,2021-12-05,75,Jeddah Corniche Circuit,Saudi Arabia,1056,4257,R,Race,False,11,0,Lance,Stroll,STR,18,64,Aston Martin,3473,18,50,t
42312,848,72,2021,1056,Saudi Arabian Grand Prix,21,2021-12-05,75,Jeddah Corniche Circuit,Saudi Arabia,1056,4257,R,Race,False,12,0,Nicholas,Latifi,LAT,6,141,Williams,3481,16,50,t
42314,763,72,2021,1056,Saudi Arabian Grand Prix,21,2021-12-05,75,Jeddah Corniche Circuit,Saudi Arabia,1056,4257,R,Race,False,13,0,Fernando,Alonso,ALO,14,210,Alpine F1 Team,3482,13,49,t
42317,851,72,2021,1056,Saudi Arabian Grand Prix,21,2021-12-05,75,Jeddah Corniche Circuit,Saudi Arabia,1056,4257,R,Race,False,14,0,Yuki,Tsunoda,TSU,22,209,AlphaTauri,3472,8,49,t
42321,762,72,2021,1056,Saudi Arabian Grand Prix,21,2021-12-05,75,Jeddah Corniche Circuit,Saudi Arabia,1056,4257,R,Race,False,15,0,Kimi,Räikkönen,RAI,7,1,Alfa Romeo,3474,12,49,t
42324,798,72,2021,1056,Saudi Arabian Grand Prix,21,2021-12-05,75,Jeddah Corniche Circuit,Saudi Arabia,1056,4257,R,Race,False,16,0,Sebastian,Vettel,VET,5,64,Aston Martin,3478,17,44,f
42326,815,72,2021,1056,Saudi Arabian Grand Prix,21,2021-12-05,75,Jeddah Corniche Circuit,Saudi Arabia,1056,4257,R,Race,False,17,0,Sergio,Pérez,PER,11,191,Red Bull,3468,5,14,f
42330,853,72,2021,1056,Saudi Arabian Grand Prix,21,2021-12-05,75,Jeddah Corniche Circuit,Saudi Arabia,1056,4257,R,Race,False,18,0,Nikita,Mazepin,MAZ,9,207,Haas F1 Team,3483,20,14,f
42332,847,72,2021,1056,Saudi Arabian Grand Prix,21,2021-12-05,75,Jeddah Corniche Circuit,Saudi Arabia,1056,4257,R,Race,False,19,0,George,Russell,RUS,63,141,Williams,3477,14,14,f
42335,852,72,2021,1056,Saudi Arabian Grand Prix,21,2021-12-05,75,Jeddah Corniche Circuit,Saudi Arabia,1056,4257,R,Race,False,20,0,Mick,Schumacher,MSC,47,207,Haas F1 Team,3479,19,8,f
42337,831,72,2021,1057,Abu Dhabi Grand Prix,22,2021-12-12,66,Yas Marina Circuit,UAE,1057,4264,R,Race,False,1,26,Max,Verstappen,VER,33,191,Red Bull,3465,1,58,t
42341,795,72,2021,1057,Abu Dhabi Grand Prix,22,2021-12-12,66,Yas Marina Circuit,UAE,1057,4264,R,Race,False,2,18,Lewis,Hamilton,HAM,44,48,Mercedes,3464,2,58,t
42345,830,72,2021,1057,Abu Dhabi Grand Prix,22,2021-12-12,66,Yas Marina Circuit,UAE,1057,4264,R,Race,False,3,15,Carlos,Sainz,SAI,55,6,Ferrari,3471,5,58,t
42349,851,72,2021,1057,Abu Dhabi Grand Prix,22,2021-12-12,66,Yas Marina Circuit,UAE,1057,4264,R,Race,False,4,12,Yuki,Tsunoda,TSU,22,209,AlphaTauri,3472,8,58,t
42353,841,72,2021,1057,Abu Dhabi Grand Prix,22,2021-12-12,66,Yas Marina Circuit,UAE,1057,4264,R,Race,False,5,10,Pierre,Gasly,GAS,10,209,AlphaTauri,3480,12,58,t
42356,820,72,2021,1057,Abu Dhabi Grand Prix,22,2021-12-12,66,Yas Marina Circuit,UAE,1057,4264,R,Race,False,6,8,Valtteri,Bottas,BOT,77,48,Mercedes,3466,6,58,t
42360,845,72,2021,1057,Abu Dhabi Grand Prix,22,2021-12-12,66,Yas Marina Circuit,UAE,1057,4264,R,Race,False,7,6,Lando,Norris,NOR,4,117,McLaren,3467,3,58,t
42364,763,72,2021,1057,Abu Dhabi Grand Prix,22,2021-12-12,66,Yas Marina Circuit,UAE,1057,4264,R,Race,False,8,4,Fernando,Alonso,ALO,14,210,Alpine F1 Team,3482,11,58,t
42367,838,72,2021,1057,Abu Dhabi Grand Prix,22,2021-12-12,66,Yas Marina Circuit,UAE,1057,4264,R,Race,False,9,2,Esteban,Ocon,OCO,31,210,Alpine F1 Team,3476,9,58,t
42371,843,72,2021,1057,Abu Dhabi Grand Prix,22,2021-12-12,66,Yas Marina Circuit,UAE,1057,4264,R,Race,False,10,1,Charles,Leclerc,LEC,16,6,Ferrari,3469,7,58,t
42375,798,72,2021,1057,Abu Dhabi Grand Prix,22,2021-12-12,66,Yas Marina Circuit,UAE,1057,4264,R,Race,False,11,0,Sebastian,Vettel,VET,5,64,Aston Martin,3478,15,58,t
42378,816,72,2021,1057,Abu Dhabi Grand Prix,22,2021-12-12,66,Yas Marina Circuit,UAE,1057,4264,R,Race,False,12,0,Daniel,Ricciardo,RIC,3,117,McLaren,3470,10,57,t
42382,840,72,2021,1057,Abu Dhabi Grand Prix,22,2021-12-12,66,Yas Marina Circuit,UAE,1057,4264,R,Race,False,13,0,Lance,Stroll,STR,18,64,Aston Martin,3473,13,57,t
42385,852,72,2021,1057,Abu Dhabi Grand Prix,22,2021-12-12,66,Yas Marina Circuit,UAE,1057,4264,R,Race,False,14,0,Mick,Schumacher,MSC,47,207,Haas F1 Team,3479,19,57,t
42387,815,72,2021,1057,Abu Dhabi Grand Prix,22,2021-12-12,66,Yas Marina Circuit,UAE,1057,4264,R,Race,False,15,0,Sergio,Pérez,PER,11,191,Red Bull,3468,4,55,t
42391,848,72,2021,1057,Abu Dhabi Grand Prix,22,2021-12-12,66,Yas Marina Circuit,UAE,1057,4264,R,Race,False,16,0,Nicholas,Latifi,LAT,6,141,Williams,3481,16,50,f
42393,839,72,2021,1057,Abu Dhabi Grand Prix,22,2021-12-12,66,Yas Marina Circuit,UAE,1057,4264,R,Race,False,17,0,Antonio,Giovinazzi,GIO,99,1,Alfa Romeo,3475,14,33,f
42396,847,72,2021,1057,Abu Dhabi Grand Prix,22,2021-12-12,66,Yas Marina Circuit,UAE,1057,4264,R,Race,False,18,0,George,Russell,RUS,63,141,Williams,3477,17,26,f
42398,762,72,2021,1057,Abu Dhabi Grand Prix,22,2021-12-12,66,Yas Marina Circuit,UAE,1057,4264,R,Race,False,19,0,Kimi,Räikkönen,RAI,7,1,Alfa Romeo,3474,18,25,f
42400,853,72,2021,1057,Abu Dhabi Grand Prix,22,2021-12-12,66,Yas Marina Circuit,UAE,1057,4264,R,Race,False,20,0,Nikita,Mazepin,MAZ,9,207,Haas F1 Team,3483,20,0,f
42402,843,73,2022,1058,Bahrain Grand Prix,1,2022-03-20,61,Bahrain International Circuit,Bahrain,1058,4271,R,Race,False,1,26,Charles,Leclerc,LEC,16,6,Ferrari,3485,1,57,t
42406,830,73,2022,1058,Bahrain Grand Prix,1,2022-03-20,61,Bahrain International Circuit,Bahrain,1058,4271,R,Race,False,2,18,Carlos,Sainz,SAI,55,6,Ferrari,3486,3,57,t
42410,795,73,2022,1058,Bahrain Grand Prix,1,2022-03-20,61,Bahrain International Circuit,Bahrain,1058,4271,R,Race,False,3,15,Lewis,Hamilton,HAM,44,48,Mercedes,3487,5,57,t
42414,847,73,2022,1058,Bahrain Grand Prix,1,2022-03-20,61,Bahrain International Circuit,Bahrain,1058,4271,R,Race,False,4,12,George,Russell,RUS,63,48,Mercedes,3488,9,57,t
42418,824,73,2022,1058,Bahrain Grand Prix,1,2022-03-20,61,Bahrain International Circuit,Bahrain,1058,4271,R,Race,False,5,10,Kevin,Magnussen,MAG,20,207,Haas F1 Team,3489,7,57,t
42422,820,73,2022,1058,Bahrain Grand Prix,1,2022-03-20,61,Bahrain International Circuit,Bahrain,1058,4271,R,Race,False,6,8,Valtteri,Bottas,BOT,77,1,Alfa Romeo,3490,6,57,t
42426,838,73,2022,1058,Bahrain Grand Prix,1,2022-03-20,61,Bahrain International Circuit,Bahrain,1058,4271,R,Race,False,7,6,Esteban,Ocon,OCO,31,210,Alpine F1 Team,3491,11,57,t
42429,851,73,2022,1058,Bahrain Grand Prix,1,2022-03-20,61,Bahrain International Circuit,Bahrain,1058,4271,R,Race,False,8,4,Yuki,Tsunoda,TSU,22,209,AlphaTauri,3492,16,57,t
42431,763,73,2022,1058,Bahrain Grand Prix,1,2022-03-20,61,Bahrain International Circuit,Bahrain,1058,4271,R,Race,False,9,2,Fernando,Alonso,ALO,14,210,Alpine F1 Team,3493,8,57,t
42435,854,73,2022,1058,Bahrain Grand Prix,1,2022-03-20,61,Bahrain International Circuit,Bahrain,1058,4271,R,Race,False,10,1,Guanyu,Zhou,ZHO,24,1,Alfa Romeo,3494,15,57,t
42438,852,73,2022,1058,Bahrain Grand Prix,1,2022-03-20,61,Bahrain International Circuit,Bahrain,1058,4271,R,Race,False,11,0,Mick,Schumacher,MSC,47,207,Haas F1 Team,3495,12,57,t
42441,840,73,2022,1058,Bahrain Grand Prix,1,2022-03-20,61,Bahrain International Circuit,Bahrain,1058,4271,R,Race,False,12,0,Lance,Stroll,STR,18,64,Aston Martin,3496,19,57,t
42443,846,73,2022,1058,Bahrain Grand Prix,1,2022-03-20,61,Bahrain International Circuit,Bahrain,1058,4271,R,Race,False,13,0,Alexander,Albon,ALB,23,141,Williams,3497,14,57,t
42446,816,73,2022,1058,Bahrain Grand Prix,1,2022-03-20,61,Bahrain International Circuit,Bahrain,1058,4271,R,Race,False,14,0,Daniel,Ricciardo,RIC,3,117,McLaren,3498,18,57,t
42448,845,73,2022,1058,Bahrain Grand Prix,1,2022-03-20,61,Bahrain International Circuit,Bahrain,1058,4271,R,Race,False,15,0,Lando,Norris,NOR,4,117,McLaren,3499,13,57,t
42451,848,73,2022,1058,Bahrain Grand Prix,1,2022-03-20,61,Bahrain International Circuit,Bahrain,1058,4271,R,Race,False,16,0,Nicholas,Latifi,LAT,6,141,Williams,3500,20,57,t
42453,807,73,2022,1058,Bahrain Grand Prix,1,2022-03-20,61,Bahrain International Circuit,Bahrain,1058,4271,R,Race,False,17,0,Nico,Hülkenberg,HUL,27,64,Aston Martin,3501,17,57,t
42455,815,73,2022,1058,Bahrain Grand Prix,1,2022-03-20,61,Bahrain International Circuit,Bahrain,1058,4271,R,Race,False,18,0,Sergio,Pérez,PER,11,191,Red Bull,3502,4,56,t
42459,831,73,2022,1058,Bahrain Grand Prix,1,2022-03-20,61,Bahrain International Circuit,Bahrain,1058,4271,R,Race,False,19,0,Max,Verstappen,VER,1,191,Red Bull,3503,2,54,t
42463,841,73,2022,1058,Bahrain Grand Prix,1,2022-03-20,61,Bahrain International Circuit,Bahrain,1058,4271,R,Race,False,20,0,Pierre,Gasly,GAS,10,209,AlphaTauri,3504,10,44,f
42467,831,73,2022,1059,Saudi Arabian Grand Prix,2,2022-03-27,75,Jeddah Corniche Circuit,Saudi Arabia,1059,4278,R,Race,False,1,25,Max,Verstappen,VER,1,191,Red Bull,3503,4,50,t
42471,843,73,2022,1059,Saudi Arabian Grand Prix,2,2022-03-27,75,Jeddah Corniche Circuit,Saudi Arabia,1059,4278,R,Race,False,2,19,Charles,Leclerc,LEC,16,6,Ferrari,3485,2,50,t
42475,830,73,2022,1059,Saudi Arabian Grand Prix,2,2022-03-27,75,Jeddah Corniche Circuit,Saudi Arabia,1059,4278,R,Race,False,3,15,Carlos,Sainz,SAI,55,6,Ferrari,3486,3,50,t
42479,815,73,2022,1059,Saudi Arabian Grand Prix,2,2022-03-27,75,Jeddah Corniche Circuit,Saudi Arabia,1059,4278,R,Race,False,4,12,Sergio,Pérez,PER,11,191,Red Bull,3502,1,50,t
42483,847,73,2022,1059,Saudi Arabian Grand Prix,2,2022-03-27,75,Jeddah Corniche Circuit,Saudi Arabia,1059,4278,R,Race,False,5,10,George,Russell,RUS,63,48,Mercedes,3488,6,50,t
42487,838,73,2022,1059,Saudi Arabian Grand Prix,2,2022-03-27,75,Jeddah Corniche Circuit,Saudi Arabia,1059,4278,R,Race,False,6,8,Esteban,Ocon,OCO,31,210,Alpine F1 Team,3491,5,50,t
42491,845,73,2022,1059,Saudi Arabian Grand Prix,2,2022-03-27,75,Jeddah Corniche Circuit,Saudi Arabia,1059,4278,R,Race,False,7,6,Lando,Norris,NOR,4,117,McLaren,3499,11,50,t
42494,841,73,2022,1059,Saudi Arabian Grand Prix,2,2022-03-27,75,Jeddah Corniche Circuit,Saudi Arabia,1059,4278,R,Race,False,8,4,Pierre,Gasly,GAS,10,209,AlphaTauri,3504,9,50,t
42498,824,73,2022,1059,Saudi Arabian Grand Prix,2,2022-03-27,75,Jeddah Corniche Circuit,Saudi Arabia,1059,4278,R,Race,False,9,2,Kevin,Magnussen,MAG,20,207,Haas F1 Team,3489,10,50,t
42502,795,73,2022,1059,Saudi Arabian Grand Prix,2,2022-03-27,75,Jeddah Corniche Circuit,Saudi Arabia,1059,4278,R,Race,False,10,1,Lewis,Hamilton,HAM,44,48,Mercedes,3487,15,50,t
42504,854,73,2022,1059,Saudi Arabian Grand Prix,2,2022-03-27,75,Jeddah Corniche Circuit,Saudi Arabia,1059,4278,R,Race,False,11,0,Guanyu,Zhou,ZHO,24,1,Alfa Romeo,3494,12,50,t
42507,807,73,2022,1059,Saudi Arabian Grand Prix,2,2022-03-27,75,Jeddah Corniche Circuit,Saudi Arabia,1059,4278,R,Race,False,12,0,Nico,Hülkenberg,HUL,27,64,Aston Martin,3501,17,50,t
42509,840,73,2022,1059,Saudi Arabian Grand Prix,2,2022-03-27,75,Jeddah Corniche Circuit,Saudi Arabia,1059,4278,R,Race,False,13,0,Lance,Stroll,STR,18,64,Aston Martin,3496,13,49,t
42512,846,73,2022,1059,Saudi Arabian Grand Prix,2,2022-03-27,75,Jeddah Corniche Circuit,Saudi Arabia,1059,4278,R,Race,False,14,0,Alexander,Albon,ALB,23,141,Williams,3497,16,47,t
42514,820,73,2022,1059,Saudi Arabian Grand Prix,2,2022-03-27,75,Jeddah Corniche Circuit,Saudi Arabia,1059,4278,R,Race,False,15,0,Valtteri,Bottas,BOT,77,1,Alfa Romeo,3490,8,36,f
42518,763,73,2022,1059,Saudi Arabian Grand Prix,2,2022-03-27,75,Jeddah Corniche Circuit,Saudi Arabia,1059,4278,R,Race,False,16,0,Fernando,Alonso,ALO,14,210,Alpine F1 Team,3493,7,35,f
42522,816,73,2022,1059,Saudi Arabian Grand Prix,2,2022-03-27,75,Jeddah Corniche Circuit,Saudi Arabia,1059,4278,R,Race,False,17,0,Daniel,Ricciardo,RIC,3,117,McLaren,3498,14,35,f
42525,848,73,2022,1059,Saudi Arabian Grand Prix,2,2022-03-27,75,Jeddah Corniche Circuit,Saudi Arabia,1059,4278,R,Race,False,18,0,Nicholas,Latifi,LAT,6,141,Williams,3500,18,14,f
42527,851,73,2022,1059,Saudi Arabian Grand Prix,2,2022-03-27,75,Jeddah Corniche Circuit,Saudi Arabia,1059,4278,R,Race,False,19,0,Yuki,Tsunoda,TSU,22,209,AlphaTauri,3492,19,0,f
42529,852,73,2022,1059,Saudi Arabian Grand Prix,2,2022-03-27,75,Jeddah Corniche Circuit,Saudi Arabia,1059,4278,R,Race,False,20,0,Mick,Schumacher,MSC,47,207,Haas F1 Team,3495,0,0,f
42532,843,73,2022,1060,Australian Grand Prix,3,2022-04-10,59,Albert Park Grand Prix Circuit,Australia,1060,4285,R,Race,False,1,26,Charles,Leclerc,LEC,16,6,Ferrari,3485,1,58,t
42536,815,73,2022,1060,Australian Grand Prix,3,2022-04-10,59,Albert Park Grand Prix Circuit,Australia,1060,4285,R,Race,False,2,18,Sergio,Pérez,PER,11,191,Red Bull,3502,3,58,t
42540,847,73,2022,1060,Australian Grand Prix,3,2022-04-10,59,Albert Park Grand Prix Circuit,Australia,1060,4285,R,Race,False,3,15,George,Russell,RUS,63,48,Mercedes,3488,6,58,t
42544,795,73,2022,1060,Australian Grand Prix,3,2022-04-10,59,Albert Park Grand Prix Circuit,Australia,1060,4285,R,Race,False,4,12,Lewis,Hamilton,HAM,44,48,Mercedes,3487,5,58,t
42548,845,73,2022,1060,Australian Grand Prix,3,2022-04-10,59,Albert Park Grand Prix Circuit,Australia,1060,4285,R,Race,False,5,10,Lando,Norris,NOR,4,117,McLaren,3499,4,58,t
42552,816,73,2022,1060,Australian Grand Prix,3,2022-04-10,59,Albert Park Grand Prix Circuit,Australia,1060,4285,R,Race,False,6,8,Daniel,Ricciardo,RIC,3,117,McLaren,3498,7,58,t
42556,838,73,2022,1060,Australian Grand Prix,3,2022-04-10,59,Albert Park Grand Prix Circuit,Australia,1060,4285,R,Race,False,7,6,Esteban,Ocon,OCO,31,210,Alpine F1 Team,3491,8,58,t
42560,820,73,2022,1060,Australian Grand Prix,3,2022-04-10,59,Albert Park Grand Prix Circuit,Australia,1060,4285,R,Race,False,8,4,Valtteri,Bottas,BOT,77,1,Alfa Romeo,3490,12,58,t
42563,841,73,2022,1060,Australian Grand Prix,3,2022-04-10,59,Albert Park Grand Prix Circuit,Australia,1060,4285,R,Race,False,9,2,Pierre,Gasly,GAS,10,209,AlphaTauri,3504,11,58,t
42566,846,73,2022,1060,Australian Grand Prix,3,2022-04-10,59,Albert Park Grand Prix Circuit,Australia,1060,4285,R,Race,False,10,1,Alexander,Albon,ALB,23,141,Williams,3497,20,58,t
42568,854,73,2022,1060,Australian Grand Prix,3,2022-04-10,59,Albert Park Grand Prix Circuit,Australia,1060,4285,R,Race,False,11,0,Guanyu,Zhou,ZHO,24,1,Alfa Romeo,3494,14,58,t
42571,840,73,2022,1060,Australian Grand Prix,3,2022-04-10,59,Albert Park Grand Prix Circuit,Australia,1060,4285,R,Race,False,12,0,Lance,Stroll,STR,18,64,Aston Martin,3496,19,58,t
42573,852,73,2022,1060,Australian Grand Prix,3,2022-04-10,59,Albert Park Grand Prix Circuit,Australia,1060,4285,R,Race,False,13,0,Mick,Schumacher,MSC,47,207,Haas F1 Team,3495,15,57,t
42576,824,73,2022,1060,Australian Grand Prix,3,2022-04-10,59,Albert Park Grand Prix Circuit,Australia,1060,4285,R,Race,False,14,0,Kevin,Magnussen,MAG,20,207,Haas F1 Team,3489,16,57,t
42578,851,73,2022,1060,Australian Grand Prix,3,2022-04-10,59,Albert Park Grand Prix Circuit,Australia,1060,4285,R,Race,False,15,0,Yuki,Tsunoda,TSU,22,209,AlphaTauri,3492,13,57,t
42581,848,73,2022,1060,Australian Grand Prix,3,2022-04-10,59,Albert Park Grand Prix Circuit,Australia,1060,4285,R,Race,False,16,0,Nicholas,Latifi,LAT,6,141,Williams,3500,18,57,t
42583,763,73,2022,1060,Australian Grand Prix,3,2022-04-10,59,Albert Park Grand Prix Circuit,Australia,1060,4285,R,Race,False,17,0,Fernando,Alonso,ALO,14,210,Alpine F1 Team,3493,10,57,t
42586,831,73,2022,1060,Australian Grand Prix,3,2022-04-10,59,Albert Park Grand Prix Circuit,Australia,1060,4285,R,Race,False,18,0,Max,Verstappen,VER,1,191,Red Bull,3503,2,38,f
42590,798,73,2022,1060,Australian Grand Prix,3,2022-04-10,59,Albert Park Grand Prix Circuit,Australia,1060,4285,R,Race,False,19,0,Sebastian,Vettel,VET,5,64,Aston Martin,3505,17,22,f
42592,830,73,2022,1060,Australian Grand Prix,3,2022-04-10,59,Albert Park Grand Prix Circuit,Australia,1060,4285,R,Race,False,20,0,Carlos,Sainz,SAI,55,6,Ferrari,3486,9,1,f
42600,831,73,2022,1061,Emilia Romagna Grand Prix,4,2022-04-24,45,Autodromo Enzo e Dino Ferrari,Italy,1061,4298,SR,Sprint,True,1,8,Max,Verstappen,VER,1,191,Red Bull,3503,1,21,t
42624,843,73,2022,1061,Emilia Romagna Grand Prix,4,2022-04-24,45,Autodromo Enzo e Dino Ferrari,Italy,1061,4298,SR,Sprint,True,2,7,Charles,Leclerc,LEC,16,6,Ferrari,3485,2,21,t
42605,815,73,2022,1061,Emilia Romagna Grand Prix,4,2022-04-24,45,Autodromo Enzo e Dino Ferrari,Italy,1061,4298,SR,Sprint,True,3,6,Sergio,Pérez,PER,11,191,Red Bull,3502,7,21,t
42679,830,73,2022,1061,Emilia Romagna Grand Prix,4,2022-04-24,45,Autodromo Enzo e Dino Ferrari,Italy,1061,4298,SR,Sprint,True,4,5,Carlos,Sainz,SAI,55,6,Ferrari,3486,10,21,t
42610,845,73,2022,1061,Emilia Romagna Grand Prix,4,2022-04-24,45,Autodromo Enzo e Dino Ferrari,Italy,1061,4298,SR,Sprint,True,5,4,Lando,Norris,NOR,4,117,McLaren,3499,3,21,t
42670,816,73,2022,1061,Emilia Romagna Grand Prix,4,2022-04-24,45,Autodromo Enzo e Dino Ferrari,Italy,1061,4298,SR,Sprint,True,6,3,Daniel,Ricciardo,RIC,3,117,McLaren,3498,6,21,t
42619,820,73,2022,1061,Emilia Romagna Grand Prix,4,2022-04-24,45,Autodromo Enzo e Dino Ferrari,Italy,1061,4298,SR,Sprint,True,7,2,Valtteri,Bottas,BOT,77,1,Alfa Romeo,3490,8,21,t
42637,824,73,2022,1061,Emilia Romagna Grand Prix,4,2022-04-24,45,Autodromo Enzo e Dino Ferrari,Italy,1061,4298,SR,Sprint,True,8,1,Kevin,Magnussen,MAG,20,207,Haas F1 Team,3489,4,21,t
42675,763,73,2022,1061,Emilia Romagna Grand Prix,4,2022-04-24,45,Autodromo Enzo e Dino Ferrari,Italy,1061,4298,SR,Sprint,True,9,0,Fernando,Alonso,ALO,14,210,Alpine F1 Team,3493,5,21,t
42665,852,73,2022,1061,Emilia Romagna Grand Prix,4,2022-04-24,45,Autodromo Enzo e Dino Ferrari,Italy,1061,4298,SR,Sprint,True,10,0,Mick,Schumacher,MSC,47,207,Haas F1 Team,3495,12,21,t
42614,847,73,2022,1061,Emilia Romagna Grand Prix,4,2022-04-24,45,Autodromo Enzo e Dino Ferrari,Italy,1061,4298,SR,Sprint,True,11,0,George,Russell,RUS,63,48,Mercedes,3488,11,21,t
42627,851,73,2022,1061,Emilia Romagna Grand Prix,4,2022-04-24,45,Autodromo Enzo e Dino Ferrari,Italy,1061,4298,SR,Sprint,True,12,0,Yuki,Tsunoda,TSU,22,209,AlphaTauri,3492,16,21,t
42632,798,73,2022,1061,Emilia Romagna Grand Prix,4,2022-04-24,45,Autodromo Enzo e Dino Ferrari,Italy,1061,4298,SR,Sprint,True,13,0,Sebastian,Vettel,VET,5,64,Aston Martin,3505,9,21,t
42651,795,73,2022,1061,Emilia Romagna Grand Prix,4,2022-04-24,45,Autodromo Enzo e Dino Ferrari,Italy,1061,4298,SR,Sprint,True,14,0,Lewis,Hamilton,HAM,44,48,Mercedes,3487,13,21,t
42641,840,73,2022,1061,Emilia Romagna Grand Prix,4,2022-04-24,45,Autodromo Enzo e Dino Ferrari,Italy,1061,4298,SR,Sprint,True,15,0,Lance,Stroll,STR,18,64,Aston Martin,3496,15,21,t
42654,838,73,2022,1061,Emilia Romagna Grand Prix,4,2022-04-24,45,Autodromo Enzo e Dino Ferrari,Italy,1061,4298,SR,Sprint,True,16,0,Esteban,Ocon,OCO,31,210,Alpine F1 Team,3491,19,21,t
42647,841,73,2022,1061,Emilia Romagna Grand Prix,4,2022-04-24,45,Autodromo Enzo e Dino Ferrari,Italy,1061,4298,SR,Sprint,True,17,0,Pierre,Gasly,GAS,10,209,AlphaTauri,3504,17,21,t
42644,846,73,2022,1061,Emilia Romagna Grand Prix,4,2022-04-24,45,Autodromo Enzo e Dino Ferrari,Italy,1061,4298,SR,Sprint,True,18,0,Alexander,Albon,ALB,23,141,Williams,3497,20,21,t
42661,848,73,2022,1061,Emilia Romagna Grand Prix,4,2022-04-24,45,Autodromo Enzo e Dino Ferrari,Italy,1061,4298,SR,Sprint,True,19,0,Nicholas,Latifi,LAT,6,141,Williams,3500,18,21,t
42658,854,73,2022,1061,Emilia Romagna Grand Prix,4,2022-04-24,45,Autodromo Enzo e Dino Ferrari,Italy,1061,4298,SR,Sprint,True,20,0,Guanyu,Zhou,ZHO,24,1,Alfa Romeo,3494,0,0,f
42596,831,73,2022,1061,Emilia Romagna Grand Prix,4,2022-04-24,45,Autodromo Enzo e Dino Ferrari,Italy,1061,4292,R,Race,False,1,26,Max,Verstappen,VER,1,191,Red Bull,3503,1,63,t
42601,815,73,2022,1061,Emilia Romagna Grand Prix,4,2022-04-24,45,Autodromo Enzo e Dino Ferrari,Italy,1061,4292,R,Race,False,2,18,Sergio,Pérez,PER,11,191,Red Bull,3502,3,63,t
42606,845,73,2022,1061,Emilia Romagna Grand Prix,4,2022-04-24,45,Autodromo Enzo e Dino Ferrari,Italy,1061,4292,R,Race,False,3,15,Lando,Norris,NOR,4,117,McLaren,3499,5,63,t
42611,847,73,2022,1061,Emilia Romagna Grand Prix,4,2022-04-24,45,Autodromo Enzo e Dino Ferrari,Italy,1061,4292,R,Race,False,4,12,George,Russell,RUS,63,48,Mercedes,3488,11,63,t
42615,820,73,2022,1061,Emilia Romagna Grand Prix,4,2022-04-24,45,Autodromo Enzo e Dino Ferrari,Italy,1061,4292,R,Race,False,5,10,Valtteri,Bottas,BOT,77,1,Alfa Romeo,3490,7,63,t
42620,843,73,2022,1061,Emilia Romagna Grand Prix,4,2022-04-24,45,Autodromo Enzo e Dino Ferrari,Italy,1061,4292,R,Race,False,6,8,Charles,Leclerc,LEC,16,6,Ferrari,3485,2,63,t
42625,851,73,2022,1061,Emilia Romagna Grand Prix,4,2022-04-24,45,Autodromo Enzo e Dino Ferrari,Italy,1061,4292,R,Race,False,7,6,Yuki,Tsunoda,TSU,22,209,AlphaTauri,3492,12,63,t
42628,798,73,2022,1061,Emilia Romagna Grand Prix,4,2022-04-24,45,Autodromo Enzo e Dino Ferrari,Italy,1061,4292,R,Race,False,8,4,Sebastian,Vettel,VET,5,64,Aston Martin,3505,13,63,t
42633,824,73,2022,1061,Emilia Romagna Grand Prix,4,2022-04-24,45,Autodromo Enzo e Dino Ferrari,Italy,1061,4292,R,Race,False,9,2,Kevin,Magnussen,MAG,20,207,Haas F1 Team,3489,8,63,t
42638,840,73,2022,1061,Emilia Romagna Grand Prix,4,2022-04-24,45,Autodromo Enzo e Dino Ferrari,Italy,1061,4292,R,Race,False,10,1,Lance,Stroll,STR,18,64,Aston Martin,3496,15,62,t
42642,846,73,2022,1061,Emilia Romagna Grand Prix,4,2022-04-24,45,Autodromo Enzo e Dino Ferrari,Italy,1061,4292,R,Race,False,11,0,Alexander,Albon,ALB,23,141,Williams,3497,18,62,t
42645,841,73,2022,1061,Emilia Romagna Grand Prix,4,2022-04-24,45,Autodromo Enzo e Dino Ferrari,Italy,1061,4292,R,Race,False,12,0,Pierre,Gasly,GAS,10,209,AlphaTauri,3504,17,62,t
42648,795,73,2022,1061,Emilia Romagna Grand Prix,4,2022-04-24,45,Autodromo Enzo e Dino Ferrari,Italy,1061,4292,R,Race,False,13,0,Lewis,Hamilton,HAM,44,48,Mercedes,3487,14,62,t
42652,838,73,2022,1061,Emilia Romagna Grand Prix,4,2022-04-24,45,Autodromo Enzo e Dino Ferrari,Italy,1061,4292,R,Race,False,14,0,Esteban,Ocon,OCO,31,210,Alpine F1 Team,3491,16,62,t
42655,854,73,2022,1061,Emilia Romagna Grand Prix,4,2022-04-24,45,Autodromo Enzo e Dino Ferrari,Italy,1061,4292,R,Race,False,15,0,Guanyu,Zhou,ZHO,24,1,Alfa Romeo,3494,0,62,t
42659,848,73,2022,1061,Emilia Romagna Grand Prix,4,2022-04-24,45,Autodromo Enzo e Dino Ferrari,Italy,1061,4292,R,Race,False,16,0,Nicholas,Latifi,LAT,6,141,Williams,3500,19,62,t
42662,852,73,2022,1061,Emilia Romagna Grand Prix,4,2022-04-24,45,Autodromo Enzo e Dino Ferrari,Italy,1061,4292,R,Race,False,17,0,Mick,Schumacher,MSC,47,207,Haas F1 Team,3495,10,62,t
42666,816,73,2022,1061,Emilia Romagna Grand Prix,4,2022-04-24,45,Autodromo Enzo e Dino Ferrari,Italy,1061,4292,R,Race,False,18,0,Daniel,Ricciardo,RIC,3,117,McLaren,3498,6,62,t
42671,763,73,2022,1061,Emilia Romagna Grand Prix,4,2022-04-24,45,Autodromo Enzo e Dino Ferrari,Italy,1061,4292,R,Race,False,19,0,Fernando,Alonso,ALO,14,210,Alpine F1 Team,3493,9,6,f
42676,830,73,2022,1061,Emilia Romagna Grand Prix,4,2022-04-24,45,Autodromo Enzo e Dino Ferrari,Italy,1061,4292,R,Race,False,20,0,Carlos,Sainz,SAI,55,6,Ferrari,3486,4,0,f
42680,831,73,2022,1062,Miami Grand Prix,5,2022-05-08,76,Miami International Autodrome,USA,1062,4299,R,Race,False,1,26,Max,Verstappen,VER,1,191,Red Bull,3503,3,57,t
42684,843,73,2022,1062,Miami Grand Prix,5,2022-05-08,76,Miami International Autodrome,USA,1062,4299,R,Race,False,2,18,Charles,Leclerc,LEC,16,6,Ferrari,3485,1,57,t
42688,830,73,2022,1062,Miami Grand Prix,5,2022-05-08,76,Miami International Autodrome,USA,1062,4299,R,Race,False,3,15,Carlos,Sainz,SAI,55,6,Ferrari,3486,2,57,t
42692,815,73,2022,1062,Miami Grand Prix,5,2022-05-08,76,Miami International Autodrome,USA,1062,4299,R,Race,False,4,12,Sergio,Pérez,PER,11,191,Red Bull,3502,4,57,t
42696,847,73,2022,1062,Miami Grand Prix,5,2022-05-08,76,Miami International Autodrome,USA,1062,4299,R,Race,False,5,10,George,Russell,RUS,63,48,Mercedes,3488,12,57,t
42699,795,73,2022,1062,Miami Grand Prix,5,2022-05-08,76,Miami International Autodrome,USA,1062,4299,R,Race,False,6,8,Lewis,Hamilton,HAM,44,48,Mercedes,3487,6,57,t
42703,820,73,2022,1062,Miami Grand Prix,5,2022-05-08,76,Miami International Autodrome,USA,1062,4299,R,Race,False,7,6,Valtteri,Bottas,BOT,77,1,Alfa Romeo,3490,5,57,t
42707,838,73,2022,1062,Miami Grand Prix,5,2022-05-08,76,Miami International Autodrome,USA,1062,4299,R,Race,False,8,4,Esteban,Ocon,OCO,31,210,Alpine F1 Team,3491,20,57,t
42709,846,73,2022,1062,Miami Grand Prix,5,2022-05-08,76,Miami International Autodrome,USA,1062,4299,R,Race,False,9,2,Alexander,Albon,ALB,23,141,Williams,3497,18,57,t
42711,840,73,2022,1062,Miami Grand Prix,5,2022-05-08,76,Miami International Autodrome,USA,1062,4299,R,Race,False,10,1,Lance,Stroll,STR,18,64,Aston Martin,3496,0,57,t
42715,763,73,2022,1062,Miami Grand Prix,5,2022-05-08,76,Miami International Autodrome,USA,1062,4299,R,Race,False,11,0,Fernando,Alonso,ALO,14,210,Alpine F1 Team,3493,11,57,t
42718,851,73,2022,1062,Miami Grand Prix,5,2022-05-08,76,Miami International Autodrome,USA,1062,4299,R,Race,False,12,0,Yuki,Tsunoda,TSU,22,209,AlphaTauri,3492,9,57,t
42722,816,73,2022,1062,Miami Grand Prix,5,2022-05-08,76,Miami International Autodrome,USA,1062,4299,R,Race,False,13,0,Daniel,Ricciardo,RIC,3,117,McLaren,3498,14,57,t
42725,848,73,2022,1062,Miami Grand Prix,5,2022-05-08,76,Miami International Autodrome,USA,1062,4299,R,Race,False,14,0,Nicholas,Latifi,LAT,6,141,Williams,3500,19,57,t
42727,852,73,2022,1062,Miami Grand Prix,5,2022-05-08,76,Miami International Autodrome,USA,1062,4299,R,Race,False,15,0,Mick,Schumacher,MSC,47,207,Haas F1 Team,3495,15,57,t
42730,824,73,2022,1062,Miami Grand Prix,5,2022-05-08,76,Miami International Autodrome,USA,1062,4299,R,Race,False,16,0,Kevin,Magnussen,MAG,20,207,Haas F1 Team,3489,16,56,t
42732,798,73,2022,1062,Miami Grand Prix,5,2022-05-08,76,Miami International Autodrome,USA,1062,4299,R,Race,False,17,0,Sebastian,Vettel,VET,5,64,Aston Martin,3505,0,54,t
42735,841,73,2022,1062,Miami Grand Prix,5,2022-05-08,76,Miami International Autodrome,USA,1062,4299,R,Race,False,18,0,Pierre,Gasly,GAS,10,209,AlphaTauri,3504,7,45,f
42739,845,73,2022,1062,Miami Grand Prix,5,2022-05-08,76,Miami International Autodrome,USA,1062,4299,R,Race,False,19,0,Lando,Norris,NOR,4,117,McLaren,3499,8,39,f
42743,854,73,2022,1062,Miami Grand Prix,5,2022-05-08,76,Miami International Autodrome,USA,1062,4299,R,Race,False,20,0,Guanyu,Zhou,ZHO,24,1,Alfa Romeo,3494,17,6,f
42745,831,73,2022,1063,Spanish Grand Prix,6,2022-05-22,56,Circuit de Barcelona-Catalunya,Spain,1063,4306,R,Race,False,1,25,Max,Verstappen,VER,1,191,Red Bull,3503,2,66,t
42749,815,73,2022,1063,Spanish Grand Prix,6,2022-05-22,56,Circuit de Barcelona-Catalunya,Spain,1063,4306,R,Race,False,2,19,Sergio,Pérez,PER,11,191,Red Bull,3502,5,66,t
42753,847,73,2022,1063,Spanish Grand Prix,6,2022-05-22,56,Circuit de Barcelona-Catalunya,Spain,1063,4306,R,Race,False,3,15,George,Russell,RUS,63,48,Mercedes,3488,4,66,t
42757,830,73,2022,1063,Spanish Grand Prix,6,2022-05-22,56,Circuit de Barcelona-Catalunya,Spain,1063,4306,R,Race,False,4,12,Carlos,Sainz,SAI,55,6,Ferrari,3486,3,66,t
42761,795,73,2022,1063,Spanish Grand Prix,6,2022-05-22,56,Circuit de Barcelona-Catalunya,Spain,1063,4306,R,Race,False,5,10,Lewis,Hamilton,HAM,44,48,Mercedes,3487,6,66,t
42765,820,73,2022,1063,Spanish Grand Prix,6,2022-05-22,56,Circuit de Barcelona-Catalunya,Spain,1063,4306,R,Race,False,6,8,Valtteri,Bottas,BOT,77,1,Alfa Romeo,3490,7,66,t
42769,838,73,2022,1063,Spanish Grand Prix,6,2022-05-22,56,Circuit de Barcelona-Catalunya,Spain,1063,4306,R,Race,False,7,6,Esteban,Ocon,OCO,31,210,Alpine F1 Team,3491,12,66,t
42772,845,73,2022,1063,Spanish Grand Prix,6,2022-05-22,56,Circuit de Barcelona-Catalunya,Spain,1063,4306,R,Race,False,8,4,Lando,Norris,NOR,4,117,McLaren,3499,11,66,t
42775,763,73,2022,1063,Spanish Grand Prix,6,2022-05-22,56,Circuit de Barcelona-Catalunya,Spain,1063,4306,R,Race,False,9,2,Fernando,Alonso,ALO,14,210,Alpine F1 Team,3493,20,65,t
42777,851,73,2022,1063,Spanish Grand Prix,6,2022-05-22,56,Circuit de Barcelona-Catalunya,Spain,1063,4306,R,Race,False,10,1,Yuki,Tsunoda,TSU,22,209,AlphaTauri,3492,13,65,t
42780,798,73,2022,1063,Spanish Grand Prix,6,2022-05-22,56,Circuit de Barcelona-Catalunya,Spain,1063,4306,R,Race,False,11,0,Sebastian,Vettel,VET,5,64,Aston Martin,3505,16,65,t
42782,816,73,2022,1063,Spanish Grand Prix,6,2022-05-22,56,Circuit de Barcelona-Catalunya,Spain,1063,4306,R,Race,False,12,0,Daniel,Ricciardo,RIC,3,117,McLaren,3498,9,65,t
42786,841,73,2022,1063,Spanish Grand Prix,6,2022-05-22,56,Circuit de Barcelona-Catalunya,Spain,1063,4306,R,Race,False,13,0,Pierre,Gasly,GAS,10,209,AlphaTauri,3504,14,65,t
42789,852,73,2022,1063,Spanish Grand Prix,6,2022-05-22,56,Circuit de Barcelona-Catalunya,Spain,1063,4306,R,Race,False,14,0,Mick,Schumacher,MSC,47,207,Haas F1 Team,3495,10,65,t
42793,840,73,2022,1063,Spanish Grand Prix,6,2022-05-22,56,Circuit de Barcelona-Catalunya,Spain,1063,4306,R,Race,False,15,0,Lance,Stroll,STR,18,64,Aston Martin,3496,17,65,t
42795,848,73,2022,1063,Spanish Grand Prix,6,2022-05-22,56,Circuit de Barcelona-Catalunya,Spain,1063,4306,R,Race,False,16,0,Nicholas,Latifi,LAT,6,141,Williams,3500,19,64,t
42797,824,73,2022,1063,Spanish Grand Prix,6,2022-05-22,56,Circuit de Barcelona-Catalunya,Spain,1063,4306,R,Race,False,17,0,Kevin,Magnussen,MAG,20,207,Haas F1 Team,3489,8,64,t
42801,846,73,2022,1063,Spanish Grand Prix,6,2022-05-22,56,Circuit de Barcelona-Catalunya,Spain,1063,4306,R,Race,False,18,0,Alexander,Albon,ALB,23,141,Williams,3497,18,64,t
42803,854,73,2022,1063,Spanish Grand Prix,6,2022-05-22,56,Circuit de Barcelona-Catalunya,Spain,1063,4306,R,Race,False,19,0,Guanyu,Zhou,ZHO,24,1,Alfa Romeo,3494,15,28,f
42806,843,73,2022,1063,Spanish Grand Prix,6,2022-05-22,56,Circuit de Barcelona-Catalunya,Spain,1063,4306,R,Race,False,20,0,Charles,Leclerc,LEC,16,6,Ferrari,3485,1,27,f
42810,815,73,2022,1064,Monaco Grand Prix,7,2022-05-29,2,Circuit de Monaco,Monaco,1064,4313,R,Race,False,1,25,Sergio,Pérez,PER,11,191,Red Bull,3502,3,64,t
42814,830,73,2022,1064,Monaco Grand Prix,7,2022-05-29,2,Circuit de Monaco,Monaco,1064,4313,R,Race,False,2,18,Carlos,Sainz,SAI,55,6,Ferrari,3486,2,64,t
42818,831,73,2022,1064,Monaco Grand Prix,7,2022-05-29,2,Circuit de Monaco,Monaco,1064,4313,R,Race,False,3,15,Max,Verstappen,VER,1,191,Red Bull,3503,4,64,t
42822,843,73,2022,1064,Monaco Grand Prix,7,2022-05-29,2,Circuit de Monaco,Monaco,1064,4313,R,Race,False,4,12,Charles,Leclerc,LEC,16,6,Ferrari,3485,1,64,t
42826,847,73,2022,1064,Monaco Grand Prix,7,2022-05-29,2,Circuit de Monaco,Monaco,1064,4313,R,Race,False,5,10,George,Russell,RUS,63,48,Mercedes,3488,6,64,t
42830,845,73,2022,1064,Monaco Grand Prix,7,2022-05-29,2,Circuit de Monaco,Monaco,1064,4313,R,Race,False,6,9,Lando,Norris,NOR,4,117,McLaren,3499,5,64,t
42834,763,73,2022,1064,Monaco Grand Prix,7,2022-05-29,2,Circuit de Monaco,Monaco,1064,4313,R,Race,False,7,6,Fernando,Alonso,ALO,14,210,Alpine F1 Team,3493,7,64,t
42838,795,73,2022,1064,Monaco Grand Prix,7,2022-05-29,2,Circuit de Monaco,Monaco,1064,4313,R,Race,False,8,4,Lewis,Hamilton,HAM,44,48,Mercedes,3487,8,64,t
42842,820,73,2022,1064,Monaco Grand Prix,7,2022-05-29,2,Circuit de Monaco,Monaco,1064,4313,R,Race,False,9,2,Valtteri,Bottas,BOT,77,1,Alfa Romeo,3490,12,64,t
42845,798,73,2022,1064,Monaco Grand Prix,7,2022-05-29,2,Circuit de Monaco,Monaco,1064,4313,R,Race,False,10,1,Sebastian,Vettel,VET,5,64,Aston Martin,3505,9,64,t
42849,841,73,2022,1064,Monaco Grand Prix,7,2022-05-29,2,Circuit de Monaco,Monaco,1064,4313,R,Race,False,11,0,Pierre,Gasly,GAS,10,209,AlphaTauri,3504,17,64,t
42851,838,73,2022,1064,Monaco Grand Prix,7,2022-05-29,2,Circuit de Monaco,Monaco,1064,4313,R,Race,False,12,0,Esteban,Ocon,OCO,31,210,Alpine F1 Team,3491,10,64,t
42855,816,73,2022,1064,Monaco Grand Prix,7,2022-05-29,2,Circuit de Monaco,Monaco,1064,4313,R,Race,False,13,0,Daniel,Ricciardo,RIC,3,117,McLaren,3498,14,64,t
42858,840,73,2022,1064,Monaco Grand Prix,7,2022-05-29,2,Circuit de Monaco,Monaco,1064,4313,R,Race,False,14,0,Lance,Stroll,STR,18,64,Aston Martin,3496,18,64,t
42860,848,73,2022,1064,Monaco Grand Prix,7,2022-05-29,2,Circuit de Monaco,Monaco,1064,4313,R,Race,False,15,0,Nicholas,Latifi,LAT,6,141,Williams,3500,19,63,t
42862,854,73,2022,1064,Monaco Grand Prix,7,2022-05-29,2,Circuit de Monaco,Monaco,1064,4313,R,Race,False,16,0,Guanyu,Zhou,ZHO,24,1,Alfa Romeo,3494,20,63,t
42864,851,73,2022,1064,Monaco Grand Prix,7,2022-05-29,2,Circuit de Monaco,Monaco,1064,4313,R,Race,False,17,0,Yuki,Tsunoda,TSU,22,209,AlphaTauri,3492,11,63,t
42867,846,73,2022,1064,Monaco Grand Prix,7,2022-05-29,2,Circuit de Monaco,Monaco,1064,4313,R,Race,False,18,0,Alexander,Albon,ALB,23,141,Williams,3497,16,48,f
42869,852,73,2022,1064,Monaco Grand Prix,7,2022-05-29,2,Circuit de Monaco,Monaco,1064,4313,R,Race,False,19,0,Mick,Schumacher,MSC,47,207,Haas F1 Team,3495,15,24,f
42872,824,73,2022,1064,Monaco Grand Prix,7,2022-05-29,2,Circuit de Monaco,Monaco,1064,4313,R,Race,False,20,0,Kevin,Magnussen,MAG,20,207,Haas F1 Team,3489,13,19,f
42875,831,73,2022,1065,Azerbaijan Grand Prix,8,2022-06-12,71,Baku City Circuit,Azerbaijan,1065,4320,R,Race,False,1,25,Max,Verstappen,VER,1,191,Red Bull,3503,3,51,t
42879,815,73,2022,1065,Azerbaijan Grand Prix,8,2022-06-12,71,Baku City Circuit,Azerbaijan,1065,4320,R,Race,False,2,19,Sergio,Pérez,PER,11,191,Red Bull,3502,2,51,t
42883,847,73,2022,1065,Azerbaijan Grand Prix,8,2022-06-12,71,Baku City Circuit,Azerbaijan,1065,4320,R,Race,False,3,15,George,Russell,RUS,63,48,Mercedes,3488,5,51,t
42887,795,73,2022,1065,Azerbaijan Grand Prix,8,2022-06-12,71,Baku City Circuit,Azerbaijan,1065,4320,R,Race,False,4,12,Lewis,Hamilton,HAM,44,48,Mercedes,3487,7,51,t
42891,841,73,2022,1065,Azerbaijan Grand Prix,8,2022-06-12,71,Baku City Circuit,Azerbaijan,1065,4320,R,Race,False,5,10,Pierre,Gasly,GAS,10,209,AlphaTauri,3504,6,51,t
42895,798,73,2022,1065,Azerbaijan Grand Prix,8,2022-06-12,71,Baku City Circuit,Azerbaijan,1065,4320,R,Race,False,6,8,Sebastian,Vettel,VET,5,64,Aston Martin,3505,9,51,t
42899,763,73,2022,1065,Azerbaijan Grand Prix,8,2022-06-12,71,Baku City Circuit,Azerbaijan,1065,4320,R,Race,False,7,6,Fernando,Alonso,ALO,14,210,Alpine F1 Team,3493,10,51,t
42903,816,73,2022,1065,Azerbaijan Grand Prix,8,2022-06-12,71,Baku City Circuit,Azerbaijan,1065,4320,R,Race,False,8,4,Daniel,Ricciardo,RIC,3,117,McLaren,3498,12,51,t
42906,845,73,2022,1065,Azerbaijan Grand Prix,8,2022-06-12,71,Baku City Circuit,Azerbaijan,1065,4320,R,Race,False,9,2,Lando,Norris,NOR,4,117,McLaren,3499,11,51,t
42909,838,73,2022,1065,Azerbaijan Grand Prix,8,2022-06-12,71,Baku City Circuit,Azerbaijan,1065,4320,R,Race,False,10,1,Esteban,Ocon,OCO,31,210,Alpine F1 Team,3491,13,51,t
42912,820,73,2022,1065,Azerbaijan Grand Prix,8,2022-06-12,71,Baku City Circuit,Azerbaijan,1065,4320,R,Race,False,11,0,Valtteri,Bottas,BOT,77,1,Alfa Romeo,3490,15,50,t
42915,846,73,2022,1065,Azerbaijan Grand Prix,8,2022-06-12,71,Baku City Circuit,Azerbaijan,1065,4320,R,Race,False,12,0,Alexander,Albon,ALB,23,141,Williams,3497,17,50,t
42917,851,73,2022,1065,Azerbaijan Grand Prix,8,2022-06-12,71,Baku City Circuit,Azerbaijan,1065,4320,R,Race,False,13,0,Yuki,Tsunoda,TSU,22,209,AlphaTauri,3492,8,50,t
42921,852,73,2022,1065,Azerbaijan Grand Prix,8,2022-06-12,71,Baku City Circuit,Azerbaijan,1065,4320,R,Race,False,14,0,Mick,Schumacher,MSC,47,207,Haas F1 Team,3495,20,50,t
42923,848,73,2022,1065,Azerbaijan Grand Prix,8,2022-06-12,71,Baku City Circuit,Azerbaijan,1065,4320,R,Race,False,15,0,Nicholas,Latifi,LAT,6,141,Williams,3500,18,50,t
42925,840,73,2022,1065,Azerbaijan Grand Prix,8,2022-06-12,71,Baku City Circuit,Azerbaijan,1065,4320,R,Race,False,16,0,Lance,Stroll,STR,18,64,Aston Martin,3496,19,46,t
42927,824,73,2022,1065,Azerbaijan Grand Prix,8,2022-06-12,71,Baku City Circuit,Azerbaijan,1065,4320,R,Race,False,17,0,Kevin,Magnussen,MAG,20,207,Haas F1 Team,3489,16,31,f
42929,854,73,2022,1065,Azerbaijan Grand Prix,8,2022-06-12,71,Baku City Circuit,Azerbaijan,1065,4320,R,Race,False,18,0,Guanyu,Zhou,ZHO,24,1,Alfa Romeo,3494,14,23,f
42932,843,73,2022,1065,Azerbaijan Grand Prix,8,2022-06-12,71,Baku City Circuit,Azerbaijan,1065,4320,R,Race,False,19,0,Charles,Leclerc,LEC,16,6,Ferrari,3485,1,21,f
42936,830,73,2022,1065,Azerbaijan Grand Prix,8,2022-06-12,71,Baku City Circuit,Azerbaijan,1065,4320,R,Race,False,20,0,Carlos,Sainz,SAI,55,6,Ferrari,3486,4,8,f
42940,831,73,2022,1066,Canadian Grand Prix,9,2022-06-19,44,Circuit Gilles Villeneuve,Canada,1066,4327,R,Race,False,1,25,Max,Verstappen,VER,1,191,Red Bull,3503,1,70,t
42944,830,73,2022,1066,Canadian Grand Prix,9,2022-06-19,44,Circuit Gilles Villeneuve,Canada,1066,4327,R,Race,False,2,19,Carlos,Sainz,SAI,55,6,Ferrari,3486,3,70,t
42948,795,73,2022,1066,Canadian Grand Prix,9,2022-06-19,44,Circuit Gilles Villeneuve,Canada,1066,4327,R,Race,False,3,15,Lewis,Hamilton,HAM,44,48,Mercedes,3487,4,70,t
42952,847,73,2022,1066,Canadian Grand Prix,9,2022-06-19,44,Circuit Gilles Villeneuve,Canada,1066,4327,R,Race,False,4,12,George,Russell,RUS,63,48,Mercedes,3488,8,70,t
42956,843,73,2022,1066,Canadian Grand Prix,9,2022-06-19,44,Circuit Gilles Villeneuve,Canada,1066,4327,R,Race,False,5,10,Charles,Leclerc,LEC,16,6,Ferrari,3485,19,70,t
42958,838,73,2022,1066,Canadian Grand Prix,9,2022-06-19,44,Circuit Gilles Villeneuve,Canada,1066,4327,R,Race,False,6,8,Esteban,Ocon,OCO,31,210,Alpine F1 Team,3491,7,70,t
42962,820,73,2022,1066,Canadian Grand Prix,9,2022-06-19,44,Circuit Gilles Villeneuve,Canada,1066,4327,R,Race,False,7,6,Valtteri,Bottas,BOT,77,1,Alfa Romeo,3490,11,70,t
42965,854,73,2022,1066,Canadian Grand Prix,9,2022-06-19,44,Circuit Gilles Villeneuve,Canada,1066,4327,R,Race,False,8,4,Guanyu,Zhou,ZHO,24,1,Alfa Romeo,3494,10,70,t
42969,763,73,2022,1066,Canadian Grand Prix,9,2022-06-19,44,Circuit Gilles Villeneuve,Canada,1066,4327,R,Race,False,9,2,Fernando,Alonso,ALO,14,210,Alpine F1 Team,3493,2,70,t
42973,840,73,2022,1066,Canadian Grand Prix,9,2022-06-19,44,Circuit Gilles Villeneuve,Canada,1066,4327,R,Race,False,10,1,Lance,Stroll,STR,18,64,Aston Martin,3496,17,70,t
42975,816,73,2022,1066,Canadian Grand Prix,9,2022-06-19,44,Circuit Gilles Villeneuve,Canada,1066,4327,R,Race,False,11,0,Daniel,Ricciardo,RIC,3,117,McLaren,3498,9,70,t
42979,798,73,2022,1066,Canadian Grand Prix,9,2022-06-19,44,Circuit Gilles Villeneuve,Canada,1066,4327,R,Race,False,12,0,Sebastian,Vettel,VET,5,64,Aston Martin,3505,16,70,t
42981,846,73,2022,1066,Canadian Grand Prix,9,2022-06-19,44,Circuit Gilles Villeneuve,Canada,1066,4327,R,Race,False,13,0,Alexander,Albon,ALB,23,141,Williams,3497,12,70,t
42984,841,73,2022,1066,Canadian Grand Prix,9,2022-06-19,44,Circuit Gilles Villeneuve,Canada,1066,4327,R,Race,False,14,0,Pierre,Gasly,GAS,10,209,AlphaTauri,3504,15,70,t
42986,845,73,2022,1066,Canadian Grand Prix,9,2022-06-19,44,Circuit Gilles Villeneuve,Canada,1066,4327,R,Race,False,15,0,Lando,Norris,NOR,4,117,McLaren,3499,14,70,t
42988,848,73,2022,1066,Canadian Grand Prix,9,2022-06-19,44,Circuit Gilles Villeneuve,Canada,1066,4327,R,Race,False,16,0,Nicholas,Latifi,LAT,6,141,Williams,3500,18,70,t
42990,824,73,2022,1066,Canadian Grand Prix,9,2022-06-19,44,Circuit Gilles Villeneuve,Canada,1066,4327,R,Race,False,17,0,Kevin,Magnussen,MAG,20,207,Haas F1 Team,3489,5,70,t
42994,851,73,2022,1066,Canadian Grand Prix,9,2022-06-19,44,Circuit Gilles Villeneuve,Canada,1066,4327,R,Race,False,18,0,Yuki,Tsunoda,TSU,22,209,AlphaTauri,3492,20,47,f
42996,852,73,2022,1066,Canadian Grand Prix,9,2022-06-19,44,Circuit Gilles Villeneuve,Canada,1066,4327,R,Race,False,19,0,Mick,Schumacher,MSC,47,207,Haas F1 Team,3495,6,18,f
43000,815,73,2022,1066,Canadian Grand Prix,9,2022-06-19,44,Circuit Gilles Villeneuve,Canada,1066,4327,R,Race,False,20,0,Sergio,Pérez,PER,11,191,Red Bull,3502,13,7,f
43003,830,73,2022,1067,British Grand Prix,10,2022-07-03,1,Silverstone Circuit,UK,1067,4334,R,Race,False,1,25,Carlos,Sainz,SAI,55,6,Ferrari,3486,1,52,t
43007,815,73,2022,1067,British Grand Prix,10,2022-07-03,1,Silverstone Circuit,UK,1067,4334,R,Race,False,2,18,Sergio,Pérez,PER,11,191,Red Bull,3502,4,52,t
43011,795,73,2022,1067,British Grand Prix,10,2022-07-03,1,Silverstone Circuit,UK,1067,4334,R,Race,False,3,16,Lewis,Hamilton,HAM,44,48,Mercedes,3487,5,52,t
43015,843,73,2022,1067,British Grand Prix,10,2022-07-03,1,Silverstone Circuit,UK,1067,4334,R,Race,False,4,12,Charles,Leclerc,LEC,16,6,Ferrari,3485,3,52,t
43019,763,73,2022,1067,British Grand Prix,10,2022-07-03,1,Silverstone Circuit,UK,1067,4334,R,Race,False,5,10,Fernando,Alonso,ALO,14,210,Alpine F1 Team,3493,7,52,t
43023,845,73,2022,1067,British Grand Prix,10,2022-07-03,1,Silverstone Circuit,UK,1067,4334,R,Race,False,6,8,Lando,Norris,NOR,4,117,McLaren,3499,6,52,t
43027,831,73,2022,1067,British Grand Prix,10,2022-07-03,1,Silverstone Circuit,UK,1067,4334,R,Race,False,7,6,Max,Verstappen,VER,1,191,Red Bull,3503,2,52,t
43031,852,73,2022,1067,British Grand Prix,10,2022-07-03,1,Silverstone Circuit,UK,1067,4334,R,Race,False,8,4,Mick,Schumacher,MSC,47,207,Haas F1 Team,3495,19,52,t
43033,798,73,2022,1067,British Grand Prix,10,2022-07-03,1,Silverstone Circuit,UK,1067,4334,R,Race,False,9,2,Sebastian,Vettel,VET,5,64,Aston Martin,3505,18,52,t
43035,824,73,2022,1067,British Grand Prix,10,2022-07-03,1,Silverstone Circuit,UK,1067,4334,R,Race,False,10,1,Kevin,Magnussen,MAG,20,207,Haas F1 Team,3489,17,52,t
43037,840,73,2022,1067,British Grand Prix,10,2022-07-03,1,Silverstone Circuit,UK,1067,4334,R,Race,False,11,0,Lance,Stroll,STR,18,64,Aston Martin,3496,20,52,t
43039,848,73,2022,1067,British Grand Prix,10,2022-07-03,1,Silverstone Circuit,UK,1067,4334,R,Race,False,12,0,Nicholas,Latifi,LAT,6,141,Williams,3500,10,52,t
43043,816,73,2022,1067,British Grand Prix,10,2022-07-03,1,Silverstone Circuit,UK,1067,4334,R,Race,False,13,0,Daniel,Ricciardo,RIC,3,117,McLaren,3498,14,52,t
43046,851,73,2022,1067,British Grand Prix,10,2022-07-03,1,Silverstone Circuit,UK,1067,4334,R,Race,False,14,0,Yuki,Tsunoda,TSU,22,209,AlphaTauri,3492,13,52,t
43049,838,73,2022,1067,British Grand Prix,10,2022-07-03,1,Silverstone Circuit,UK,1067,4334,R,Race,False,15,0,Esteban,Ocon,OCO,31,210,Alpine F1 Team,3491,15,37,f
43052,841,73,2022,1067,British Grand Prix,10,2022-07-03,1,Silverstone Circuit,UK,1067,4334,R,Race,False,16,0,Pierre,Gasly,GAS,10,209,AlphaTauri,3504,11,26,f
43055,820,73,2022,1067,British Grand Prix,10,2022-07-03,1,Silverstone Circuit,UK,1067,4334,R,Race,False,17,0,Valtteri,Bottas,BOT,77,1,Alfa Romeo,3490,12,20,f
43058,847,73,2022,1067,British Grand Prix,10,2022-07-03,1,Silverstone Circuit,UK,1067,4334,R,Race,False,18,0,George,Russell,RUS,63,48,Mercedes,3488,8,0,f
43062,854,73,2022,1067,British Grand Prix,10,2022-07-03,1,Silverstone Circuit,UK,1067,4334,R,Race,False,19,0,Guanyu,Zhou,ZHO,24,1,Alfa Romeo,3494,9,0,f
43066,846,73,2022,1067,British Grand Prix,10,2022-07-03,1,Silverstone Circuit,UK,1067,4334,R,Race,False,20,0,Alexander,Albon,ALB,23,141,Williams,3497,16,0,f
43077,831,73,2022,1068,Austrian Grand Prix,11,2022-07-10,34,Red Bull Ring,Austria,1068,4347,SR,Sprint,True,1,8,Max,Verstappen,VER,1,191,Red Bull,3503,1,23,t
43072,843,73,2022,1068,Austrian Grand Prix,11,2022-07-10,34,Red Bull Ring,Austria,1068,4347,SR,Sprint,True,2,7,Charles,Leclerc,LEC,16,6,Ferrari,3485,2,23,t
43144,830,73,2022,1068,Austrian Grand Prix,11,2022-07-10,34,Red Bull Ring,Austria,1068,4347,SR,Sprint,True,3,6,Carlos,Sainz,SAI,55,6,Ferrari,3486,3,23,t
43087,847,73,2022,1068,Austrian Grand Prix,11,2022-07-10,34,Red Bull Ring,Austria,1068,4347,SR,Sprint,True,4,5,George,Russell,RUS,63,48,Mercedes,3488,4,23,t
43151,815,73,2022,1068,Austrian Grand Prix,11,2022-07-10,34,Red Bull Ring,Austria,1068,4347,SR,Sprint,True,5,4,Sergio,Pérez,PER,11,191,Red Bull,3502,13,23,t
43092,838,73,2022,1068,Austrian Grand Prix,11,2022-07-10,34,Red Bull Ring,Austria,1068,4347,SR,Sprint,True,6,3,Esteban,Ocon,OCO,31,210,Alpine F1 Team,3491,5,23,t
43106,824,73,2022,1068,Austrian Grand Prix,11,2022-07-10,34,Red Bull Ring,Austria,1068,4347,SR,Sprint,True,7,2,Kevin,Magnussen,MAG,20,207,Haas F1 Team,3489,6,23,t
43082,795,73,2022,1068,Austrian Grand Prix,11,2022-07-10,34,Red Bull Ring,Austria,1068,4347,SR,Sprint,True,8,1,Lewis,Hamilton,HAM,44,48,Mercedes,3487,9,23,t
43097,852,73,2022,1068,Austrian Grand Prix,11,2022-07-10,34,Red Bull Ring,Austria,1068,4347,SR,Sprint,True,9,0,Mick,Schumacher,MSC,47,207,Haas F1 Team,3495,7,23,t
43118,820,73,2022,1068,Austrian Grand Prix,11,2022-07-10,34,Red Bull Ring,Austria,1068,4347,SR,Sprint,True,10,0,Valtteri,Bottas,BOT,77,1,Alfa Romeo,3490,12,23,t
43101,845,73,2022,1068,Austrian Grand Prix,11,2022-07-10,34,Red Bull Ring,Austria,1068,4347,SR,Sprint,True,11,0,Lando,Norris,NOR,4,117,McLaren,3499,15,23,t
43109,816,73,2022,1068,Austrian Grand Prix,11,2022-07-10,34,Red Bull Ring,Austria,1068,4347,SR,Sprint,True,12,0,Daniel,Ricciardo,RIC,3,117,McLaren,3498,16,23,t
43125,840,73,2022,1068,Austrian Grand Prix,11,2022-07-10,34,Red Bull Ring,Austria,1068,4347,SR,Sprint,True,13,0,Lance,Stroll,STR,18,64,Aston Martin,3496,17,23,t
43128,854,73,2022,1068,Austrian Grand Prix,11,2022-07-10,34,Red Bull Ring,Austria,1068,4347,SR,Sprint,True,14,0,Guanyu,Zhou,ZHO,24,1,Alfa Romeo,3494,18,23,t
43132,841,73,2022,1068,Austrian Grand Prix,11,2022-07-10,34,Red Bull Ring,Austria,1068,4347,SR,Sprint,True,15,0,Pierre,Gasly,GAS,10,209,AlphaTauri,3504,10,23,t
43122,846,73,2022,1068,Austrian Grand Prix,11,2022-07-10,34,Red Bull Ring,Austria,1068,4347,SR,Sprint,True,16,0,Alexander,Albon,ALB,23,141,Williams,3497,11,23,t
43136,851,73,2022,1068,Austrian Grand Prix,11,2022-07-10,34,Red Bull Ring,Austria,1068,4347,SR,Sprint,True,17,0,Yuki,Tsunoda,TSU,22,209,AlphaTauri,3492,14,23,t
43147,848,73,2022,1068,Austrian Grand Prix,11,2022-07-10,34,Red Bull Ring,Austria,1068,4347,SR,Sprint,True,18,0,Nicholas,Latifi,LAT,6,141,Williams,3500,19,23,t
43139,798,73,2022,1068,Austrian Grand Prix,11,2022-07-10,34,Red Bull Ring,Austria,1068,4347,SR,Sprint,True,19,0,Sebastian,Vettel,VET,5,64,Aston Martin,3505,20,21,t
43114,763,73,2022,1068,Austrian Grand Prix,11,2022-07-10,34,Red Bull Ring,Austria,1068,4347,SR,Sprint,True,20,0,Fernando,Alonso,ALO,14,210,Alpine F1 Team,3493,8,0,f
43068,843,73,2022,1068,Austrian Grand Prix,11,2022-07-10,34,Red Bull Ring,Austria,1068,4341,R,Race,False,1,25,Charles,Leclerc,LEC,16,6,Ferrari,3485,2,71,t
43073,831,73,2022,1068,Austrian Grand Prix,11,2022-07-10,34,Red Bull Ring,Austria,1068,4341,R,Race,False,2,19,Max,Verstappen,VER,1,191,Red Bull,3503,1,71,t
43078,795,73,2022,1068,Austrian Grand Prix,11,2022-07-10,34,Red Bull Ring,Austria,1068,4341,R,Race,False,3,15,Lewis,Hamilton,HAM,44,48,Mercedes,3487,8,71,t
43083,847,73,2022,1068,Austrian Grand Prix,11,2022-07-10,34,Red Bull Ring,Austria,1068,4341,R,Race,False,4,12,George,Russell,RUS,63,48,Mercedes,3488,4,71,t
43088,838,73,2022,1068,Austrian Grand Prix,11,2022-07-10,34,Red Bull Ring,Austria,1068,4341,R,Race,False,5,10,Esteban,Ocon,OCO,31,210,Alpine F1 Team,3491,6,71,t
43093,852,73,2022,1068,Austrian Grand Prix,11,2022-07-10,34,Red Bull Ring,Austria,1068,4341,R,Race,False,6,8,Mick,Schumacher,MSC,47,207,Haas F1 Team,3495,9,70,t
43098,845,73,2022,1068,Austrian Grand Prix,11,2022-07-10,34,Red Bull Ring,Austria,1068,4341,R,Race,False,7,6,Lando,Norris,NOR,4,117,McLaren,3499,10,70,t
43102,824,73,2022,1068,Austrian Grand Prix,11,2022-07-10,34,Red Bull Ring,Austria,1068,4341,R,Race,False,8,4,Kevin,Magnussen,MAG,20,207,Haas F1 Team,3489,7,70,t
43107,816,73,2022,1068,Austrian Grand Prix,11,2022-07-10,34,Red Bull Ring,Austria,1068,4341,R,Race,False,9,2,Daniel,Ricciardo,RIC,3,117,McLaren,3498,11,70,t
43110,763,73,2022,1068,Austrian Grand Prix,11,2022-07-10,34,Red Bull Ring,Austria,1068,4341,R,Race,False,10,1,Fernando,Alonso,ALO,14,210,Alpine F1 Team,3493,19,70,t
43115,820,73,2022,1068,Austrian Grand Prix,11,2022-07-10,34,Red Bull Ring,Austria,1068,4341,R,Race,False,11,0,Valtteri,Bottas,BOT,77,1,Alfa Romeo,3490,0,70,t
43119,846,73,2022,1068,Austrian Grand Prix,11,2022-07-10,34,Red Bull Ring,Austria,1068,4341,R,Race,False,12,0,Alexander,Albon,ALB,23,141,Williams,3497,15,70,t
43123,840,73,2022,1068,Austrian Grand Prix,11,2022-07-10,34,Red Bull Ring,Austria,1068,4341,R,Race,False,13,0,Lance,Stroll,STR,18,64,Aston Martin,3496,12,70,t
43126,854,73,2022,1068,Austrian Grand Prix,11,2022-07-10,34,Red Bull Ring,Austria,1068,4341,R,Race,False,14,0,Guanyu,Zhou,ZHO,24,1,Alfa Romeo,3494,13,70,t
43129,841,73,2022,1068,Austrian Grand Prix,11,2022-07-10,34,Red Bull Ring,Austria,1068,4341,R,Race,False,15,0,Pierre,Gasly,GAS,10,209,AlphaTauri,3504,14,70,t
43133,851,73,2022,1068,Austrian Grand Prix,11,2022-07-10,34,Red Bull Ring,Austria,1068,4341,R,Race,False,16,0,Yuki,Tsunoda,TSU,22,209,AlphaTauri,3492,16,70,t
43137,798,73,2022,1068,Austrian Grand Prix,11,2022-07-10,34,Red Bull Ring,Austria,1068,4341,R,Race,False,17,0,Sebastian,Vettel,VET,5,64,Aston Martin,3505,18,70,t
43140,830,73,2022,1068,Austrian Grand Prix,11,2022-07-10,34,Red Bull Ring,Austria,1068,4341,R,Race,False,18,0,Carlos,Sainz,SAI,55,6,Ferrari,3486,3,56,f
43145,848,73,2022,1068,Austrian Grand Prix,11,2022-07-10,34,Red Bull Ring,Austria,1068,4341,R,Race,False,19,0,Nicholas,Latifi,LAT,6,141,Williams,3500,17,48,f
43148,815,73,2022,1068,Austrian Grand Prix,11,2022-07-10,34,Red Bull Ring,Austria,1068,4341,R,Race,False,20,0,Sergio,Pérez,PER,11,191,Red Bull,3502,5,24,f
43152,831,73,2022,1069,French Grand Prix,12,2022-07-24,35,Circuit Paul Ricard,France,1069,4348,R,Race,False,1,25,Max,Verstappen,VER,1,191,Red Bull,3503,2,53,t
43156,795,73,2022,1069,French Grand Prix,12,2022-07-24,35,Circuit Paul Ricard,France,1069,4348,R,Race,False,2,18,Lewis,Hamilton,HAM,44,48,Mercedes,3487,4,53,t
43160,847,73,2022,1069,French Grand Prix,12,2022-07-24,35,Circuit Paul Ricard,France,1069,4348,R,Race,False,3,15,George,Russell,RUS,63,48,Mercedes,3488,6,53,t
43164,815,73,2022,1069,French Grand Prix,12,2022-07-24,35,Circuit Paul Ricard,France,1069,4348,R,Race,False,4,12,Sergio,Pérez,PER,11,191,Red Bull,3502,3,53,t
43168,830,73,2022,1069,French Grand Prix,12,2022-07-24,35,Circuit Paul Ricard,France,1069,4348,R,Race,False,5,11,Carlos,Sainz,SAI,55,6,Ferrari,3486,19,53,t
43171,763,73,2022,1069,French Grand Prix,12,2022-07-24,35,Circuit Paul Ricard,France,1069,4348,R,Race,False,6,8,Fernando,Alonso,ALO,14,210,Alpine F1 Team,3493,7,53,t
43175,845,73,2022,1069,French Grand Prix,12,2022-07-24,35,Circuit Paul Ricard,France,1069,4348,R,Race,False,7,6,Lando,Norris,NOR,4,117,McLaren,3499,5,53,t
43179,838,73,2022,1069,French Grand Prix,12,2022-07-24,35,Circuit Paul Ricard,France,1069,4348,R,Race,False,8,4,Esteban,Ocon,OCO,31,210,Alpine F1 Team,3491,10,53,t
43182,816,73,2022,1069,French Grand Prix,12,2022-07-24,35,Circuit Paul Ricard,France,1069,4348,R,Race,False,9,2,Daniel,Ricciardo,RIC,3,117,McLaren,3498,9,53,t
43185,840,73,2022,1069,French Grand Prix,12,2022-07-24,35,Circuit Paul Ricard,France,1069,4348,R,Race,False,10,1,Lance,Stroll,STR,18,64,Aston Martin,3496,15,53,t
43187,798,73,2022,1069,French Grand Prix,12,2022-07-24,35,Circuit Paul Ricard,France,1069,4348,R,Race,False,11,0,Sebastian,Vettel,VET,5,64,Aston Martin,3505,12,53,t
43190,841,73,2022,1069,French Grand Prix,12,2022-07-24,35,Circuit Paul Ricard,France,1069,4348,R,Race,False,12,0,Pierre,Gasly,GAS,10,209,AlphaTauri,3504,14,53,t
43192,846,73,2022,1069,French Grand Prix,12,2022-07-24,35,Circuit Paul Ricard,France,1069,4348,R,Race,False,13,0,Alexander,Albon,ALB,23,141,Williams,3497,13,53,t
43195,820,73,2022,1069,French Grand Prix,12,2022-07-24,35,Circuit Paul Ricard,France,1069,4348,R,Race,False,14,0,Valtteri,Bottas,BOT,77,1,Alfa Romeo,3490,11,53,t
43198,852,73,2022,1069,French Grand Prix,12,2022-07-24,35,Circuit Paul Ricard,France,1069,4348,R,Race,False,15,0,Mick,Schumacher,MSC,47,207,Haas F1 Team,3495,17,53,t
43200,854,73,2022,1069,French Grand Prix,12,2022-07-24,35,Circuit Paul Ricard,France,1069,4348,R,Race,False,16,0,Guanyu,Zhou,ZHO,24,1,Alfa Romeo,3494,16,47,t
43202,848,73,2022,1069,French Grand Prix,12,2022-07-24,35,Circuit Paul Ricard,France,1069,4348,R,Race,False,17,0,Nicholas,Latifi,LAT,6,141,Williams,3500,18,40,f
43204,824,73,2022,1069,French Grand Prix,12,2022-07-24,35,Circuit Paul Ricard,France,1069,4348,R,Race,False,18,0,Kevin,Magnussen,MAG,20,207,Haas F1 Team,3489,20,37,f
43207,843,73,2022,1069,French Grand Prix,12,2022-07-24,35,Circuit Paul Ricard,France,1069,4348,R,Race,False,19,0,Charles,Leclerc,LEC,16,6,Ferrari,3485,1,17,f
43211,851,73,2022,1069,French Grand Prix,12,2022-07-24,35,Circuit Paul Ricard,France,1069,4348,R,Race,False,20,0,Yuki,Tsunoda,TSU,22,209,AlphaTauri,3492,8,17,f
43215,831,73,2022,1070,Hungarian Grand Prix,13,2022-07-31,52,Hungaroring,Hungary,1070,4355,R,Race,False,1,25,Max,Verstappen,VER,1,191,Red Bull,3503,10,70,t
43219,795,73,2022,1070,Hungarian Grand Prix,13,2022-07-31,52,Hungaroring,Hungary,1070,4355,R,Race,False,2,19,Lewis,Hamilton,HAM,44,48,Mercedes,3487,7,70,t
43223,847,73,2022,1070,Hungarian Grand Prix,13,2022-07-31,52,Hungaroring,Hungary,1070,4355,R,Race,False,3,15,George,Russell,RUS,63,48,Mercedes,3488,1,70,t
43227,830,73,2022,1070,Hungarian Grand Prix,13,2022-07-31,52,Hungaroring,Hungary,1070,4355,R,Race,False,4,12,Carlos,Sainz,SAI,55,6,Ferrari,3486,2,70,t
43231,815,73,2022,1070,Hungarian Grand Prix,13,2022-07-31,52,Hungaroring,Hungary,1070,4355,R,Race,False,5,10,Sergio,Pérez,PER,11,191,Red Bull,3502,11,70,t
43234,843,73,2022,1070,Hungarian Grand Prix,13,2022-07-31,52,Hungaroring,Hungary,1070,4355,R,Race,False,6,8,Charles,Leclerc,LEC,16,6,Ferrari,3485,3,70,t
43238,845,73,2022,1070,Hungarian Grand Prix,13,2022-07-31,52,Hungaroring,Hungary,1070,4355,R,Race,False,7,6,Lando,Norris,NOR,4,117,McLaren,3499,4,70,t
43242,763,73,2022,1070,Hungarian Grand Prix,13,2022-07-31,52,Hungaroring,Hungary,1070,4355,R,Race,False,8,4,Fernando,Alonso,ALO,14,210,Alpine F1 Team,3493,6,69,t
43246,838,73,2022,1070,Hungarian Grand Prix,13,2022-07-31,52,Hungaroring,Hungary,1070,4355,R,Race,False,9,2,Esteban,Ocon,OCO,31,210,Alpine F1 Team,3491,5,69,t
43250,798,73,2022,1070,Hungarian Grand Prix,13,2022-07-31,52,Hungaroring,Hungary,1070,4355,R,Race,False,10,1,Sebastian,Vettel,VET,5,64,Aston Martin,3505,18,69,t
43252,840,73,2022,1070,Hungarian Grand Prix,13,2022-07-31,52,Hungaroring,Hungary,1070,4355,R,Race,False,11,0,Lance,Stroll,STR,18,64,Aston Martin,3496,14,69,t
43255,841,73,2022,1070,Hungarian Grand Prix,13,2022-07-31,52,Hungaroring,Hungary,1070,4355,R,Race,False,12,0,Pierre,Gasly,GAS,10,209,AlphaTauri,3504,0,69,t
43257,854,73,2022,1070,Hungarian Grand Prix,13,2022-07-31,52,Hungaroring,Hungary,1070,4355,R,Race,False,13,0,Guanyu,Zhou,ZHO,24,1,Alfa Romeo,3494,12,69,t
43260,852,73,2022,1070,Hungarian Grand Prix,13,2022-07-31,52,Hungaroring,Hungary,1070,4355,R,Race,False,14,0,Mick,Schumacher,MSC,47,207,Haas F1 Team,3495,15,69,t
43263,816,73,2022,1070,Hungarian Grand Prix,13,2022-07-31,52,Hungaroring,Hungary,1070,4355,R,Race,False,15,0,Daniel,Ricciardo,RIC,3,117,McLaren,3498,9,69,t
43267,824,73,2022,1070,Hungarian Grand Prix,13,2022-07-31,52,Hungaroring,Hungary,1070,4355,R,Race,False,16,0,Kevin,Magnussen,MAG,20,207,Haas F1 Team,3489,13,69,t
43270,846,73,2022,1070,Hungarian Grand Prix,13,2022-07-31,52,Hungaroring,Hungary,1070,4355,R,Race,False,17,0,Alexander,Albon,ALB,23,141,Williams,3497,17,69,t
43272,848,73,2022,1070,Hungarian Grand Prix,13,2022-07-31,52,Hungaroring,Hungary,1070,4355,R,Race,False,18,0,Nicholas,Latifi,LAT,6,141,Williams,3500,19,69,t
43274,851,73,2022,1070,Hungarian Grand Prix,13,2022-07-31,52,Hungaroring,Hungary,1070,4355,R,Race,False,19,0,Yuki,Tsunoda,TSU,22,209,AlphaTauri,3492,16,68,t
43276,820,73,2022,1070,Hungarian Grand Prix,13,2022-07-31,52,Hungaroring,Hungary,1070,4355,R,Race,False,20,0,Valtteri,Bottas,BOT,77,1,Alfa Romeo,3490,8,65,t
43280,831,73,2022,1071,Belgian Grand Prix,14,2022-08-28,5,Circuit de Spa-Francorchamps,Belgium,1071,4362,R,Race,False,1,26,Max,Verstappen,VER,1,191,Red Bull,3503,14,44,t
43284,815,73,2022,1071,Belgian Grand Prix,14,2022-08-28,5,Circuit de Spa-Francorchamps,Belgium,1071,4362,R,Race,False,2,18,Sergio,Pérez,PER,11,191,Red Bull,3502,2,44,t
43288,830,73,2022,1071,Belgian Grand Prix,14,2022-08-28,5,Circuit de Spa-Francorchamps,Belgium,1071,4362,R,Race,False,3,15,Carlos,Sainz,SAI,55,6,Ferrari,3486,1,44,t
43292,847,73,2022,1071,Belgian Grand Prix,14,2022-08-28,5,Circuit de Spa-Francorchamps,Belgium,1071,4362,R,Race,False,4,12,George,Russell,RUS,63,48,Mercedes,3488,5,44,t
43296,763,73,2022,1071,Belgian Grand Prix,14,2022-08-28,5,Circuit de Spa-Francorchamps,Belgium,1071,4362,R,Race,False,5,10,Fernando,Alonso,ALO,14,210,Alpine F1 Team,3493,3,44,t
43300,843,73,2022,1071,Belgian Grand Prix,14,2022-08-28,5,Circuit de Spa-Francorchamps,Belgium,1071,4362,R,Race,False,6,8,Charles,Leclerc,LEC,16,6,Ferrari,3485,15,44,t
43304,838,73,2022,1071,Belgian Grand Prix,14,2022-08-28,5,Circuit de Spa-Francorchamps,Belgium,1071,4362,R,Race,False,7,6,Esteban,Ocon,OCO,31,210,Alpine F1 Team,3491,16,44,t
43308,798,73,2022,1071,Belgian Grand Prix,14,2022-08-28,5,Circuit de Spa-Francorchamps,Belgium,1071,4362,R,Race,False,8,4,Sebastian,Vettel,VET,5,64,Aston Martin,3505,10,44,t
43310,841,73,2022,1071,Belgian Grand Prix,14,2022-08-28,5,Circuit de Spa-Francorchamps,Belgium,1071,4362,R,Race,False,9,2,Pierre,Gasly,GAS,10,209,AlphaTauri,3504,0,44,t
43313,846,73,2022,1071,Belgian Grand Prix,14,2022-08-28,5,Circuit de Spa-Francorchamps,Belgium,1071,4362,R,Race,False,10,1,Alexander,Albon,ALB,23,141,Williams,3497,6,44,t
43317,840,73,2022,1071,Belgian Grand Prix,14,2022-08-28,5,Circuit de Spa-Francorchamps,Belgium,1071,4362,R,Race,False,11,0,Lance,Stroll,STR,18,64,Aston Martin,3496,9,44,t
43320,845,73,2022,1071,Belgian Grand Prix,14,2022-08-28,5,Circuit de Spa-Francorchamps,Belgium,1071,4362,R,Race,False,12,0,Lando,Norris,NOR,4,117,McLaren,3499,17,44,t
43324,851,73,2022,1071,Belgian Grand Prix,14,2022-08-28,5,Circuit de Spa-Francorchamps,Belgium,1071,4362,R,Race,False,13,0,Yuki,Tsunoda,TSU,22,209,AlphaTauri,3492,0,44,t
43326,854,73,2022,1071,Belgian Grand Prix,14,2022-08-28,5,Circuit de Spa-Francorchamps,Belgium,1071,4362,R,Race,False,14,0,Guanyu,Zhou,ZHO,24,1,Alfa Romeo,3494,18,44,t
43329,816,73,2022,1071,Belgian Grand Prix,14,2022-08-28,5,Circuit de Spa-Francorchamps,Belgium,1071,4362,R,Race,False,15,0,Daniel,Ricciardo,RIC,3,117,McLaren,3498,7,44,t
43332,824,73,2022,1071,Belgian Grand Prix,14,2022-08-28,5,Circuit de Spa-Francorchamps,Belgium,1071,4362,R,Race,False,16,0,Kevin,Magnussen,MAG,20,207,Haas F1 Team,3489,12,43,t
43334,852,73,2022,1071,Belgian Grand Prix,14,2022-08-28,5,Circuit de Spa-Francorchamps,Belgium,1071,4362,R,Race,False,17,0,Mick,Schumacher,MSC,47,207,Haas F1 Team,3495,19,43,t
43337,848,73,2022,1071,Belgian Grand Prix,14,2022-08-28,5,Circuit de Spa-Francorchamps,Belgium,1071,4362,R,Race,False,18,0,Nicholas,Latifi,LAT,6,141,Williams,3500,11,43,t
43339,820,73,2022,1071,Belgian Grand Prix,14,2022-08-28,5,Circuit de Spa-Francorchamps,Belgium,1071,4362,R,Race,False,19,0,Valtteri,Bottas,BOT,77,1,Alfa Romeo,3490,13,1,f
43341,795,73,2022,1071,Belgian Grand Prix,14,2022-08-28,5,Circuit de Spa-Francorchamps,Belgium,1071,4362,R,Race,False,20,0,Lewis,Hamilton,HAM,44,48,Mercedes,3487,4,0,f
43345,831,73,2022,1072,Dutch Grand Prix,15,2022-09-04,11,Circuit Park Zandvoort,Netherlands,1072,4369,R,Race,False,1,26,Max,Verstappen,VER,1,191,Red Bull,3503,1,72,t
43349,847,73,2022,1072,Dutch Grand Prix,15,2022-09-04,11,Circuit Park Zandvoort,Netherlands,1072,4369,R,Race,False,2,18,George,Russell,RUS,63,48,Mercedes,3488,6,72,t
43353,843,73,2022,1072,Dutch Grand Prix,15,2022-09-04,11,Circuit Park Zandvoort,Netherlands,1072,4369,R,Race,False,3,15,Charles,Leclerc,LEC,16,6,Ferrari,3485,2,72,t
43357,795,73,2022,1072,Dutch Grand Prix,15,2022-09-04,11,Circuit Park Zandvoort,Netherlands,1072,4369,R,Race,False,4,12,Lewis,Hamilton,HAM,44,48,Mercedes,3487,4,72,t
43361,815,73,2022,1072,Dutch Grand Prix,15,2022-09-04,11,Circuit Park Zandvoort,Netherlands,1072,4369,R,Race,False,5,10,Sergio,Pérez,PER,11,191,Red Bull,3502,5,72,t
43365,763,73,2022,1072,Dutch Grand Prix,15,2022-09-04,11,Circuit Park Zandvoort,Netherlands,1072,4369,R,Race,False,6,8,Fernando,Alonso,ALO,14,210,Alpine F1 Team,3493,13,72,t
43368,845,73,2022,1072,Dutch Grand Prix,15,2022-09-04,11,Circuit Park Zandvoort,Netherlands,1072,4369,R,Race,False,7,6,Lando,Norris,NOR,4,117,McLaren,3499,7,72,t
43372,830,73,2022,1072,Dutch Grand Prix,15,2022-09-04,11,Circuit Park Zandvoort,Netherlands,1072,4369,R,Race,False,8,4,Carlos,Sainz,SAI,55,6,Ferrari,3486,3,72,t
43376,838,73,2022,1072,Dutch Grand Prix,15,2022-09-04,11,Circuit Park Zandvoort,Netherlands,1072,4369,R,Race,False,9,2,Esteban,Ocon,OCO,31,210,Alpine F1 Team,3491,12,72,t
43379,840,73,2022,1072,Dutch Grand Prix,15,2022-09-04,11,Circuit Park Zandvoort,Netherlands,1072,4369,R,Race,False,10,1,Lance,Stroll,STR,18,64,Aston Martin,3496,10,72,t
43382,841,73,2022,1072,Dutch Grand Prix,15,2022-09-04,11,Circuit Park Zandvoort,Netherlands,1072,4369,R,Race,False,11,0,Pierre,Gasly,GAS,10,209,AlphaTauri,3504,11,72,t
43385,846,73,2022,1072,Dutch Grand Prix,15,2022-09-04,11,Circuit Park Zandvoort,Netherlands,1072,4369,R,Race,False,12,0,Alexander,Albon,ALB,23,141,Williams,3497,15,72,t
43388,852,73,2022,1072,Dutch Grand Prix,15,2022-09-04,11,Circuit Park Zandvoort,Netherlands,1072,4369,R,Race,False,13,0,Mick,Schumacher,MSC,47,207,Haas F1 Team,3495,8,72,t
43392,798,73,2022,1072,Dutch Grand Prix,15,2022-09-04,11,Circuit Park Zandvoort,Netherlands,1072,4369,R,Race,False,14,0,Sebastian,Vettel,VET,5,64,Aston Martin,3505,19,72,t
43394,824,73,2022,1072,Dutch Grand Prix,15,2022-09-04,11,Circuit Park Zandvoort,Netherlands,1072,4369,R,Race,False,15,0,Kevin,Magnussen,MAG,20,207,Haas F1 Team,3489,18,72,t
43396,854,73,2022,1072,Dutch Grand Prix,15,2022-09-04,11,Circuit Park Zandvoort,Netherlands,1072,4369,R,Race,False,16,0,Guanyu,Zhou,ZHO,24,1,Alfa Romeo,3494,14,72,t
43399,816,73,2022,1072,Dutch Grand Prix,15,2022-09-04,11,Circuit Park Zandvoort,Netherlands,1072,4369,R,Race,False,17,0,Daniel,Ricciardo,RIC,3,117,McLaren,3498,17,72,t
43401,848,73,2022,1072,Dutch Grand Prix,15,2022-09-04,11,Circuit Park Zandvoort,Netherlands,1072,4369,R,Race,False,18,0,Nicholas,Latifi,LAT,6,141,Williams,3500,20,71,t
43403,820,73,2022,1072,Dutch Grand Prix,15,2022-09-04,11,Circuit Park Zandvoort,Netherlands,1072,4369,R,Race,False,19,0,Valtteri,Bottas,BOT,77,1,Alfa Romeo,3490,16,53,f
43405,851,73,2022,1072,Dutch Grand Prix,15,2022-09-04,11,Circuit Park Zandvoort,Netherlands,1072,4369,R,Race,False,20,0,Yuki,Tsunoda,TSU,22,209,AlphaTauri,3492,9,43,f
43409,831,73,2022,1073,Italian Grand Prix,16,2022-09-11,7,Autodromo Nazionale di Monza,Italy,1073,4376,R,Race,False,1,25,Max,Verstappen,VER,1,191,Red Bull,3503,7,53,t
43413,843,73,2022,1073,Italian Grand Prix,16,2022-09-11,7,Autodromo Nazionale di Monza,Italy,1073,4376,R,Race,False,2,18,Charles,Leclerc,LEC,16,6,Ferrari,3485,1,53,t
43417,847,73,2022,1073,Italian Grand Prix,16,2022-09-11,7,Autodromo Nazionale di Monza,Italy,1073,4376,R,Race,False,3,15,George,Russell,RUS,63,48,Mercedes,3488,2,53,t
43421,830,73,2022,1073,Italian Grand Prix,16,2022-09-11,7,Autodromo Nazionale di Monza,Italy,1073,4376,R,Race,False,4,12,Carlos,Sainz,SAI,55,6,Ferrari,3486,18,53,t
43425,795,73,2022,1073,Italian Grand Prix,16,2022-09-11,7,Autodromo Nazionale di Monza,Italy,1073,4376,R,Race,False,5,10,Lewis,Hamilton,HAM,44,48,Mercedes,3487,19,53,t
43429,815,73,2022,1073,Italian Grand Prix,16,2022-09-11,7,Autodromo Nazionale di Monza,Italy,1073,4376,R,Race,False,6,9,Sergio,Pérez,PER,11,191,Red Bull,3502,13,53,t
43433,845,73,2022,1073,Italian Grand Prix,16,2022-09-11,7,Autodromo Nazionale di Monza,Italy,1073,4376,R,Race,False,7,6,Lando,Norris,NOR,4,117,McLaren,3499,3,53,t
43437,841,73,2022,1073,Italian Grand Prix,16,2022-09-11,7,Autodromo Nazionale di Monza,Italy,1073,4376,R,Race,False,8,4,Pierre,Gasly,GAS,10,209,AlphaTauri,3504,5,53,t
43441,855,73,2022,1073,Italian Grand Prix,16,2022-09-11,7,Autodromo Nazionale di Monza,Italy,1073,4376,R,Race,False,9,2,Nyck,de Vries,DEV,45,141,Williams,3506,8,53,t
43444,854,73,2022,1073,Italian Grand Prix,16,2022-09-11,7,Autodromo Nazionale di Monza,Italy,1073,4376,R,Race,False,10,1,Guanyu,Zhou,ZHO,24,1,Alfa Romeo,3494,9,53,t
43447,838,73,2022,1073,Italian Grand Prix,16,2022-09-11,7,Autodromo Nazionale di Monza,Italy,1073,4376,R,Race,False,11,0,Esteban,Ocon,OCO,31,210,Alpine F1 Team,3491,14,53,t
43450,852,73,2022,1073,Italian Grand Prix,16,2022-09-11,7,Autodromo Nazionale di Monza,Italy,1073,4376,R,Race,False,12,0,Mick,Schumacher,MSC,47,207,Haas F1 Team,3495,17,53,t
43452,820,73,2022,1073,Italian Grand Prix,16,2022-09-11,7,Autodromo Nazionale di Monza,Italy,1073,4376,R,Race,False,13,0,Valtteri,Bottas,BOT,77,1,Alfa Romeo,3490,15,52,t
43455,851,73,2022,1073,Italian Grand Prix,16,2022-09-11,7,Autodromo Nazionale di Monza,Italy,1073,4376,R,Race,False,14,0,Yuki,Tsunoda,TSU,22,209,AlphaTauri,3492,20,52,t
43457,848,73,2022,1073,Italian Grand Prix,16,2022-09-11,7,Autodromo Nazionale di Monza,Italy,1073,4376,R,Race,False,15,0,Nicholas,Latifi,LAT,6,141,Williams,3500,10,52,t
43459,824,73,2022,1073,Italian Grand Prix,16,2022-09-11,7,Autodromo Nazionale di Monza,Italy,1073,4376,R,Race,False,16,0,Kevin,Magnussen,MAG,20,207,Haas F1 Team,3489,16,52,t
43461,816,73,2022,1073,Italian Grand Prix,16,2022-09-11,7,Autodromo Nazionale di Monza,Italy,1073,4376,R,Race,False,17,0,Daniel,Ricciardo,RIC,3,117,McLaren,3498,4,45,f
43465,840,73,2022,1073,Italian Grand Prix,16,2022-09-11,7,Autodromo Nazionale di Monza,Italy,1073,4376,R,Race,False,18,0,Lance,Stroll,STR,18,64,Aston Martin,3496,12,39,f
43467,763,73,2022,1073,Italian Grand Prix,16,2022-09-11,7,Autodromo Nazionale di Monza,Italy,1073,4376,R,Race,False,19,0,Fernando,Alonso,ALO,14,210,Alpine F1 Team,3493,6,31,f
43470,798,73,2022,1073,Italian Grand Prix,16,2022-09-11,7,Autodromo Nazionale di Monza,Italy,1073,4376,R,Race,False,20,0,Sebastian,Vettel,VET,5,64,Aston Martin,3505,11,10,f
43472,815,73,2022,1074,Singapore Grand Prix,17,2022-10-02,65,Marina Bay Street Circuit,Singapore,1074,4383,R,Race,False,1,25,Sergio,Pérez,PER,11,191,Red Bull,3502,2,59,t
43476,843,73,2022,1074,Singapore Grand Prix,17,2022-10-02,65,Marina Bay Street Circuit,Singapore,1074,4383,R,Race,False,2,18,Charles,Leclerc,LEC,16,6,Ferrari,3485,1,59,t
43480,830,73,2022,1074,Singapore Grand Prix,17,2022-10-02,65,Marina Bay Street Circuit,Singapore,1074,4383,R,Race,False,3,15,Carlos,Sainz,SAI,55,6,Ferrari,3486,4,59,t
43484,845,73,2022,1074,Singapore Grand Prix,17,2022-10-02,65,Marina Bay Street Circuit,Singapore,1074,4383,R,Race,False,4,12,Lando,Norris,NOR,4,117,McLaren,3499,6,59,t
43488,816,73,2022,1074,Singapore Grand Prix,17,2022-10-02,65,Marina Bay Street Circuit,Singapore,1074,4383,R,Race,False,5,10,Daniel,Ricciardo,RIC,3,117,McLaren,3498,16,59,t
43490,840,73,2022,1074,Singapore Grand Prix,17,2022-10-02,65,Marina Bay Street Circuit,Singapore,1074,4383,R,Race,False,6,8,Lance,Stroll,STR,18,64,Aston Martin,3496,11,59,t
43493,831,73,2022,1074,Singapore Grand Prix,17,2022-10-02,65,Marina Bay Street Circuit,Singapore,1074,4383,R,Race,False,7,6,Max,Verstappen,VER,1,191,Red Bull,3503,8,59,t
43497,798,73,2022,1074,Singapore Grand Prix,17,2022-10-02,65,Marina Bay Street Circuit,Singapore,1074,4383,R,Race,False,8,4,Sebastian,Vettel,VET,5,64,Aston Martin,3505,13,59,t
43500,795,73,2022,1074,Singapore Grand Prix,17,2022-10-02,65,Marina Bay Street Circuit,Singapore,1074,4383,R,Race,False,9,2,Lewis,Hamilton,HAM,44,48,Mercedes,3487,3,59,t
43504,841,73,2022,1074,Singapore Grand Prix,17,2022-10-02,65,Marina Bay Street Circuit,Singapore,1074,4383,R,Race,False,10,1,Pierre,Gasly,GAS,10,209,AlphaTauri,3504,7,59,t
43508,820,73,2022,1074,Singapore Grand Prix,17,2022-10-02,65,Marina Bay Street Circuit,Singapore,1074,4383,R,Race,False,11,0,Valtteri,Bottas,BOT,77,1,Alfa Romeo,3490,15,59,t
43510,824,73,2022,1074,Singapore Grand Prix,17,2022-10-02,65,Marina Bay Street Circuit,Singapore,1074,4383,R,Race,False,12,0,Kevin,Magnussen,MAG,20,207,Haas F1 Team,3489,9,59,t
43514,852,73,2022,1074,Singapore Grand Prix,17,2022-10-02,65,Marina Bay Street Circuit,Singapore,1074,4383,R,Race,False,13,0,Mick,Schumacher,MSC,47,207,Haas F1 Team,3495,12,58,t
43517,847,73,2022,1074,Singapore Grand Prix,17,2022-10-02,65,Marina Bay Street Circuit,Singapore,1074,4383,R,Race,False,14,0,George,Russell,RUS,63,48,Mercedes,3488,0,57,t
43520,851,73,2022,1074,Singapore Grand Prix,17,2022-10-02,65,Marina Bay Street Circuit,Singapore,1074,4383,R,Race,False,15,0,Yuki,Tsunoda,TSU,22,209,AlphaTauri,3492,10,34,f
43524,838,73,2022,1074,Singapore Grand Prix,17,2022-10-02,65,Marina Bay Street Circuit,Singapore,1074,4383,R,Race,False,16,0,Esteban,Ocon,OCO,31,210,Alpine F1 Team,3491,17,26,f
43526,846,73,2022,1074,Singapore Grand Prix,17,2022-10-02,65,Marina Bay Street Circuit,Singapore,1074,4383,R,Race,False,17,0,Alexander,Albon,ALB,23,141,Williams,3497,18,25,f
43528,763,73,2022,1074,Singapore Grand Prix,17,2022-10-02,65,Marina Bay Street Circuit,Singapore,1074,4383,R,Race,False,18,0,Fernando,Alonso,ALO,14,210,Alpine F1 Team,3493,5,20,f
43532,848,73,2022,1074,Singapore Grand Prix,17,2022-10-02,65,Marina Bay Street Circuit,Singapore,1074,4383,R,Race,False,19,0,Nicholas,Latifi,LAT,6,141,Williams,3500,19,7,f
43534,854,73,2022,1074,Singapore Grand Prix,17,2022-10-02,65,Marina Bay Street Circuit,Singapore,1074,4383,R,Race,False,20,0,Guanyu,Zhou,ZHO,24,1,Alfa Romeo,3494,14,6,f
43537,831,73,2022,1075,Japanese Grand Prix,18,2022-10-09,53,Suzuka Circuit,Japan,1075,4390,R,Race,False,1,25,Max,Verstappen,VER,1,191,Red Bull,3503,1,28,t
43541,815,73,2022,1075,Japanese Grand Prix,18,2022-10-09,53,Suzuka Circuit,Japan,1075,4390,R,Race,False,2,18,Sergio,Pérez,PER,11,191,Red Bull,3502,4,28,t
43545,843,73,2022,1075,Japanese Grand Prix,18,2022-10-09,53,Suzuka Circuit,Japan,1075,4390,R,Race,False,3,15,Charles,Leclerc,LEC,16,6,Ferrari,3485,2,28,t
43549,838,73,2022,1075,Japanese Grand Prix,18,2022-10-09,53,Suzuka Circuit,Japan,1075,4390,R,Race,False,4,12,Esteban,Ocon,OCO,31,210,Alpine F1 Team,3491,5,28,t
43553,795,73,2022,1075,Japanese Grand Prix,18,2022-10-09,53,Suzuka Circuit,Japan,1075,4390,R,Race,False,5,10,Lewis,Hamilton,HAM,44,48,Mercedes,3487,6,28,t
43557,798,73,2022,1075,Japanese Grand Prix,18,2022-10-09,53,Suzuka Circuit,Japan,1075,4390,R,Race,False,6,8,Sebastian,Vettel,VET,5,64,Aston Martin,3505,9,28,t
43561,763,73,2022,1075,Japanese Grand Prix,18,2022-10-09,53,Suzuka Circuit,Japan,1075,4390,R,Race,False,7,6,Fernando,Alonso,ALO,14,210,Alpine F1 Team,3493,7,28,t
43565,847,73,2022,1075,Japanese Grand Prix,18,2022-10-09,53,Suzuka Circuit,Japan,1075,4390,R,Race,False,8,4,George,Russell,RUS,63,48,Mercedes,3488,8,28,t
43569,848,73,2022,1075,Japanese Grand Prix,18,2022-10-09,53,Suzuka Circuit,Japan,1075,4390,R,Race,False,9,2,Nicholas,Latifi,LAT,6,141,Williams,3500,20,28,t
43571,845,73,2022,1075,Japanese Grand Prix,18,2022-10-09,53,Suzuka Circuit,Japan,1075,4390,R,Race,False,10,1,Lando,Norris,NOR,4,117,McLaren,3499,10,28,t
43575,816,73,2022,1075,Japanese Grand Prix,18,2022-10-09,53,Suzuka Circuit,Japan,1075,4390,R,Race,False,11,0,Daniel,Ricciardo,RIC,3,117,McLaren,3498,11,28,t
43578,840,73,2022,1075,Japanese Grand Prix,18,2022-10-09,53,Suzuka Circuit,Japan,1075,4390,R,Race,False,12,0,Lance,Stroll,STR,18,64,Aston Martin,3496,19,28,t
43580,851,73,2022,1075,Japanese Grand Prix,18,2022-10-09,53,Suzuka Circuit,Japan,1075,4390,R,Race,False,13,0,Yuki,Tsunoda,TSU,22,209,AlphaTauri,3492,13,28,t
43583,824,73,2022,1075,Japanese Grand Prix,18,2022-10-09,53,Suzuka Circuit,Japan,1075,4390,R,Race,False,14,0,Kevin,Magnussen,MAG,20,207,Haas F1 Team,3489,18,28,t
43585,820,73,2022,1075,Japanese Grand Prix,18,2022-10-09,53,Suzuka Circuit,Japan,1075,4390,R,Race,False,15,0,Valtteri,Bottas,BOT,77,1,Alfa Romeo,3490,12,28,t
43588,854,73,2022,1075,Japanese Grand Prix,18,2022-10-09,53,Suzuka Circuit,Japan,1075,4390,R,Race,False,16,0,Guanyu,Zhou,ZHO,24,1,Alfa Romeo,3494,14,28,t
43591,852,73,2022,1075,Japanese Grand Prix,18,2022-10-09,53,Suzuka Circuit,Japan,1075,4390,R,Race,False,17,0,Mick,Schumacher,MSC,47,207,Haas F1 Team,3495,15,28,t
43594,841,73,2022,1075,Japanese Grand Prix,18,2022-10-09,53,Suzuka Circuit,Japan,1075,4390,R,Race,False,18,0,Pierre,Gasly,GAS,10,209,AlphaTauri,3504,17,28,t
43596,830,73,2022,1075,Japanese Grand Prix,18,2022-10-09,53,Suzuka Circuit,Japan,1075,4390,R,Race,False,19,0,Carlos,Sainz,SAI,55,6,Ferrari,3486,3,0,f
43600,846,73,2022,1075,Japanese Grand Prix,18,2022-10-09,53,Suzuka Circuit,Japan,1075,4390,R,Race,False,20,0,Alexander,Albon,ALB,23,141,Williams,3497,16,0,f
43602,831,73,2022,1076,United States Grand Prix,19,2022-10-23,69,Circuit of the Americas,USA,1076,4397,R,Race,False,1,25,Max,Verstappen,VER,1,191,Red Bull,3503,2,56,t
43606,795,73,2022,1076,United States Grand Prix,19,2022-10-23,69,Circuit of the Americas,USA,1076,4397,R,Race,False,2,18,Lewis,Hamilton,HAM,44,48,Mercedes,3487,3,56,t
43610,843,73,2022,1076,United States Grand Prix,19,2022-10-23,69,Circuit of the Americas,USA,1076,4397,R,Race,False,3,15,Charles,Leclerc,LEC,16,6,Ferrari,3485,12,56,t
43614,815,73,2022,1076,United States Grand Prix,19,2022-10-23,69,Circuit of the Americas,USA,1076,4397,R,Race,False,4,12,Sergio,Pérez,PER,11,191,Red Bull,3502,9,56,t
43618,847,73,2022,1076,United States Grand Prix,19,2022-10-23,69,Circuit of the Americas,USA,1076,4397,R,Race,False,5,11,George,Russell,RUS,63,48,Mercedes,3488,4,56,t
43622,845,73,2022,1076,United States Grand Prix,19,2022-10-23,69,Circuit of the Americas,USA,1076,4397,R,Race,False,6,8,Lando,Norris,NOR,4,117,McLaren,3499,6,56,t
43626,763,73,2022,1076,United States Grand Prix,19,2022-10-23,69,Circuit of the Americas,USA,1076,4397,R,Race,False,7,6,Fernando,Alonso,ALO,14,210,Alpine F1 Team,3493,14,56,t
43630,798,73,2022,1076,United States Grand Prix,19,2022-10-23,69,Circuit of the Americas,USA,1076,4397,R,Race,False,8,4,Sebastian,Vettel,VET,5,64,Aston Martin,3505,10,56,t
43633,824,73,2022,1076,United States Grand Prix,19,2022-10-23,69,Circuit of the Americas,USA,1076,4397,R,Race,False,9,2,Kevin,Magnussen,MAG,20,207,Haas F1 Team,3489,13,56,t
43635,851,73,2022,1076,United States Grand Prix,19,2022-10-23,69,Circuit of the Americas,USA,1076,4397,R,Race,False,10,1,Yuki,Tsunoda,TSU,22,209,AlphaTauri,3492,19,56,t
43638,838,73,2022,1076,United States Grand Prix,19,2022-10-23,69,Circuit of the Americas,USA,1076,4397,R,Race,False,11,0,Esteban,Ocon,OCO,31,210,Alpine F1 Team,3491,0,56,t
43640,854,73,2022,1076,United States Grand Prix,19,2022-10-23,69,Circuit of the Americas,USA,1076,4397,R,Race,False,12,0,Guanyu,Zhou,ZHO,24,1,Alfa Romeo,3494,18,56,t
43643,846,73,2022,1076,United States Grand Prix,19,2022-10-23,69,Circuit of the Americas,USA,1076,4397,R,Race,False,13,0,Alexander,Albon,ALB,23,141,Williams,3497,8,56,t
43646,841,73,2022,1076,United States Grand Prix,19,2022-10-23,69,Circuit of the Americas,USA,1076,4397,R,Race,False,14,0,Pierre,Gasly,GAS,10,209,AlphaTauri,3504,11,56,t
43649,852,73,2022,1076,United States Grand Prix,19,2022-10-23,69,Circuit of the Americas,USA,1076,4397,R,Race,False,15,0,Mick,Schumacher,MSC,47,207,Haas F1 Team,3495,16,56,t
43651,816,73,2022,1076,United States Grand Prix,19,2022-10-23,69,Circuit of the Americas,USA,1076,4397,R,Race,False,16,0,Daniel,Ricciardo,RIC,3,117,McLaren,3498,15,56,t
43653,848,73,2022,1076,United States Grand Prix,19,2022-10-23,69,Circuit of the Americas,USA,1076,4397,R,Race,False,17,0,Nicholas,Latifi,LAT,6,141,Williams,3500,17,56,t
43655,840,73,2022,1076,United States Grand Prix,19,2022-10-23,69,Circuit of the Americas,USA,1076,4397,R,Race,False,18,0,Lance,Stroll,STR,18,64,Aston Martin,3496,5,21,f
43659,820,73,2022,1076,United States Grand Prix,19,2022-10-23,69,Circuit of the Americas,USA,1076,4397,R,Race,False,19,0,Valtteri,Bottas,BOT,77,1,Alfa Romeo,3490,7,16,f
43663,830,73,2022,1076,United States Grand Prix,19,2022-10-23,69,Circuit of the Americas,USA,1076,4397,R,Race,False,20,0,Carlos,Sainz,SAI,55,6,Ferrari,3486,1,1,f
43667,831,73,2022,1077,Mexico City Grand Prix,20,2022-10-30,23,Autódromo Hermanos Rodríguez,Mexico,1077,4404,R,Race,False,1,25,Max,Verstappen,VER,1,191,Red Bull,3503,1,71,t
43671,795,73,2022,1077,Mexico City Grand Prix,20,2022-10-30,23,Autódromo Hermanos Rodríguez,Mexico,1077,4404,R,Race,False,2,18,Lewis,Hamilton,HAM,44,48,Mercedes,3487,3,71,t
43675,815,73,2022,1077,Mexico City Grand Prix,20,2022-10-30,23,Autódromo Hermanos Rodríguez,Mexico,1077,4404,R,Race,False,3,15,Sergio,Pérez,PER,11,191,Red Bull,3502,4,71,t
43679,847,73,2022,1077,Mexico City Grand Prix,20,2022-10-30,23,Autódromo Hermanos Rodríguez,Mexico,1077,4404,R,Race,False,4,13,George,Russell,RUS,63,48,Mercedes,3488,2,71,t
43683,830,73,2022,1077,Mexico City Grand Prix,20,2022-10-30,23,Autódromo Hermanos Rodríguez,Mexico,1077,4404,R,Race,False,5,10,Carlos,Sainz,SAI,55,6,Ferrari,3486,5,71,t
43687,843,73,2022,1077,Mexico City Grand Prix,20,2022-10-30,23,Autódromo Hermanos Rodríguez,Mexico,1077,4404,R,Race,False,6,8,Charles,Leclerc,LEC,16,6,Ferrari,3485,7,71,t
43691,816,73,2022,1077,Mexico City Grand Prix,20,2022-10-30,23,Autódromo Hermanos Rodríguez,Mexico,1077,4404,R,Race,False,7,6,Daniel,Ricciardo,RIC,3,117,McLaren,3498,11,70,t
43694,838,73,2022,1077,Mexico City Grand Prix,20,2022-10-30,23,Autódromo Hermanos Rodríguez,Mexico,1077,4404,R,Race,False,8,4,Esteban,Ocon,OCO,31,210,Alpine F1 Team,3491,10,70,t
43698,845,73,2022,1077,Mexico City Grand Prix,20,2022-10-30,23,Autódromo Hermanos Rodríguez,Mexico,1077,4404,R,Race,False,9,2,Lando,Norris,NOR,4,117,McLaren,3499,8,70,t
43702,820,73,2022,1077,Mexico City Grand Prix,20,2022-10-30,23,Autódromo Hermanos Rodríguez,Mexico,1077,4404,R,Race,False,10,1,Valtteri,Bottas,BOT,77,1,Alfa Romeo,3490,6,70,t
43706,841,73,2022,1077,Mexico City Grand Prix,20,2022-10-30,23,Autódromo Hermanos Rodríguez,Mexico,1077,4404,R,Race,False,11,0,Pierre,Gasly,GAS,10,209,AlphaTauri,3504,14,70,t
43709,846,73,2022,1077,Mexico City Grand Prix,20,2022-10-30,23,Autódromo Hermanos Rodríguez,Mexico,1077,4404,R,Race,False,12,0,Alexander,Albon,ALB,23,141,Williams,3497,17,70,t
43711,854,73,2022,1077,Mexico City Grand Prix,20,2022-10-30,23,Autódromo Hermanos Rodríguez,Mexico,1077,4404,R,Race,False,13,0,Guanyu,Zhou,ZHO,24,1,Alfa Romeo,3494,12,70,t
43714,798,73,2022,1077,Mexico City Grand Prix,20,2022-10-30,23,Autódromo Hermanos Rodríguez,Mexico,1077,4404,R,Race,False,14,0,Sebastian,Vettel,VET,5,64,Aston Martin,3505,16,70,t
43716,840,73,2022,1077,Mexico City Grand Prix,20,2022-10-30,23,Autódromo Hermanos Rodríguez,Mexico,1077,4404,R,Race,False,15,0,Lance,Stroll,STR,18,64,Aston Martin,3496,20,70,t
43718,852,73,2022,1077,Mexico City Grand Prix,20,2022-10-30,23,Autódromo Hermanos Rodríguez,Mexico,1077,4404,R,Race,False,16,0,Mick,Schumacher,MSC,47,207,Haas F1 Team,3495,15,70,t
43720,824,73,2022,1077,Mexico City Grand Prix,20,2022-10-30,23,Autódromo Hermanos Rodríguez,Mexico,1077,4404,R,Race,False,17,0,Kevin,Magnussen,MAG,20,207,Haas F1 Team,3489,19,70,t
43723,848,73,2022,1077,Mexico City Grand Prix,20,2022-10-30,23,Autódromo Hermanos Rodríguez,Mexico,1077,4404,R,Race,False,18,0,Nicholas,Latifi,LAT,6,141,Williams,3500,18,69,t
43725,763,73,2022,1077,Mexico City Grand Prix,20,2022-10-30,23,Autódromo Hermanos Rodríguez,Mexico,1077,4404,R,Race,False,19,0,Fernando,Alonso,ALO,14,210,Alpine F1 Team,3493,9,63,t
43729,851,73,2022,1077,Mexico City Grand Prix,20,2022-10-30,23,Autódromo Hermanos Rodríguez,Mexico,1077,4404,R,Race,False,20,0,Yuki,Tsunoda,TSU,22,209,AlphaTauri,3492,13,50,f
43736,847,73,2022,1078,São Paulo Grand Prix,21,2022-11-13,37,Autódromo José Carlos Pace,Brazil,1078,4417,SR,Sprint,True,1,8,George,Russell,RUS,63,48,Mercedes,3488,3,24,t
43746,830,73,2022,1078,São Paulo Grand Prix,21,2022-11-13,37,Autódromo José Carlos Pace,Brazil,1078,4417,SR,Sprint,True,2,7,Carlos,Sainz,SAI,55,6,Ferrari,3486,5,24,t
43741,795,73,2022,1078,São Paulo Grand Prix,21,2022-11-13,37,Autódromo José Carlos Pace,Brazil,1078,4417,SR,Sprint,True,3,6,Lewis,Hamilton,HAM,44,48,Mercedes,3487,8,24,t
43760,831,73,2022,1078,São Paulo Grand Prix,21,2022-11-13,37,Autódromo José Carlos Pace,Brazil,1078,4417,SR,Sprint,True,4,5,Max,Verstappen,VER,1,191,Red Bull,3503,2,24,t
43765,815,73,2022,1078,São Paulo Grand Prix,21,2022-11-13,37,Autódromo José Carlos Pace,Brazil,1078,4417,SR,Sprint,True,5,4,Sergio,Pérez,PER,11,191,Red Bull,3502,9,24,t
43750,843,73,2022,1078,São Paulo Grand Prix,21,2022-11-13,37,Autódromo José Carlos Pace,Brazil,1078,4417,SR,Sprint,True,6,3,Charles,Leclerc,LEC,16,6,Ferrari,3485,10,24,t
43806,845,73,2022,1078,São Paulo Grand Prix,21,2022-11-13,37,Autódromo José Carlos Pace,Brazil,1078,4417,SR,Sprint,True,7,2,Lando,Norris,NOR,4,117,McLaren,3499,4,24,t
43811,824,73,2022,1078,São Paulo Grand Prix,21,2022-11-13,37,Autódromo José Carlos Pace,Brazil,1078,4417,SR,Sprint,True,8,1,Kevin,Magnussen,MAG,20,207,Haas F1 Team,3489,1,24,t
43781,798,73,2022,1078,São Paulo Grand Prix,21,2022-11-13,37,Autódromo José Carlos Pace,Brazil,1078,4417,SR,Sprint,True,9,0,Sebastian,Vettel,VET,5,64,Aston Martin,3505,13,24,t
43791,841,73,2022,1078,São Paulo Grand Prix,21,2022-11-13,37,Autódromo José Carlos Pace,Brazil,1078,4417,SR,Sprint,True,10,0,Pierre,Gasly,GAS,10,209,AlphaTauri,3504,12,24,t
43815,816,73,2022,1078,São Paulo Grand Prix,21,2022-11-13,37,Autódromo José Carlos Pace,Brazil,1078,4417,SR,Sprint,True,11,0,Daniel,Ricciardo,RIC,3,117,McLaren,3498,14,24,t
43787,852,73,2022,1078,São Paulo Grand Prix,21,2022-11-13,37,Autódromo José Carlos Pace,Brazil,1078,4417,SR,Sprint,True,12,0,Mick,Schumacher,MSC,47,207,Haas F1 Team,3495,20,24,t
43784,854,73,2022,1078,São Paulo Grand Prix,21,2022-11-13,37,Autódromo José Carlos Pace,Brazil,1078,4417,SR,Sprint,True,13,0,Guanyu,Zhou,ZHO,24,1,Alfa Romeo,3494,17,24,t
43773,820,73,2022,1078,São Paulo Grand Prix,21,2022-11-13,37,Autódromo José Carlos Pace,Brazil,1078,4417,SR,Sprint,True,14,0,Valtteri,Bottas,BOT,77,1,Alfa Romeo,3490,18,24,t
43801,851,73,2022,1078,São Paulo Grand Prix,21,2022-11-13,37,Autódromo José Carlos Pace,Brazil,1078,4417,SR,Sprint,True,15,0,Yuki,Tsunoda,TSU,22,209,AlphaTauri,3492,19,24,t
43777,840,73,2022,1078,São Paulo Grand Prix,21,2022-11-13,37,Autódromo José Carlos Pace,Brazil,1078,4417,SR,Sprint,True,16,0,Lance,Stroll,STR,18,64,Aston Martin,3496,15,24,t
43770,838,73,2022,1078,São Paulo Grand Prix,21,2022-11-13,37,Autódromo José Carlos Pace,Brazil,1078,4417,SR,Sprint,True,17,0,Esteban,Ocon,OCO,31,210,Alpine F1 Team,3491,6,24,t
43755,763,73,2022,1078,São Paulo Grand Prix,21,2022-11-13,37,Autódromo José Carlos Pace,Brazil,1078,4417,SR,Sprint,True,18,0,Fernando,Alonso,ALO,14,210,Alpine F1 Team,3493,7,24,t
43798,848,73,2022,1078,São Paulo Grand Prix,21,2022-11-13,37,Autódromo José Carlos Pace,Brazil,1078,4417,SR,Sprint,True,19,0,Nicholas,Latifi,LAT,6,141,Williams,3500,16,24,t
43795,846,73,2022,1078,São Paulo Grand Prix,21,2022-11-13,37,Autódromo José Carlos Pace,Brazil,1078,4417,SR,Sprint,True,20,0,Alexander,Albon,ALB,23,141,Williams,3497,11,12,f
43732,847,73,2022,1078,São Paulo Grand Prix,21,2022-11-13,37,Autódromo José Carlos Pace,Brazil,1078,4411,R,Race,False,1,26,George,Russell,RUS,63,48,Mercedes,3488,1,71,t
43737,795,73,2022,1078,São Paulo Grand Prix,21,2022-11-13,37,Autódromo José Carlos Pace,Brazil,1078,4411,R,Race,False,2,18,Lewis,Hamilton,HAM,44,48,Mercedes,3487,2,71,t
43742,830,73,2022,1078,São Paulo Grand Prix,21,2022-11-13,37,Autódromo José Carlos Pace,Brazil,1078,4411,R,Race,False,3,15,Carlos,Sainz,SAI,55,6,Ferrari,3486,7,71,t
43747,843,73,2022,1078,São Paulo Grand Prix,21,2022-11-13,37,Autódromo José Carlos Pace,Brazil,1078,4411,R,Race,False,4,12,Charles,Leclerc,LEC,16,6,Ferrari,3485,5,71,t
43751,763,73,2022,1078,São Paulo Grand Prix,21,2022-11-13,37,Autódromo José Carlos Pace,Brazil,1078,4411,R,Race,False,5,10,Fernando,Alonso,ALO,14,210,Alpine F1 Team,3493,17,71,t
43756,831,73,2022,1078,São Paulo Grand Prix,21,2022-11-13,37,Autódromo José Carlos Pace,Brazil,1078,4411,R,Race,False,6,8,Max,Verstappen,VER,1,191,Red Bull,3503,3,71,t
43761,815,73,2022,1078,São Paulo Grand Prix,21,2022-11-13,37,Autódromo José Carlos Pace,Brazil,1078,4411,R,Race,False,7,6,Sergio,Pérez,PER,11,191,Red Bull,3502,4,71,t
43766,838,73,2022,1078,São Paulo Grand Prix,21,2022-11-13,37,Autódromo José Carlos Pace,Brazil,1078,4411,R,Race,False,8,4,Esteban,Ocon,OCO,31,210,Alpine F1 Team,3491,16,71,t
43771,820,73,2022,1078,São Paulo Grand Prix,21,2022-11-13,37,Autódromo José Carlos Pace,Brazil,1078,4411,R,Race,False,9,2,Valtteri,Bottas,BOT,77,1,Alfa Romeo,3490,14,71,t
43774,840,73,2022,1078,São Paulo Grand Prix,21,2022-11-13,37,Autódromo José Carlos Pace,Brazil,1078,4411,R,Race,False,10,1,Lance,Stroll,STR,18,64,Aston Martin,3496,15,71,t
43778,798,73,2022,1078,São Paulo Grand Prix,21,2022-11-13,37,Autódromo José Carlos Pace,Brazil,1078,4411,R,Race,False,11,0,Sebastian,Vettel,VET,5,64,Aston Martin,3505,9,71,t
43782,854,73,2022,1078,São Paulo Grand Prix,21,2022-11-13,37,Autódromo José Carlos Pace,Brazil,1078,4411,R,Race,False,12,0,Guanyu,Zhou,ZHO,24,1,Alfa Romeo,3494,13,71,t
43785,852,73,2022,1078,São Paulo Grand Prix,21,2022-11-13,37,Autódromo José Carlos Pace,Brazil,1078,4411,R,Race,False,13,0,Mick,Schumacher,MSC,47,207,Haas F1 Team,3495,12,71,t
43788,841,73,2022,1078,São Paulo Grand Prix,21,2022-11-13,37,Autódromo José Carlos Pace,Brazil,1078,4411,R,Race,False,14,0,Pierre,Gasly,GAS,10,209,AlphaTauri,3504,10,71,t
43792,846,73,2022,1078,São Paulo Grand Prix,21,2022-11-13,37,Autódromo José Carlos Pace,Brazil,1078,4411,R,Race,False,15,0,Alexander,Albon,ALB,23,141,Williams,3497,19,71,t
43796,848,73,2022,1078,São Paulo Grand Prix,21,2022-11-13,37,Autódromo José Carlos Pace,Brazil,1078,4411,R,Race,False,16,0,Nicholas,Latifi,LAT,6,141,Williams,3500,18,71,t
43799,851,73,2022,1078,São Paulo Grand Prix,21,2022-11-13,37,Autódromo José Carlos Pace,Brazil,1078,4411,R,Race,False,17,0,Yuki,Tsunoda,TSU,22,209,AlphaTauri,3492,0,70,t
43802,845,73,2022,1078,São Paulo Grand Prix,21,2022-11-13,37,Autódromo José Carlos Pace,Brazil,1078,4411,R,Race,False,18,0,Lando,Norris,NOR,4,117,McLaren,3499,6,50,f
43807,824,73,2022,1078,São Paulo Grand Prix,21,2022-11-13,37,Autódromo José Carlos Pace,Brazil,1078,4411,R,Race,False,19,0,Kevin,Magnussen,MAG,20,207,Haas F1 Team,3489,8,0,f
43812,816,73,2022,1078,São Paulo Grand Prix,21,2022-11-13,37,Autódromo José Carlos Pace,Brazil,1078,4411,R,Race,False,20,0,Daniel,Ricciardo,RIC,3,117,McLaren,3498,11,0,f
43816,831,73,2022,1079,Abu Dhabi Grand Prix,22,2022-11-20,66,Yas Marina Circuit,UAE,1079,4418,R,Race,False,1,25,Max,Verstappen,VER,1,191,Red Bull,3503,1,58,t
43820,843,73,2022,1079,Abu Dhabi Grand Prix,22,2022-11-20,66,Yas Marina Circuit,UAE,1079,4418,R,Race,False,2,18,Charles,Leclerc,LEC,16,6,Ferrari,3485,3,58,t
43824,815,73,2022,1079,Abu Dhabi Grand Prix,22,2022-11-20,66,Yas Marina Circuit,UAE,1079,4418,R,Race,False,3,15,Sergio,Pérez,PER,11,191,Red Bull,3502,2,58,t
43828,830,73,2022,1079,Abu Dhabi Grand Prix,22,2022-11-20,66,Yas Marina Circuit,UAE,1079,4418,R,Race,False,4,12,Carlos,Sainz,SAI,55,6,Ferrari,3486,4,58,t
43832,847,73,2022,1079,Abu Dhabi Grand Prix,22,2022-11-20,66,Yas Marina Circuit,UAE,1079,4418,R,Race,False,5,10,George,Russell,RUS,63,48,Mercedes,3488,6,58,t
43836,845,73,2022,1079,Abu Dhabi Grand Prix,22,2022-11-20,66,Yas Marina Circuit,UAE,1079,4418,R,Race,False,6,9,Lando,Norris,NOR,4,117,McLaren,3499,7,58,t
43840,838,73,2022,1079,Abu Dhabi Grand Prix,22,2022-11-20,66,Yas Marina Circuit,UAE,1079,4418,R,Race,False,7,6,Esteban,Ocon,OCO,31,210,Alpine F1 Team,3491,8,58,t
43844,840,73,2022,1079,Abu Dhabi Grand Prix,22,2022-11-20,66,Yas Marina Circuit,UAE,1079,4418,R,Race,False,8,4,Lance,Stroll,STR,18,64,Aston Martin,3496,14,58,t
43847,816,73,2022,1079,Abu Dhabi Grand Prix,22,2022-11-20,66,Yas Marina Circuit,UAE,1079,4418,R,Race,False,9,2,Daniel,Ricciardo,RIC,3,117,McLaren,3498,13,58,t
43851,798,73,2022,1079,Abu Dhabi Grand Prix,22,2022-11-20,66,Yas Marina Circuit,UAE,1079,4418,R,Race,False,10,1,Sebastian,Vettel,VET,5,64,Aston Martin,3505,9,58,t
43855,851,73,2022,1079,Abu Dhabi Grand Prix,22,2022-11-20,66,Yas Marina Circuit,UAE,1079,4418,R,Race,False,11,0,Yuki,Tsunoda,TSU,22,209,AlphaTauri,3492,11,58,t
43858,854,73,2022,1079,Abu Dhabi Grand Prix,22,2022-11-20,66,Yas Marina Circuit,UAE,1079,4418,R,Race,False,12,0,Guanyu,Zhou,ZHO,24,1,Alfa Romeo,3494,15,57,t
43861,846,73,2022,1079,Abu Dhabi Grand Prix,22,2022-11-20,66,Yas Marina Circuit,UAE,1079,4418,R,Race,False,13,0,Alexander,Albon,ALB,23,141,Williams,3497,19,57,t
43863,841,73,2022,1079,Abu Dhabi Grand Prix,22,2022-11-20,66,Yas Marina Circuit,UAE,1079,4418,R,Race,False,14,0,Pierre,Gasly,GAS,10,209,AlphaTauri,3504,17,57,t
43865,820,73,2022,1079,Abu Dhabi Grand Prix,22,2022-11-20,66,Yas Marina Circuit,UAE,1079,4418,R,Race,False,15,0,Valtteri,Bottas,BOT,77,1,Alfa Romeo,3490,18,57,t
43867,852,73,2022,1079,Abu Dhabi Grand Prix,22,2022-11-20,66,Yas Marina Circuit,UAE,1079,4418,R,Race,False,16,0,Mick,Schumacher,MSC,47,207,Haas F1 Team,3495,12,57,t
43870,824,73,2022,1079,Abu Dhabi Grand Prix,22,2022-11-20,66,Yas Marina Circuit,UAE,1079,4418,R,Race,False,17,0,Kevin,Magnussen,MAG,20,207,Haas F1 Team,3489,16,57,t
43872,795,73,2022,1079,Abu Dhabi Grand Prix,22,2022-11-20,66,Yas Marina Circuit,UAE,1079,4418,R,Race,False,18,0,Lewis,Hamilton,HAM,44,48,Mercedes,3487,5,55,t
43876,848,73,2022,1079,Abu Dhabi Grand Prix,22,2022-11-20,66,Yas Marina Circuit,UAE,1079,4418,R,Race,False,19,0,Nicholas,Latifi,LAT,6,141,Williams,3500,20,55,t
43878,763,73,2022,1079,Abu Dhabi Grand Prix,22,2022-11-20,66,Yas Marina Circuit,UAE,1079,4418,R,Race,False,20,0,Fernando,Alonso,ALO,14,210,Alpine F1 Team,3493,10,27,f
43881,831,74,2023,1080,Bahrain Grand Prix,1,2023-03-05,61,Bahrain International Circuit,Bahrain,1080,4425,R,Race,False,1,25,Max,Verstappen,VER,1,191,Red Bull,3507,1,57,t
43885,815,74,2023,1080,Bahrain Grand Prix,1,2023-03-05,61,Bahrain International Circuit,Bahrain,1080,4425,R,Race,False,2,18,Sergio,Pérez,PER,11,191,Red Bull,3508,2,57,t
43889,763,74,2023,1080,Bahrain Grand Prix,1,2023-03-05,61,Bahrain International Circuit,Bahrain,1080,4425,R,Race,False,3,15,Fernando,Alonso,ALO,14,64,Aston Martin,3509,5,57,t
43893,830,74,2023,1080,Bahrain Grand Prix,1,2023-03-05,61,Bahrain International Circuit,Bahrain,1080,4425,R,Race,False,4,12,Carlos,Sainz,SAI,55,6,Ferrari,3510,4,57,t
43897,795,74,2023,1080,Bahrain Grand Prix,1,2023-03-05,61,Bahrain International Circuit,Bahrain,1080,4425,R,Race,False,5,10,Lewis,Hamilton,HAM,44,48,Mercedes,3511,7,57,t
43901,840,74,2023,1080,Bahrain Grand Prix,1,2023-03-05,61,Bahrain International Circuit,Bahrain,1080,4425,R,Race,False,6,8,Lance,Stroll,STR,18,64,Aston Martin,3512,8,57,t
43905,847,74,2023,1080,Bahrain Grand Prix,1,2023-03-05,61,Bahrain International Circuit,Bahrain,1080,4425,R,Race,False,7,6,George,Russell,RUS,63,48,Mercedes,3513,6,57,t
43909,820,74,2023,1080,Bahrain Grand Prix,1,2023-03-05,61,Bahrain International Circuit,Bahrain,1080,4425,R,Race,False,8,4,Valtteri,Bottas,BOT,77,1,Alfa Romeo,3514,12,57,t
43912,841,74,2023,1080,Bahrain Grand Prix,1,2023-03-05,61,Bahrain International Circuit,Bahrain,1080,4425,R,Race,False,9,2,Pierre,Gasly,GAS,10,210,Alpine F1 Team,3515,20,57,t
43914,846,74,2023,1080,Bahrain Grand Prix,1,2023-03-05,61,Bahrain International Circuit,Bahrain,1080,4425,R,Race,False,10,1,Alexander,Albon,ALB,23,141,Williams,3516,15,57,t
43916,851,74,2023,1080,Bahrain Grand Prix,1,2023-03-05,61,Bahrain International Circuit,Bahrain,1080,4425,R,Race,False,11,0,Yuki,Tsunoda,TSU,22,209,AlphaTauri,3517,14,57,t
43919,856,74,2023,1080,Bahrain Grand Prix,1,2023-03-05,61,Bahrain International Circuit,Bahrain,1080,4425,R,Race,False,12,0,Logan,Sargeant,SAR,2,141,Williams,3518,16,56,t
43921,824,74,2023,1080,Bahrain Grand Prix,1,2023-03-05,61,Bahrain International Circuit,Bahrain,1080,4425,R,Race,False,13,0,Kevin,Magnussen,MAG,20,207,Haas F1 Team,3519,17,56,t
43923,855,74,2023,1080,Bahrain Grand Prix,1,2023-03-05,61,Bahrain International Circuit,Bahrain,1080,4425,R,Race,False,14,0,Nyck,de Vries,DEV,21,209,AlphaTauri,3520,19,56,t
43925,807,74,2023,1080,Bahrain Grand Prix,1,2023-03-05,61,Bahrain International Circuit,Bahrain,1080,4425,R,Race,False,15,0,Nico,Hülkenberg,HUL,27,207,Haas F1 Team,3521,10,56,t
43928,854,74,2023,1080,Bahrain Grand Prix,1,2023-03-05,61,Bahrain International Circuit,Bahrain,1080,4425,R,Race,False,16,0,Guanyu,Zhou,ZHO,24,1,Alfa Romeo,3522,13,56,t
43931,845,74,2023,1080,Bahrain Grand Prix,1,2023-03-05,61,Bahrain International Circuit,Bahrain,1080,4425,R,Race,False,17,0,Lando,Norris,NOR,4,117,McLaren,3523,11,55,t
43934,838,74,2023,1080,Bahrain Grand Prix,1,2023-03-05,61,Bahrain International Circuit,Bahrain,1080,4425,R,Race,False,18,0,Esteban,Ocon,OCO,31,210,Alpine F1 Team,3524,9,41,f
43938,843,74,2023,1080,Bahrain Grand Prix,1,2023-03-05,61,Bahrain International Circuit,Bahrain,1080,4425,R,Race,False,19,0,Charles,Leclerc,LEC,16,6,Ferrari,3525,3,39,f
43942,857,74,2023,1080,Bahrain Grand Prix,1,2023-03-05,61,Bahrain International Circuit,Bahrain,1080,4425,R,Race,False,20,0,Oscar,Piastri,PIA,81,117,McLaren,3526,18,13,f
43944,815,74,2023,1081,Saudi Arabian Grand Prix,2,2023-03-19,75,Jeddah Corniche Circuit,Saudi Arabia,1081,4432,R,Race,False,1,25,Sergio,Pérez,PER,11,191,Red Bull,3508,1,50,t
43948,831,74,2023,1081,Saudi Arabian Grand Prix,2,2023-03-19,75,Jeddah Corniche Circuit,Saudi Arabia,1081,4432,R,Race,False,2,19,Max,Verstappen,VER,1,191,Red Bull,3507,15,50,t
43951,763,74,2023,1081,Saudi Arabian Grand Prix,2,2023-03-19,75,Jeddah Corniche Circuit,Saudi Arabia,1081,4432,R,Race,False,3,15,Fernando,Alonso,ALO,14,64,Aston Martin,3509,2,50,t
43955,847,74,2023,1081,Saudi Arabian Grand Prix,2,2023-03-19,75,Jeddah Corniche Circuit,Saudi Arabia,1081,4432,R,Race,False,4,12,George,Russell,RUS,63,48,Mercedes,3513,3,50,t
43959,795,74,2023,1081,Saudi Arabian Grand Prix,2,2023-03-19,75,Jeddah Corniche Circuit,Saudi Arabia,1081,4432,R,Race,False,5,10,Lewis,Hamilton,HAM,44,48,Mercedes,3511,7,50,t
43963,830,74,2023,1081,Saudi Arabian Grand Prix,2,2023-03-19,75,Jeddah Corniche Circuit,Saudi Arabia,1081,4432,R,Race,False,6,8,Carlos,Sainz,SAI,55,6,Ferrari,3510,4,50,t
43967,843,74,2023,1081,Saudi Arabian Grand Prix,2,2023-03-19,75,Jeddah Corniche Circuit,Saudi Arabia,1081,4432,R,Race,False,7,6,Charles,Leclerc,LEC,16,6,Ferrari,3525,12,50,t
43971,838,74,2023,1081,Saudi Arabian Grand Prix,2,2023-03-19,75,Jeddah Corniche Circuit,Saudi Arabia,1081,4432,R,Race,False,8,4,Esteban,Ocon,OCO,31,210,Alpine F1 Team,3524,6,50,t
43975,841,74,2023,1081,Saudi Arabian Grand Prix,2,2023-03-19,75,Jeddah Corniche Circuit,Saudi Arabia,1081,4432,R,Race,False,9,2,Pierre,Gasly,GAS,10,210,Alpine F1 Team,3515,9,50,t
43979,824,74,2023,1081,Saudi Arabian Grand Prix,2,2023-03-19,75,Jeddah Corniche Circuit,Saudi Arabia,1081,4432,R,Race,False,10,1,Kevin,Magnussen,MAG,20,207,Haas F1 Team,3519,13,50,t
43982,851,74,2023,1081,Saudi Arabian Grand Prix,2,2023-03-19,75,Jeddah Corniche Circuit,Saudi Arabia,1081,4432,R,Race,False,11,0,Yuki,Tsunoda,TSU,22,209,AlphaTauri,3517,16,50,t
43984,807,74,2023,1081,Saudi Arabian Grand Prix,2,2023-03-19,75,Jeddah Corniche Circuit,Saudi Arabia,1081,4432,R,Race,False,12,0,Nico,Hülkenberg,HUL,27,207,Haas F1 Team,3521,10,50,t
43987,854,74,2023,1081,Saudi Arabian Grand Prix,2,2023-03-19,75,Jeddah Corniche Circuit,Saudi Arabia,1081,4432,R,Race,False,13,0,Guanyu,Zhou,ZHO,24,1,Alfa Romeo,3522,11,50,t
43990,855,74,2023,1081,Saudi Arabian Grand Prix,2,2023-03-19,75,Jeddah Corniche Circuit,Saudi Arabia,1081,4432,R,Race,False,14,0,Nyck,de Vries,DEV,21,209,AlphaTauri,3520,18,50,t
43992,857,74,2023,1081,Saudi Arabian Grand Prix,2,2023-03-19,75,Jeddah Corniche Circuit,Saudi Arabia,1081,4432,R,Race,False,15,0,Oscar,Piastri,PIA,81,117,McLaren,3526,8,50,t
43996,856,74,2023,1081,Saudi Arabian Grand Prix,2,2023-03-19,75,Jeddah Corniche Circuit,Saudi Arabia,1081,4432,R,Race,False,16,0,Logan,Sargeant,SAR,2,141,Williams,3518,20,50,t
43998,845,74,2023,1081,Saudi Arabian Grand Prix,2,2023-03-19,75,Jeddah Corniche Circuit,Saudi Arabia,1081,4432,R,Race,False,17,0,Lando,Norris,NOR,4,117,McLaren,3523,19,50,t
44000,820,74,2023,1081,Saudi Arabian Grand Prix,2,2023-03-19,75,Jeddah Corniche Circuit,Saudi Arabia,1081,4432,R,Race,False,18,0,Valtteri,Bottas,BOT,77,1,Alfa Romeo,3514,14,49,t
44003,846,74,2023,1081,Saudi Arabian Grand Prix,2,2023-03-19,75,Jeddah Corniche Circuit,Saudi Arabia,1081,4432,R,Race,False,19,0,Alexander,Albon,ALB,23,141,Williams,3516,17,27,f
44005,840,74,2023,1081,Saudi Arabian Grand Prix,2,2023-03-19,75,Jeddah Corniche Circuit,Saudi Arabia,1081,4432,R,Race,False,20,0,Lance,Stroll,STR,18,64,Aston Martin,3512,5,16,f
44009,831,74,2023,1082,Australian Grand Prix,3,2023-04-02,59,Albert Park Grand Prix Circuit,Australia,1082,4439,R,Race,False,1,25,Max,Verstappen,VER,1,191,Red Bull,3507,1,58,t
44013,795,74,2023,1082,Australian Grand Prix,3,2023-04-02,59,Albert Park Grand Prix Circuit,Australia,1082,4439,R,Race,False,2,18,Lewis,Hamilton,HAM,44,48,Mercedes,3511,3,58,t
44017,763,74,2023,1082,Australian Grand Prix,3,2023-04-02,59,Albert Park Grand Prix Circuit,Australia,1082,4439,R,Race,False,3,15,Fernando,Alonso,ALO,14,64,Aston Martin,3509,4,58,t
44021,840,74,2023,1082,Australian Grand Prix,3,2023-04-02,59,Albert Park Grand Prix Circuit,Australia,1082,4439,R,Race,False,4,12,Lance,Stroll,STR,18,64,Aston Martin,3512,6,58,t
44025,815,74,2023,1082,Australian Grand Prix,3,2023-04-02,59,Albert Park Grand Prix Circuit,Australia,1082,4439,R,Race,False,5,11,Sergio,Pérez,PER,11,191,Red Bull,3508,20,58,t
44027,845,74,2023,1082,Australian Grand Prix,3,2023-04-02,59,Albert Park Grand Prix Circuit,Australia,1082,4439,R,Race,False,6,8,Lando,Norris,NOR,4,117,McLaren,3523,13,58,t
44030,807,74,2023,1082,Australian Grand Prix,3,2023-04-02,59,Albert Park Grand Prix Circuit,Australia,1082,4439,R,Race,False,7,6,Nico,Hülkenberg,HUL,27,207,Haas F1 Team,3521,10,58,t
44034,857,74,2023,1082,Australian Grand Prix,3,2023-04-02,59,Albert Park Grand Prix Circuit,Australia,1082,4439,R,Race,False,8,4,Oscar,Piastri,PIA,81,117,McLaren,3526,16,58,t
44036,854,74,2023,1082,Australian Grand Prix,3,2023-04-02,59,Albert Park Grand Prix Circuit,Australia,1082,4439,R,Race,False,9,2,Guanyu,Zhou,ZHO,24,1,Alfa Romeo,3522,17,58,t
44038,851,74,2023,1082,Australian Grand Prix,3,2023-04-02,59,Albert Park Grand Prix Circuit,Australia,1082,4439,R,Race,False,10,1,Yuki,Tsunoda,TSU,22,209,AlphaTauri,3517,12,58,t
44041,820,74,2023,1082,Australian Grand Prix,3,2023-04-02,59,Albert Park Grand Prix Circuit,Australia,1082,4439,R,Race,False,11,0,Valtteri,Bottas,BOT,77,1,Alfa Romeo,3514,19,58,t
44043,830,74,2023,1082,Australian Grand Prix,3,2023-04-02,59,Albert Park Grand Prix Circuit,Australia,1082,4439,R,Race,False,12,0,Carlos,Sainz,SAI,55,6,Ferrari,3510,5,58,t
44047,841,74,2023,1082,Australian Grand Prix,3,2023-04-02,59,Albert Park Grand Prix Circuit,Australia,1082,4439,R,Race,False,13,0,Pierre,Gasly,GAS,10,210,Alpine F1 Team,3515,9,56,t
44051,838,74,2023,1082,Australian Grand Prix,3,2023-04-02,59,Albert Park Grand Prix Circuit,Australia,1082,4439,R,Race,False,14,0,Esteban,Ocon,OCO,31,210,Alpine F1 Team,3524,11,56,t
44054,855,74,2023,1082,Australian Grand Prix,3,2023-04-02,59,Albert Park Grand Prix Circuit,Australia,1082,4439,R,Race,False,15,0,Nyck,de Vries,DEV,21,209,AlphaTauri,3520,15,56,t
44057,856,74,2023,1082,Australian Grand Prix,3,2023-04-02,59,Albert Park Grand Prix Circuit,Australia,1082,4439,R,Race,False,16,0,Logan,Sargeant,SAR,2,141,Williams,3518,18,56,t
44059,824,74,2023,1082,Australian Grand Prix,3,2023-04-02,59,Albert Park Grand Prix Circuit,Australia,1082,4439,R,Race,False,17,0,Kevin,Magnussen,MAG,20,207,Haas F1 Team,3519,14,52,t
44062,847,74,2023,1082,Australian Grand Prix,3,2023-04-02,59,Albert Park Grand Prix Circuit,Australia,1082,4439,R,Race,False,18,0,George,Russell,RUS,63,48,Mercedes,3513,2,17,f
44066,846,74,2023,1082,Australian Grand Prix,3,2023-04-02,59,Albert Park Grand Prix Circuit,Australia,1082,4439,R,Race,False,19,0,Alexander,Albon,ALB,23,141,Williams,3516,8,6,f
44070,843,74,2023,1082,Australian Grand Prix,3,2023-04-02,59,Albert Park Grand Prix Circuit,Australia,1082,4439,R,Race,False,20,0,Charles,Leclerc,LEC,16,6,Ferrari,3525,7,0,f
44078,815,74,2023,1083,Azerbaijan Grand Prix,4,2023-04-30,71,Baku City Circuit,Azerbaijan,1083,4454,SR,Sprint,True,1,8,Sergio,Pérez,PER,11,191,Red Bull,3508,2,17,t
44088,843,74,2023,1083,Azerbaijan Grand Prix,4,2023-04-30,71,Baku City Circuit,Azerbaijan,1083,4454,SR,Sprint,True,2,7,Charles,Leclerc,LEC,16,6,Ferrari,3525,1,17,t
44083,831,74,2023,1083,Azerbaijan Grand Prix,4,2023-04-30,71,Baku City Circuit,Azerbaijan,1083,4454,SR,Sprint,True,3,6,Max,Verstappen,VER,1,191,Red Bull,3507,3,17,t
44112,847,74,2023,1083,Azerbaijan Grand Prix,4,2023-04-30,71,Baku City Circuit,Azerbaijan,1083,4454,SR,Sprint,True,4,5,George,Russell,RUS,63,48,Mercedes,3513,4,17,t
44098,830,74,2023,1083,Azerbaijan Grand Prix,4,2023-04-30,71,Baku City Circuit,Azerbaijan,1083,4454,SR,Sprint,True,5,4,Carlos,Sainz,SAI,55,6,Ferrari,3510,5,17,t
44093,763,74,2023,1083,Azerbaijan Grand Prix,4,2023-04-30,71,Baku City Circuit,Azerbaijan,1083,4454,SR,Sprint,True,6,3,Fernando,Alonso,ALO,14,64,Aston Martin,3509,8,17,t
44103,795,74,2023,1083,Azerbaijan Grand Prix,4,2023-04-30,71,Baku City Circuit,Azerbaijan,1083,4454,SR,Sprint,True,7,2,Lewis,Hamilton,HAM,44,48,Mercedes,3511,6,17,t
44108,840,74,2023,1083,Azerbaijan Grand Prix,4,2023-04-30,71,Baku City Circuit,Azerbaijan,1083,4454,SR,Sprint,True,8,1,Lance,Stroll,STR,18,64,Aston Martin,3512,9,17,t
44131,846,74,2023,1083,Azerbaijan Grand Prix,4,2023-04-30,71,Baku City Circuit,Azerbaijan,1083,4454,SR,Sprint,True,9,0,Alexander,Albon,ALB,23,141,Williams,3516,7,17,t
44127,857,74,2023,1083,Azerbaijan Grand Prix,4,2023-04-30,71,Baku City Circuit,Azerbaijan,1083,4454,SR,Sprint,True,10,0,Oscar,Piastri,PIA,81,117,McLaren,3526,11,17,t
44134,824,74,2023,1083,Azerbaijan Grand Prix,4,2023-04-30,71,Baku City Circuit,Azerbaijan,1083,4454,SR,Sprint,True,11,0,Kevin,Magnussen,MAG,20,207,Haas F1 Team,3519,13,17,t
44155,854,74,2023,1083,Azerbaijan Grand Prix,4,2023-04-30,71,Baku City Circuit,Azerbaijan,1083,4454,SR,Sprint,True,12,0,Guanyu,Zhou,ZHO,24,1,Alfa Romeo,3522,14,17,t
44137,841,74,2023,1083,Azerbaijan Grand Prix,4,2023-04-30,71,Baku City Circuit,Azerbaijan,1083,4454,SR,Sprint,True,13,0,Pierre,Gasly,GAS,10,210,Alpine F1 Team,3515,17,17,t
44158,855,74,2023,1083,Azerbaijan Grand Prix,4,2023-04-30,71,Baku City Circuit,Azerbaijan,1083,4454,SR,Sprint,True,14,0,Nyck,de Vries,DEV,21,209,AlphaTauri,3520,18,17,t
44148,807,74,2023,1083,Azerbaijan Grand Prix,4,2023-04-30,71,Baku City Circuit,Azerbaijan,1083,4454,SR,Sprint,True,15,0,Nico,Hülkenberg,HUL,27,207,Haas F1 Team,3521,12,17,t
44152,820,74,2023,1083,Azerbaijan Grand Prix,4,2023-04-30,71,Baku City Circuit,Azerbaijan,1083,4454,SR,Sprint,True,16,0,Valtteri,Bottas,BOT,77,1,Alfa Romeo,3514,15,17,t
44117,845,74,2023,1083,Azerbaijan Grand Prix,4,2023-04-30,71,Baku City Circuit,Azerbaijan,1083,4454,SR,Sprint,True,17,0,Lando,Norris,NOR,4,117,McLaren,3523,10,17,t
44141,838,74,2023,1083,Azerbaijan Grand Prix,4,2023-04-30,71,Baku City Circuit,Azerbaijan,1083,4454,SR,Sprint,True,18,0,Esteban,Ocon,OCO,31,210,Alpine F1 Team,3524,0,17,t
44122,851,74,2023,1083,Azerbaijan Grand Prix,4,2023-04-30,71,Baku City Circuit,Azerbaijan,1083,4454,SR,Sprint,True,19,0,Yuki,Tsunoda,TSU,22,209,AlphaTauri,3517,16,2,f
44145,856,74,2023,1083,Azerbaijan Grand Prix,4,2023-04-30,71,Baku City Circuit,Azerbaijan,1083,4454,SR,Sprint,True,20,0,Logan,Sargeant,SAR,2,141,Williams,3518,0,0,f
44074,815,74,2023,1083,Azerbaijan Grand Prix,4,2023-04-30,71,Baku City Circuit,Azerbaijan,1083,4446,R,Race,False,1,25,Sergio,Pérez,PER,11,191,Red Bull,3508,3,51,t
44079,831,74,2023,1083,Azerbaijan Grand Prix,4,2023-04-30,71,Baku City Circuit,Azerbaijan,1083,4446,R,Race,False,2,18,Max,Verstappen,VER,1,191,Red Bull,3507,2,51,t
44084,843,74,2023,1083,Azerbaijan Grand Prix,4,2023-04-30,71,Baku City Circuit,Azerbaijan,1083,4446,R,Race,False,3,15,Charles,Leclerc,LEC,16,6,Ferrari,3525,1,51,t
44089,763,74,2023,1083,Azerbaijan Grand Prix,4,2023-04-30,71,Baku City Circuit,Azerbaijan,1083,4446,R,Race,False,4,12,Fernando,Alonso,ALO,14,64,Aston Martin,3509,6,51,t
44094,830,74,2023,1083,Azerbaijan Grand Prix,4,2023-04-30,71,Baku City Circuit,Azerbaijan,1083,4446,R,Race,False,5,10,Carlos,Sainz,SAI,55,6,Ferrari,3510,4,51,t
44099,795,74,2023,1083,Azerbaijan Grand Prix,4,2023-04-30,71,Baku City Circuit,Azerbaijan,1083,4446,R,Race,False,6,8,Lewis,Hamilton,HAM,44,48,Mercedes,3511,5,51,t
44104,840,74,2023,1083,Azerbaijan Grand Prix,4,2023-04-30,71,Baku City Circuit,Azerbaijan,1083,4446,R,Race,False,7,6,Lance,Stroll,STR,18,64,Aston Martin,3512,9,51,t
44109,847,74,2023,1083,Azerbaijan Grand Prix,4,2023-04-30,71,Baku City Circuit,Azerbaijan,1083,4446,R,Race,False,8,5,George,Russell,RUS,63,48,Mercedes,3513,11,51,t
44113,845,74,2023,1083,Azerbaijan Grand Prix,4,2023-04-30,71,Baku City Circuit,Azerbaijan,1083,4446,R,Race,False,9,2,Lando,Norris,NOR,4,117,McLaren,3523,7,51,t
44118,851,74,2023,1083,Azerbaijan Grand Prix,4,2023-04-30,71,Baku City Circuit,Azerbaijan,1083,4446,R,Race,False,10,1,Yuki,Tsunoda,TSU,22,209,AlphaTauri,3517,8,51,t
44123,857,74,2023,1083,Azerbaijan Grand Prix,4,2023-04-30,71,Baku City Circuit,Azerbaijan,1083,4446,R,Race,False,11,0,Oscar,Piastri,PIA,81,117,McLaren,3526,10,51,t
44128,846,74,2023,1083,Azerbaijan Grand Prix,4,2023-04-30,71,Baku City Circuit,Azerbaijan,1083,4446,R,Race,False,12,0,Alexander,Albon,ALB,23,141,Williams,3516,12,51,t
44132,824,74,2023,1083,Azerbaijan Grand Prix,4,2023-04-30,71,Baku City Circuit,Azerbaijan,1083,4446,R,Race,False,13,0,Kevin,Magnussen,MAG,20,207,Haas F1 Team,3519,16,51,t
44135,841,74,2023,1083,Azerbaijan Grand Prix,4,2023-04-30,71,Baku City Circuit,Azerbaijan,1083,4446,R,Race,False,14,0,Pierre,Gasly,GAS,10,210,Alpine F1 Team,3515,17,51,t
44138,838,74,2023,1083,Azerbaijan Grand Prix,4,2023-04-30,71,Baku City Circuit,Azerbaijan,1083,4446,R,Race,False,15,0,Esteban,Ocon,OCO,31,210,Alpine F1 Team,3524,19,51,t
44142,856,74,2023,1083,Azerbaijan Grand Prix,4,2023-04-30,71,Baku City Circuit,Azerbaijan,1083,4446,R,Race,False,16,0,Logan,Sargeant,SAR,2,141,Williams,3518,14,51,t
44146,807,74,2023,1083,Azerbaijan Grand Prix,4,2023-04-30,71,Baku City Circuit,Azerbaijan,1083,4446,R,Race,False,17,0,Nico,Hülkenberg,HUL,27,207,Haas F1 Team,3521,20,50,t
44149,820,74,2023,1083,Azerbaijan Grand Prix,4,2023-04-30,71,Baku City Circuit,Azerbaijan,1083,4446,R,Race,False,18,0,Valtteri,Bottas,BOT,77,1,Alfa Romeo,3514,13,50,t
44153,854,74,2023,1083,Azerbaijan Grand Prix,4,2023-04-30,71,Baku City Circuit,Azerbaijan,1083,4446,R,Race,False,19,0,Guanyu,Zhou,ZHO,24,1,Alfa Romeo,3522,15,36,f
44156,855,74,2023,1083,Azerbaijan Grand Prix,4,2023-04-30,71,Baku City Circuit,Azerbaijan,1083,4446,R,Race,False,20,0,Nyck,de Vries,DEV,21,209,AlphaTauri,3520,18,9,f
44159,831,74,2023,1084,Miami Grand Prix,5,2023-05-07,76,Miami International Autodrome,USA,1084,4455,R,Race,False,1,26,Max,Verstappen,VER,1,191,Red Bull,3507,9,57,t
44162,815,74,2023,1084,Miami Grand Prix,5,2023-05-07,76,Miami International Autodrome,USA,1084,4455,R,Race,False,2,18,Sergio,Pérez,PER,11,191,Red Bull,3508,1,57,t
44166,763,74,2023,1084,Miami Grand Prix,5,2023-05-07,76,Miami International Autodrome,USA,1084,4455,R,Race,False,3,15,Fernando,Alonso,ALO,14,64,Aston Martin,3509,2,57,t
44170,847,74,2023,1084,Miami Grand Prix,5,2023-05-07,76,Miami International Autodrome,USA,1084,4455,R,Race,False,4,12,George,Russell,RUS,63,48,Mercedes,3513,6,57,t
44174,830,74,2023,1084,Miami Grand Prix,5,2023-05-07,76,Miami International Autodrome,USA,1084,4455,R,Race,False,5,10,Carlos,Sainz,SAI,55,6,Ferrari,3510,3,57,t
44178,795,74,2023,1084,Miami Grand Prix,5,2023-05-07,76,Miami International Autodrome,USA,1084,4455,R,Race,False,6,8,Lewis,Hamilton,HAM,44,48,Mercedes,3511,13,57,t
44181,843,74,2023,1084,Miami Grand Prix,5,2023-05-07,76,Miami International Autodrome,USA,1084,4455,R,Race,False,7,6,Charles,Leclerc,LEC,16,6,Ferrari,3525,7,57,t
44185,841,74,2023,1084,Miami Grand Prix,5,2023-05-07,76,Miami International Autodrome,USA,1084,4455,R,Race,False,8,4,Pierre,Gasly,GAS,10,210,Alpine F1 Team,3515,5,57,t
44189,838,74,2023,1084,Miami Grand Prix,5,2023-05-07,76,Miami International Autodrome,USA,1084,4455,R,Race,False,9,2,Esteban,Ocon,OCO,31,210,Alpine F1 Team,3524,8,57,t
44193,824,74,2023,1084,Miami Grand Prix,5,2023-05-07,76,Miami International Autodrome,USA,1084,4455,R,Race,False,10,1,Kevin,Magnussen,MAG,20,207,Haas F1 Team,3519,4,57,t
44197,851,74,2023,1084,Miami Grand Prix,5,2023-05-07,76,Miami International Autodrome,USA,1084,4455,R,Race,False,11,0,Yuki,Tsunoda,TSU,22,209,AlphaTauri,3517,17,57,t
44199,840,74,2023,1084,Miami Grand Prix,5,2023-05-07,76,Miami International Autodrome,USA,1084,4455,R,Race,False,12,0,Lance,Stroll,STR,18,64,Aston Martin,3512,18,57,t
44201,820,74,2023,1084,Miami Grand Prix,5,2023-05-07,76,Miami International Autodrome,USA,1084,4455,R,Race,False,13,0,Valtteri,Bottas,BOT,77,1,Alfa Romeo,3514,10,57,t
44204,846,74,2023,1084,Miami Grand Prix,5,2023-05-07,76,Miami International Autodrome,USA,1084,4455,R,Race,False,14,0,Alexander,Albon,ALB,23,141,Williams,3516,11,57,t
44207,807,74,2023,1084,Miami Grand Prix,5,2023-05-07,76,Miami International Autodrome,USA,1084,4455,R,Race,False,15,0,Nico,Hülkenberg,HUL,27,207,Haas F1 Team,3521,12,57,t
44210,854,74,2023,1084,Miami Grand Prix,5,2023-05-07,76,Miami International Autodrome,USA,1084,4455,R,Race,False,16,0,Guanyu,Zhou,ZHO,24,1,Alfa Romeo,3522,14,57,t
44213,845,74,2023,1084,Miami Grand Prix,5,2023-05-07,76,Miami International Autodrome,USA,1084,4455,R,Race,False,17,0,Lando,Norris,NOR,4,117,McLaren,3523,16,57,t
44215,855,74,2023,1084,Miami Grand Prix,5,2023-05-07,76,Miami International Autodrome,USA,1084,4455,R,Race,False,18,0,Nyck,de Vries,DEV,21,209,AlphaTauri,3520,15,57,t
44218,857,74,2023,1084,Miami Grand Prix,5,2023-05-07,76,Miami International Autodrome,USA,1084,4455,R,Race,False,19,0,Oscar,Piastri,PIA,81,117,McLaren,3526,19,56,t
44220,856,74,2023,1084,Miami Grand Prix,5,2023-05-07,76,Miami International Autodrome,USA,1084,4455,R,Race,False,20,0,Logan,Sargeant,SAR,2,141,Williams,3518,20,56,t
44222,831,74,2023,1085,Monaco Grand Prix,6,2023-05-28,2,Circuit de Monaco,Monaco,1085,4462,R,Race,False,1,25,Max,Verstappen,VER,1,191,Red Bull,3507,1,78,t
44226,763,74,2023,1085,Monaco Grand Prix,6,2023-05-28,2,Circuit de Monaco,Monaco,1085,4462,R,Race,False,2,18,Fernando,Alonso,ALO,14,64,Aston Martin,3509,2,78,t
44230,838,74,2023,1085,Monaco Grand Prix,6,2023-05-28,2,Circuit de Monaco,Monaco,1085,4462,R,Race,False,3,15,Esteban,Ocon,OCO,31,210,Alpine F1 Team,3524,3,78,t
44234,795,74,2023,1085,Monaco Grand Prix,6,2023-05-28,2,Circuit de Monaco,Monaco,1085,4462,R,Race,False,4,13,Lewis,Hamilton,HAM,44,48,Mercedes,3511,5,78,t
44238,847,74,2023,1085,Monaco Grand Prix,6,2023-05-28,2,Circuit de Monaco,Monaco,1085,4462,R,Race,False,5,10,George,Russell,RUS,63,48,Mercedes,3513,8,78,t
44242,843,74,2023,1085,Monaco Grand Prix,6,2023-05-28,2,Circuit de Monaco,Monaco,1085,4462,R,Race,False,6,8,Charles,Leclerc,LEC,16,6,Ferrari,3525,6,78,t
44246,841,74,2023,1085,Monaco Grand Prix,6,2023-05-28,2,Circuit de Monaco,Monaco,1085,4462,R,Race,False,7,6,Pierre,Gasly,GAS,10,210,Alpine F1 Team,3515,7,78,t
44250,830,74,2023,1085,Monaco Grand Prix,6,2023-05-28,2,Circuit de Monaco,Monaco,1085,4462,R,Race,False,8,4,Carlos,Sainz,SAI,55,6,Ferrari,3510,4,78,t
44254,845,74,2023,1085,Monaco Grand Prix,6,2023-05-28,2,Circuit de Monaco,Monaco,1085,4462,R,Race,False,9,2,Lando,Norris,NOR,4,117,McLaren,3523,10,77,t
44258,857,74,2023,1085,Monaco Grand Prix,6,2023-05-28,2,Circuit de Monaco,Monaco,1085,4462,R,Race,False,10,1,Oscar,Piastri,PIA,81,117,McLaren,3526,11,77,t
44261,820,74,2023,1085,Monaco Grand Prix,6,2023-05-28,2,Circuit de Monaco,Monaco,1085,4462,R,Race,False,11,0,Valtteri,Bottas,BOT,77,1,Alfa Romeo,3514,15,77,t
44264,855,74,2023,1085,Monaco Grand Prix,6,2023-05-28,2,Circuit de Monaco,Monaco,1085,4462,R,Race,False,12,0,Nyck,de Vries,DEV,21,209,AlphaTauri,3520,12,77,t
44267,854,74,2023,1085,Monaco Grand Prix,6,2023-05-28,2,Circuit de Monaco,Monaco,1085,4462,R,Race,False,13,0,Guanyu,Zhou,ZHO,24,1,Alfa Romeo,3522,19,77,t
44269,846,74,2023,1085,Monaco Grand Prix,6,2023-05-28,2,Circuit de Monaco,Monaco,1085,4462,R,Race,False,14,0,Alexander,Albon,ALB,23,141,Williams,3516,13,77,t
44272,851,74,2023,1085,Monaco Grand Prix,6,2023-05-28,2,Circuit de Monaco,Monaco,1085,4462,R,Race,False,15,0,Yuki,Tsunoda,TSU,22,209,AlphaTauri,3517,9,76,t
44276,815,74,2023,1085,Monaco Grand Prix,6,2023-05-28,2,Circuit de Monaco,Monaco,1085,4462,R,Race,False,16,0,Sergio,Pérez,PER,11,191,Red Bull,3508,20,76,t
44278,807,74,2023,1085,Monaco Grand Prix,6,2023-05-28,2,Circuit de Monaco,Monaco,1085,4462,R,Race,False,17,0,Nico,Hülkenberg,HUL,27,207,Haas F1 Team,3521,18,76,t
44280,856,74,2023,1085,Monaco Grand Prix,6,2023-05-28,2,Circuit de Monaco,Monaco,1085,4462,R,Race,False,18,0,Logan,Sargeant,SAR,2,141,Williams,3518,16,76,t
44282,824,74,2023,1085,Monaco Grand Prix,6,2023-05-28,2,Circuit de Monaco,Monaco,1085,4462,R,Race,False,19,0,Kevin,Magnussen,MAG,20,207,Haas F1 Team,3519,17,70,t
44284,840,74,2023,1085,Monaco Grand Prix,6,2023-05-28,2,Circuit de Monaco,Monaco,1085,4462,R,Race,False,20,0,Lance,Stroll,STR,18,64,Aston Martin,3512,14,53,f
44287,831,74,2023,1086,Spanish Grand Prix,7,2023-06-04,56,Circuit de Barcelona-Catalunya,Spain,1086,4469,R,Race,False,1,26,Max,Verstappen,VER,1,191,Red Bull,3507,1,66,t
44291,795,74,2023,1086,Spanish Grand Prix,7,2023-06-04,56,Circuit de Barcelona-Catalunya,Spain,1086,4469,R,Race,False,2,18,Lewis,Hamilton,HAM,44,48,Mercedes,3511,4,66,t
44295,847,74,2023,1086,Spanish Grand Prix,7,2023-06-04,56,Circuit de Barcelona-Catalunya,Spain,1086,4469,R,Race,False,3,15,George,Russell,RUS,63,48,Mercedes,3513,12,66,t
44298,815,74,2023,1086,Spanish Grand Prix,7,2023-06-04,56,Circuit de Barcelona-Catalunya,Spain,1086,4469,R,Race,False,4,12,Sergio,Pérez,PER,11,191,Red Bull,3508,11,66,t
44301,830,74,2023,1086,Spanish Grand Prix,7,2023-06-04,56,Circuit de Barcelona-Catalunya,Spain,1086,4469,R,Race,False,5,10,Carlos,Sainz,SAI,55,6,Ferrari,3510,2,66,t
44305,840,74,2023,1086,Spanish Grand Prix,7,2023-06-04,56,Circuit de Barcelona-Catalunya,Spain,1086,4469,R,Race,False,6,8,Lance,Stroll,STR,18,64,Aston Martin,3512,5,66,t
44309,763,74,2023,1086,Spanish Grand Prix,7,2023-06-04,56,Circuit de Barcelona-Catalunya,Spain,1086,4469,R,Race,False,7,6,Fernando,Alonso,ALO,14,64,Aston Martin,3509,8,66,t
44313,838,74,2023,1086,Spanish Grand Prix,7,2023-06-04,56,Circuit de Barcelona-Catalunya,Spain,1086,4469,R,Race,False,8,4,Esteban,Ocon,OCO,31,210,Alpine F1 Team,3524,6,66,t
44317,854,74,2023,1086,Spanish Grand Prix,7,2023-06-04,56,Circuit de Barcelona-Catalunya,Spain,1086,4469,R,Race,False,9,2,Guanyu,Zhou,ZHO,24,1,Alfa Romeo,3522,13,66,t
44320,841,74,2023,1086,Spanish Grand Prix,7,2023-06-04,56,Circuit de Barcelona-Catalunya,Spain,1086,4469,R,Race,False,10,1,Pierre,Gasly,GAS,10,210,Alpine F1 Team,3515,10,66,t
44324,843,74,2023,1086,Spanish Grand Prix,7,2023-06-04,56,Circuit de Barcelona-Catalunya,Spain,1086,4469,R,Race,False,11,0,Charles,Leclerc,LEC,16,6,Ferrari,3525,19,66,t
44326,851,74,2023,1086,Spanish Grand Prix,7,2023-06-04,56,Circuit de Barcelona-Catalunya,Spain,1086,4469,R,Race,False,12,0,Yuki,Tsunoda,TSU,22,209,AlphaTauri,3517,15,66,t
44329,857,74,2023,1086,Spanish Grand Prix,7,2023-06-04,56,Circuit de Barcelona-Catalunya,Spain,1086,4469,R,Race,False,13,0,Oscar,Piastri,PIA,81,117,McLaren,3526,9,65,t
44333,855,74,2023,1086,Spanish Grand Prix,7,2023-06-04,56,Circuit de Barcelona-Catalunya,Spain,1086,4469,R,Race,False,14,0,Nyck,de Vries,DEV,21,209,AlphaTauri,3520,14,65,t
44336,807,74,2023,1086,Spanish Grand Prix,7,2023-06-04,56,Circuit de Barcelona-Catalunya,Spain,1086,4469,R,Race,False,15,0,Nico,Hülkenberg,HUL,27,207,Haas F1 Team,3521,7,65,t
44340,846,74,2023,1086,Spanish Grand Prix,7,2023-06-04,56,Circuit de Barcelona-Catalunya,Spain,1086,4469,R,Race,False,16,0,Alexander,Albon,ALB,23,141,Williams,3516,18,65,t
44342,845,74,2023,1086,Spanish Grand Prix,7,2023-06-04,56,Circuit de Barcelona-Catalunya,Spain,1086,4469,R,Race,False,17,0,Lando,Norris,NOR,4,117,McLaren,3523,3,65,t
44346,824,74,2023,1086,Spanish Grand Prix,7,2023-06-04,56,Circuit de Barcelona-Catalunya,Spain,1086,4469,R,Race,False,18,0,Kevin,Magnussen,MAG,20,207,Haas F1 Team,3519,17,65,t
44348,820,74,2023,1086,Spanish Grand Prix,7,2023-06-04,56,Circuit de Barcelona-Catalunya,Spain,1086,4469,R,Race,False,19,0,Valtteri,Bottas,BOT,77,1,Alfa Romeo,3514,16,65,t
44350,856,74,2023,1086,Spanish Grand Prix,7,2023-06-04,56,Circuit de Barcelona-Catalunya,Spain,1086,4469,R,Race,False,20,0,Logan,Sargeant,SAR,2,141,Williams,3518,20,65,t
44352,831,74,2023,1087,Canadian Grand Prix,8,2023-06-18,44,Circuit Gilles Villeneuve,Canada,1087,4476,R,Race,False,1,25,Max,Verstappen,VER,1,191,Red Bull,3507,1,70,t
44356,763,74,2023,1087,Canadian Grand Prix,8,2023-06-18,44,Circuit Gilles Villeneuve,Canada,1087,4476,R,Race,False,2,18,Fernando,Alonso,ALO,14,64,Aston Martin,3509,2,70,t
44360,795,74,2023,1087,Canadian Grand Prix,8,2023-06-18,44,Circuit Gilles Villeneuve,Canada,1087,4476,R,Race,False,3,15,Lewis,Hamilton,HAM,44,48,Mercedes,3511,3,70,t
44364,843,74,2023,1087,Canadian Grand Prix,8,2023-06-18,44,Circuit Gilles Villeneuve,Canada,1087,4476,R,Race,False,4,12,Charles,Leclerc,LEC,16,6,Ferrari,3525,10,70,t
44367,830,74,2023,1087,Canadian Grand Prix,8,2023-06-18,44,Circuit Gilles Villeneuve,Canada,1087,4476,R,Race,False,5,10,Carlos,Sainz,SAI,55,6,Ferrari,3510,11,70,t
44371,815,74,2023,1087,Canadian Grand Prix,8,2023-06-18,44,Circuit Gilles Villeneuve,Canada,1087,4476,R,Race,False,6,9,Sergio,Pérez,PER,11,191,Red Bull,3508,12,70,t
44374,846,74,2023,1087,Canadian Grand Prix,8,2023-06-18,44,Circuit Gilles Villeneuve,Canada,1087,4476,R,Race,False,7,6,Alexander,Albon,ALB,23,141,Williams,3516,9,70,t
44377,838,74,2023,1087,Canadian Grand Prix,8,2023-06-18,44,Circuit Gilles Villeneuve,Canada,1087,4476,R,Race,False,8,4,Esteban,Ocon,OCO,31,210,Alpine F1 Team,3524,6,70,t
44381,840,74,2023,1087,Canadian Grand Prix,8,2023-06-18,44,Circuit Gilles Villeneuve,Canada,1087,4476,R,Race,False,9,2,Lance,Stroll,STR,18,64,Aston Martin,3512,16,70,t
44384,820,74,2023,1087,Canadian Grand Prix,8,2023-06-18,44,Circuit Gilles Villeneuve,Canada,1087,4476,R,Race,False,10,1,Valtteri,Bottas,BOT,77,1,Alfa Romeo,3514,14,70,t
44387,857,74,2023,1087,Canadian Grand Prix,8,2023-06-18,44,Circuit Gilles Villeneuve,Canada,1087,4476,R,Race,False,11,0,Oscar,Piastri,PIA,81,117,McLaren,3526,8,70,t
44391,841,74,2023,1087,Canadian Grand Prix,8,2023-06-18,44,Circuit Gilles Villeneuve,Canada,1087,4476,R,Race,False,12,0,Pierre,Gasly,GAS,10,210,Alpine F1 Team,3515,15,70,t
44393,845,74,2023,1087,Canadian Grand Prix,8,2023-06-18,44,Circuit Gilles Villeneuve,Canada,1087,4476,R,Race,False,13,0,Lando,Norris,NOR,4,117,McLaren,3523,7,70,t
44397,851,74,2023,1087,Canadian Grand Prix,8,2023-06-18,44,Circuit Gilles Villeneuve,Canada,1087,4476,R,Race,False,14,0,Yuki,Tsunoda,TSU,22,209,AlphaTauri,3517,19,70,t
44399,807,74,2023,1087,Canadian Grand Prix,8,2023-06-18,44,Circuit Gilles Villeneuve,Canada,1087,4476,R,Race,False,15,0,Nico,Hülkenberg,HUL,27,207,Haas F1 Team,3521,5,69,t
44403,854,74,2023,1087,Canadian Grand Prix,8,2023-06-18,44,Circuit Gilles Villeneuve,Canada,1087,4476,R,Race,False,16,0,Guanyu,Zhou,ZHO,24,1,Alfa Romeo,3522,20,69,t
44405,824,74,2023,1087,Canadian Grand Prix,8,2023-06-18,44,Circuit Gilles Villeneuve,Canada,1087,4476,R,Race,False,17,0,Kevin,Magnussen,MAG,20,207,Haas F1 Team,3519,13,69,t
44408,855,74,2023,1087,Canadian Grand Prix,8,2023-06-18,44,Circuit Gilles Villeneuve,Canada,1087,4476,R,Race,False,18,0,Nyck,de Vries,DEV,21,209,AlphaTauri,3520,17,69,t
44410,847,74,2023,1087,Canadian Grand Prix,8,2023-06-18,44,Circuit Gilles Villeneuve,Canada,1087,4476,R,Race,False,19,0,George,Russell,RUS,63,48,Mercedes,3513,4,53,f
44414,856,74,2023,1087,Canadian Grand Prix,8,2023-06-18,44,Circuit Gilles Villeneuve,Canada,1087,4476,R,Race,False,20,0,Logan,Sargeant,SAR,2,141,Williams,3518,18,6,f
44420,831,74,2023,1088,Austrian Grand Prix,9,2023-07-02,34,Red Bull Ring,Austria,1088,4491,SR,Sprint,True,1,8,Max,Verstappen,VER,1,191,Red Bull,3507,1,24,t
44429,815,74,2023,1088,Austrian Grand Prix,9,2023-07-02,34,Red Bull Ring,Austria,1088,4491,SR,Sprint,True,2,7,Sergio,Pérez,PER,11,191,Red Bull,3508,2,24,t
44444,830,74,2023,1088,Austrian Grand Prix,9,2023-07-02,34,Red Bull Ring,Austria,1088,4491,SR,Sprint,True,3,6,Carlos,Sainz,SAI,55,6,Ferrari,3510,5,24,t
44458,840,74,2023,1088,Austrian Grand Prix,9,2023-07-02,34,Red Bull Ring,Austria,1088,4491,SR,Sprint,True,4,5,Lance,Stroll,STR,18,64,Aston Martin,3512,7,24,t
44439,763,74,2023,1088,Austrian Grand Prix,9,2023-07-02,34,Red Bull Ring,Austria,1088,4491,SR,Sprint,True,5,4,Fernando,Alonso,ALO,14,64,Aston Martin,3509,6,24,t
44500,807,74,2023,1088,Austrian Grand Prix,9,2023-07-02,34,Red Bull Ring,Austria,1088,4491,SR,Sprint,True,6,3,Nico,Hülkenberg,HUL,27,207,Haas F1 Team,3521,4,24,t
44478,838,74,2023,1088,Austrian Grand Prix,9,2023-07-02,34,Red Bull Ring,Austria,1088,4491,SR,Sprint,True,7,2,Esteban,Ocon,OCO,31,210,Alpine F1 Team,3524,8,24,t
44448,847,74,2023,1088,Austrian Grand Prix,9,2023-07-02,34,Red Bull Ring,Austria,1088,4491,SR,Sprint,True,8,1,George,Russell,RUS,63,48,Mercedes,3513,15,24,t
44434,845,74,2023,1088,Austrian Grand Prix,9,2023-07-02,34,Red Bull Ring,Austria,1088,4491,SR,Sprint,True,9,0,Lando,Norris,NOR,4,117,McLaren,3523,3,24,t
44453,795,74,2023,1088,Austrian Grand Prix,9,2023-07-02,34,Red Bull Ring,Austria,1088,4491,SR,Sprint,True,10,0,Lewis,Hamilton,HAM,44,48,Mercedes,3511,18,24,t
44486,857,74,2023,1088,Austrian Grand Prix,9,2023-07-02,34,Red Bull Ring,Austria,1088,4491,SR,Sprint,True,11,0,Oscar,Piastri,PIA,81,117,McLaren,3526,17,24,t
44425,843,74,2023,1088,Austrian Grand Prix,9,2023-07-02,34,Red Bull Ring,Austria,1088,4491,SR,Sprint,True,12,0,Charles,Leclerc,LEC,16,6,Ferrari,3525,9,24,t
44468,846,74,2023,1088,Austrian Grand Prix,9,2023-07-02,34,Red Bull Ring,Austria,1088,4491,SR,Sprint,True,13,0,Alexander,Albon,ALB,23,141,Williams,3516,11,24,t
44492,824,74,2023,1088,Austrian Grand Prix,9,2023-07-02,34,Red Bull Ring,Austria,1088,4491,SR,Sprint,True,14,0,Kevin,Magnussen,MAG,20,207,Haas F1 Team,3519,10,24,t
44463,841,74,2023,1088,Austrian Grand Prix,9,2023-07-02,34,Red Bull Ring,Austria,1088,4491,SR,Sprint,True,15,0,Pierre,Gasly,GAS,10,210,Alpine F1 Team,3515,12,24,t
44495,851,74,2023,1088,Austrian Grand Prix,9,2023-07-02,34,Red Bull Ring,Austria,1088,4491,SR,Sprint,True,16,0,Yuki,Tsunoda,TSU,22,209,AlphaTauri,3517,13,24,t
44489,855,74,2023,1088,Austrian Grand Prix,9,2023-07-02,34,Red Bull Ring,Austria,1088,4491,SR,Sprint,True,17,0,Nyck,de Vries,DEV,21,209,AlphaTauri,3520,14,24,t
44474,856,74,2023,1088,Austrian Grand Prix,9,2023-07-02,34,Red Bull Ring,Austria,1088,4491,SR,Sprint,True,18,0,Logan,Sargeant,SAR,2,141,Williams,3518,20,24,t
44471,854,74,2023,1088,Austrian Grand Prix,9,2023-07-02,34,Red Bull Ring,Austria,1088,4491,SR,Sprint,True,19,0,Guanyu,Zhou,ZHO,24,1,Alfa Romeo,3522,16,24,t
44482,820,74,2023,1088,Austrian Grand Prix,9,2023-07-02,34,Red Bull Ring,Austria,1088,4491,SR,Sprint,True,20,0,Valtteri,Bottas,BOT,77,1,Alfa Romeo,3514,19,24,t
44416,831,74,2023,1088,Austrian Grand Prix,9,2023-07-02,34,Red Bull Ring,Austria,1088,4483,R,Race,False,1,26,Max,Verstappen,VER,1,191,Red Bull,3507,1,71,t
44421,843,74,2023,1088,Austrian Grand Prix,9,2023-07-02,34,Red Bull Ring,Austria,1088,4483,R,Race,False,2,18,Charles,Leclerc,LEC,16,6,Ferrari,3525,2,71,t
44426,815,74,2023,1088,Austrian Grand Prix,9,2023-07-02,34,Red Bull Ring,Austria,1088,4483,R,Race,False,3,15,Sergio,Pérez,PER,11,191,Red Bull,3508,15,71,t
44430,845,74,2023,1088,Austrian Grand Prix,9,2023-07-02,34,Red Bull Ring,Austria,1088,4483,R,Race,False,4,12,Lando,Norris,NOR,4,117,McLaren,3523,4,71,t
44435,763,74,2023,1088,Austrian Grand Prix,9,2023-07-02,34,Red Bull Ring,Austria,1088,4483,R,Race,False,5,10,Fernando,Alonso,ALO,14,64,Aston Martin,3509,7,71,t
44440,830,74,2023,1088,Austrian Grand Prix,9,2023-07-02,34,Red Bull Ring,Austria,1088,4483,R,Race,False,6,8,Carlos,Sainz,SAI,55,6,Ferrari,3510,3,71,t
44445,847,74,2023,1088,Austrian Grand Prix,9,2023-07-02,34,Red Bull Ring,Austria,1088,4483,R,Race,False,7,6,George,Russell,RUS,63,48,Mercedes,3513,11,71,t
44449,795,74,2023,1088,Austrian Grand Prix,9,2023-07-02,34,Red Bull Ring,Austria,1088,4483,R,Race,False,8,4,Lewis,Hamilton,HAM,44,48,Mercedes,3511,5,71,t
44454,840,74,2023,1088,Austrian Grand Prix,9,2023-07-02,34,Red Bull Ring,Austria,1088,4483,R,Race,False,9,2,Lance,Stroll,STR,18,64,Aston Martin,3512,6,71,t
44459,841,74,2023,1088,Austrian Grand Prix,9,2023-07-02,34,Red Bull Ring,Austria,1088,4483,R,Race,False,10,1,Pierre,Gasly,GAS,10,210,Alpine F1 Team,3515,9,71,t
44464,846,74,2023,1088,Austrian Grand Prix,9,2023-07-02,34,Red Bull Ring,Austria,1088,4483,R,Race,False,11,0,Alexander,Albon,ALB,23,141,Williams,3516,10,71,t
44469,854,74,2023,1088,Austrian Grand Prix,9,2023-07-02,34,Red Bull Ring,Austria,1088,4483,R,Race,False,12,0,Guanyu,Zhou,ZHO,24,1,Alfa Romeo,3522,17,70,t
44472,856,74,2023,1088,Austrian Grand Prix,9,2023-07-02,34,Red Bull Ring,Austria,1088,4483,R,Race,False,13,0,Logan,Sargeant,SAR,2,141,Williams,3518,18,70,t
44475,838,74,2023,1088,Austrian Grand Prix,9,2023-07-02,34,Red Bull Ring,Austria,1088,4483,R,Race,False,14,0,Esteban,Ocon,OCO,31,210,Alpine F1 Team,3524,12,70,t
44479,820,74,2023,1088,Austrian Grand Prix,9,2023-07-02,34,Red Bull Ring,Austria,1088,4483,R,Race,False,15,0,Valtteri,Bottas,BOT,77,1,Alfa Romeo,3514,14,70,t
44483,857,74,2023,1088,Austrian Grand Prix,9,2023-07-02,34,Red Bull Ring,Austria,1088,4483,R,Race,False,16,0,Oscar,Piastri,PIA,81,117,McLaren,3526,13,70,t
44487,855,74,2023,1088,Austrian Grand Prix,9,2023-07-02,34,Red Bull Ring,Austria,1088,4483,R,Race,False,17,0,Nyck,de Vries,DEV,21,209,AlphaTauri,3520,20,70,t
44490,824,74,2023,1088,Austrian Grand Prix,9,2023-07-02,34,Red Bull Ring,Austria,1088,4483,R,Race,False,18,0,Kevin,Magnussen,MAG,20,207,Haas F1 Team,3519,19,70,t
44493,851,74,2023,1088,Austrian Grand Prix,9,2023-07-02,34,Red Bull Ring,Austria,1088,4483,R,Race,False,19,0,Yuki,Tsunoda,TSU,22,209,AlphaTauri,3517,16,70,t
44496,807,74,2023,1088,Austrian Grand Prix,9,2023-07-02,34,Red Bull Ring,Austria,1088,4483,R,Race,False,20,0,Nico,Hülkenberg,HUL,27,207,Haas F1 Team,3521,8,12,f
44501,831,74,2023,1089,British Grand Prix,10,2023-07-09,1,Silverstone Circuit,UK,1089,4492,R,Race,False,1,26,Max,Verstappen,VER,1,191,Red Bull,3507,1,52,t
44505,845,74,2023,1089,British Grand Prix,10,2023-07-09,1,Silverstone Circuit,UK,1089,4492,R,Race,False,2,18,Lando,Norris,NOR,4,117,McLaren,3523,2,52,t
44509,795,74,2023,1089,British Grand Prix,10,2023-07-09,1,Silverstone Circuit,UK,1089,4492,R,Race,False,3,15,Lewis,Hamilton,HAM,44,48,Mercedes,3511,7,52,t
44513,857,74,2023,1089,British Grand Prix,10,2023-07-09,1,Silverstone Circuit,UK,1089,4492,R,Race,False,4,12,Oscar,Piastri,PIA,81,117,McLaren,3526,3,52,t
44517,847,74,2023,1089,British Grand Prix,10,2023-07-09,1,Silverstone Circuit,UK,1089,4492,R,Race,False,5,10,George,Russell,RUS,63,48,Mercedes,3513,6,52,t
44521,815,74,2023,1089,British Grand Prix,10,2023-07-09,1,Silverstone Circuit,UK,1089,4492,R,Race,False,6,8,Sergio,Pérez,PER,11,191,Red Bull,3508,15,52,t
44523,763,74,2023,1089,British Grand Prix,10,2023-07-09,1,Silverstone Circuit,UK,1089,4492,R,Race,False,7,6,Fernando,Alonso,ALO,14,64,Aston Martin,3509,9,52,t
44527,846,74,2023,1089,British Grand Prix,10,2023-07-09,1,Silverstone Circuit,UK,1089,4492,R,Race,False,8,4,Alexander,Albon,ALB,23,141,Williams,3516,8,52,t
44531,843,74,2023,1089,British Grand Prix,10,2023-07-09,1,Silverstone Circuit,UK,1089,4492,R,Race,False,9,2,Charles,Leclerc,LEC,16,6,Ferrari,3525,4,52,t
44535,830,74,2023,1089,British Grand Prix,10,2023-07-09,1,Silverstone Circuit,UK,1089,4492,R,Race,False,10,1,Carlos,Sainz,SAI,55,6,Ferrari,3510,5,52,t
44539,856,74,2023,1089,British Grand Prix,10,2023-07-09,1,Silverstone Circuit,UK,1089,4492,R,Race,False,11,0,Logan,Sargeant,SAR,2,141,Williams,3518,14,52,t
44542,820,74,2023,1089,British Grand Prix,10,2023-07-09,1,Silverstone Circuit,UK,1089,4492,R,Race,False,12,0,Valtteri,Bottas,BOT,77,1,Alfa Romeo,3514,20,52,t
44544,807,74,2023,1089,British Grand Prix,10,2023-07-09,1,Silverstone Circuit,UK,1089,4492,R,Race,False,13,0,Nico,Hülkenberg,HUL,27,207,Haas F1 Team,3521,11,52,t
44547,840,74,2023,1089,British Grand Prix,10,2023-07-09,1,Silverstone Circuit,UK,1089,4492,R,Race,False,14,0,Lance,Stroll,STR,18,64,Aston Martin,3512,12,52,t
44550,854,74,2023,1089,British Grand Prix,10,2023-07-09,1,Silverstone Circuit,UK,1089,4492,R,Race,False,15,0,Guanyu,Zhou,ZHO,24,1,Alfa Romeo,3522,17,52,t
44552,851,74,2023,1089,British Grand Prix,10,2023-07-09,1,Silverstone Circuit,UK,1089,4492,R,Race,False,16,0,Yuki,Tsunoda,TSU,22,209,AlphaTauri,3517,16,52,t
44554,855,74,2023,1089,British Grand Prix,10,2023-07-09,1,Silverstone Circuit,UK,1089,4492,R,Race,False,17,0,Nyck,de Vries,DEV,21,209,AlphaTauri,3520,18,52,t
44556,841,74,2023,1089,British Grand Prix,10,2023-07-09,1,Silverstone Circuit,UK,1089,4492,R,Race,False,18,0,Pierre,Gasly,GAS,10,210,Alpine F1 Team,3515,10,46,t
44560,824,74,2023,1089,British Grand Prix,10,2023-07-09,1,Silverstone Circuit,UK,1089,4492,R,Race,False,19,0,Kevin,Magnussen,MAG,20,207,Haas F1 Team,3519,19,31,f
44562,838,74,2023,1089,British Grand Prix,10,2023-07-09,1,Silverstone Circuit,UK,1089,4492,R,Race,False,20,0,Esteban,Ocon,OCO,31,210,Alpine F1 Team,3524,13,9,f
44565,831,74,2023,1090,Hungarian Grand Prix,11,2023-07-23,52,Hungaroring,Hungary,1090,4499,R,Race,False,1,26,Max,Verstappen,VER,1,191,Red Bull,3507,2,70,t
44569,845,74,2023,1090,Hungarian Grand Prix,11,2023-07-23,52,Hungaroring,Hungary,1090,4499,R,Race,False,2,18,Lando,Norris,NOR,4,117,McLaren,3523,3,70,t
44573,815,74,2023,1090,Hungarian Grand Prix,11,2023-07-23,52,Hungaroring,Hungary,1090,4499,R,Race,False,3,15,Sergio,Pérez,PER,11,191,Red Bull,3508,9,70,t
44577,795,74,2023,1090,Hungarian Grand Prix,11,2023-07-23,52,Hungaroring,Hungary,1090,4499,R,Race,False,4,12,Lewis,Hamilton,HAM,44,48,Mercedes,3511,1,70,t
44581,857,74,2023,1090,Hungarian Grand Prix,11,2023-07-23,52,Hungaroring,Hungary,1090,4499,R,Race,False,5,10,Oscar,Piastri,PIA,81,117,McLaren,3526,4,70,t
44585,847,74,2023,1090,Hungarian Grand Prix,11,2023-07-23,52,Hungaroring,Hungary,1090,4499,R,Race,False,6,8,George,Russell,RUS,63,48,Mercedes,3513,18,70,t
44587,843,74,2023,1090,Hungarian Grand Prix,11,2023-07-23,52,Hungaroring,Hungary,1090,4499,R,Race,False,7,6,Charles,Leclerc,LEC,16,6,Ferrari,3525,6,70,t
44591,830,74,2023,1090,Hungarian Grand Prix,11,2023-07-23,52,Hungaroring,Hungary,1090,4499,R,Race,False,8,4,Carlos,Sainz,SAI,55,6,Ferrari,3510,11,70,t
44594,763,74,2023,1090,Hungarian Grand Prix,11,2023-07-23,52,Hungaroring,Hungary,1090,4499,R,Race,False,9,2,Fernando,Alonso,ALO,14,64,Aston Martin,3509,8,70,t
44598,840,74,2023,1090,Hungarian Grand Prix,11,2023-07-23,52,Hungaroring,Hungary,1090,4499,R,Race,False,10,1,Lance,Stroll,STR,18,64,Aston Martin,3512,14,69,t
44601,846,74,2023,1090,Hungarian Grand Prix,11,2023-07-23,52,Hungaroring,Hungary,1090,4499,R,Race,False,11,0,Alexander,Albon,ALB,23,141,Williams,3516,16,69,t
44603,820,74,2023,1090,Hungarian Grand Prix,11,2023-07-23,52,Hungaroring,Hungary,1090,4499,R,Race,False,12,0,Valtteri,Bottas,BOT,77,1,Alfa Romeo,3514,7,69,t
44607,816,74,2023,1090,Hungarian Grand Prix,11,2023-07-23,52,Hungaroring,Hungary,1090,4499,R,Race,False,13,0,Daniel,Ricciardo,RIC,3,209,AlphaTauri,3527,13,69,t
44610,807,74,2023,1090,Hungarian Grand Prix,11,2023-07-23,52,Hungaroring,Hungary,1090,4499,R,Race,False,14,0,Nico,Hülkenberg,HUL,27,207,Haas F1 Team,3521,10,69,t
44614,851,74,2023,1090,Hungarian Grand Prix,11,2023-07-23,52,Hungaroring,Hungary,1090,4499,R,Race,False,15,0,Yuki,Tsunoda,TSU,22,209,AlphaTauri,3517,17,69,t
44616,854,74,2023,1090,Hungarian Grand Prix,11,2023-07-23,52,Hungaroring,Hungary,1090,4499,R,Race,False,16,0,Guanyu,Zhou,ZHO,24,1,Alfa Romeo,3522,5,69,t
44620,824,74,2023,1090,Hungarian Grand Prix,11,2023-07-23,52,Hungaroring,Hungary,1090,4499,R,Race,False,17,0,Kevin,Magnussen,MAG,20,207,Haas F1 Team,3519,19,69,t
44622,856,74,2023,1090,Hungarian Grand Prix,11,2023-07-23,52,Hungaroring,Hungary,1090,4499,R,Race,False,18,0,Logan,Sargeant,SAR,2,141,Williams,3518,20,67,t
44624,838,74,2023,1090,Hungarian Grand Prix,11,2023-07-23,52,Hungaroring,Hungary,1090,4499,R,Race,False,19,0,Esteban,Ocon,OCO,31,210,Alpine F1 Team,3524,12,2,f
44627,841,74,2023,1090,Hungarian Grand Prix,11,2023-07-23,52,Hungaroring,Hungary,1090,4499,R,Race,False,20,0,Pierre,Gasly,GAS,10,210,Alpine F1 Team,3515,15,1,f
44634,831,74,2023,1091,Belgian Grand Prix,12,2023-07-30,5,Circuit de Spa-Francorchamps,Belgium,1091,4514,SR,Sprint,True,1,8,Max,Verstappen,VER,1,191,Red Bull,3507,1,11,t
44714,857,74,2023,1091,Belgian Grand Prix,12,2023-07-30,5,Circuit de Spa-Francorchamps,Belgium,1091,4514,SR,Sprint,True,2,7,Oscar,Piastri,PIA,81,117,McLaren,3526,2,11,t
44681,841,74,2023,1091,Belgian Grand Prix,12,2023-07-30,5,Circuit de Spa-Francorchamps,Belgium,1091,4514,SR,Sprint,True,3,6,Pierre,Gasly,GAS,10,210,Alpine F1 Team,3515,6,11,t
44709,830,74,2023,1091,Belgian Grand Prix,12,2023-07-30,5,Circuit de Spa-Francorchamps,Belgium,1091,4514,SR,Sprint,True,4,5,Carlos,Sainz,SAI,55,6,Ferrari,3510,3,11,t
44644,843,74,2023,1091,Belgian Grand Prix,12,2023-07-30,5,Circuit de Spa-Francorchamps,Belgium,1091,4514,SR,Sprint,True,5,4,Charles,Leclerc,LEC,16,6,Ferrari,3525,4,11,t
44664,845,74,2023,1091,Belgian Grand Prix,12,2023-07-30,5,Circuit de Spa-Francorchamps,Belgium,1091,4514,SR,Sprint,True,6,3,Lando,Norris,NOR,4,117,McLaren,3523,5,11,t
44649,795,74,2023,1091,Belgian Grand Prix,12,2023-07-30,5,Circuit de Spa-Francorchamps,Belgium,1091,4514,SR,Sprint,True,7,2,Lewis,Hamilton,HAM,44,48,Mercedes,3511,7,11,t
44659,847,74,2023,1091,Belgian Grand Prix,12,2023-07-30,5,Circuit de Spa-Francorchamps,Belgium,1091,4514,SR,Sprint,True,8,1,George,Russell,RUS,63,48,Mercedes,3513,10,11,t
44668,838,74,2023,1091,Belgian Grand Prix,12,2023-07-30,5,Circuit de Spa-Francorchamps,Belgium,1091,4514,SR,Sprint,True,9,0,Esteban,Ocon,OCO,31,210,Alpine F1 Team,3524,9,11,t
44698,816,74,2023,1091,Belgian Grand Prix,12,2023-07-30,5,Circuit de Spa-Francorchamps,Belgium,1091,4514,SR,Sprint,True,10,0,Daniel,Ricciardo,RIC,3,209,AlphaTauri,3527,11,11,t
44673,840,74,2023,1091,Belgian Grand Prix,12,2023-07-30,5,Circuit de Spa-Francorchamps,Belgium,1091,4514,SR,Sprint,True,11,0,Lance,Stroll,STR,18,64,Aston Martin,3512,14,11,t
44691,846,74,2023,1091,Belgian Grand Prix,12,2023-07-30,5,Circuit de Spa-Francorchamps,Belgium,1091,4514,SR,Sprint,True,12,0,Alexander,Albon,ALB,23,141,Williams,3516,12,11,t
44685,820,74,2023,1091,Belgian Grand Prix,12,2023-07-30,5,Circuit de Spa-Francorchamps,Belgium,1091,4514,SR,Sprint,True,13,0,Valtteri,Bottas,BOT,77,1,Alfa Romeo,3514,17,11,t
44695,824,74,2023,1091,Belgian Grand Prix,12,2023-07-30,5,Circuit de Spa-Francorchamps,Belgium,1091,4514,SR,Sprint,True,14,0,Kevin,Magnussen,MAG,20,207,Haas F1 Team,3519,18,11,t
44688,854,74,2023,1091,Belgian Grand Prix,12,2023-07-30,5,Circuit de Spa-Francorchamps,Belgium,1091,4514,SR,Sprint,True,15,0,Guanyu,Zhou,ZHO,24,1,Alfa Romeo,3522,19,11,t
44701,856,74,2023,1091,Belgian Grand Prix,12,2023-07-30,5,Circuit de Spa-Francorchamps,Belgium,1091,4514,SR,Sprint,True,16,0,Logan,Sargeant,SAR,2,141,Williams,3518,13,11,t
44704,807,74,2023,1091,Belgian Grand Prix,12,2023-07-30,5,Circuit de Spa-Francorchamps,Belgium,1091,4514,SR,Sprint,True,17,0,Nico,Hülkenberg,HUL,27,207,Haas F1 Team,3521,20,11,t
44677,851,74,2023,1091,Belgian Grand Prix,12,2023-07-30,5,Circuit de Spa-Francorchamps,Belgium,1091,4514,SR,Sprint,True,18,0,Yuki,Tsunoda,TSU,22,209,AlphaTauri,3517,16,11,t
44639,815,74,2023,1091,Belgian Grand Prix,12,2023-07-30,5,Circuit de Spa-Francorchamps,Belgium,1091,4514,SR,Sprint,True,19,0,Sergio,Pérez,PER,11,191,Red Bull,3508,8,8,f
44654,763,74,2023,1091,Belgian Grand Prix,12,2023-07-30,5,Circuit de Spa-Francorchamps,Belgium,1091,4514,SR,Sprint,True,20,0,Fernando,Alonso,ALO,14,64,Aston Martin,3509,15,2,f
44630,831,74,2023,1091,Belgian Grand Prix,12,2023-07-30,5,Circuit de Spa-Francorchamps,Belgium,1091,4506,R,Race,False,1,25,Max,Verstappen,VER,1,191,Red Bull,3507,6,44,t
44635,815,74,2023,1091,Belgian Grand Prix,12,2023-07-30,5,Circuit de Spa-Francorchamps,Belgium,1091,4506,R,Race,False,2,18,Sergio,Pérez,PER,11,191,Red Bull,3508,2,44,t
44640,843,74,2023,1091,Belgian Grand Prix,12,2023-07-30,5,Circuit de Spa-Francorchamps,Belgium,1091,4506,R,Race,False,3,15,Charles,Leclerc,LEC,16,6,Ferrari,3525,1,44,t
44645,795,74,2023,1091,Belgian Grand Prix,12,2023-07-30,5,Circuit de Spa-Francorchamps,Belgium,1091,4506,R,Race,False,4,13,Lewis,Hamilton,HAM,44,48,Mercedes,3511,3,44,t
44650,763,74,2023,1091,Belgian Grand Prix,12,2023-07-30,5,Circuit de Spa-Francorchamps,Belgium,1091,4506,R,Race,False,5,10,Fernando,Alonso,ALO,14,64,Aston Martin,3509,9,44,t
44655,847,74,2023,1091,Belgian Grand Prix,12,2023-07-30,5,Circuit de Spa-Francorchamps,Belgium,1091,4506,R,Race,False,6,8,George,Russell,RUS,63,48,Mercedes,3513,8,44,t
44660,845,74,2023,1091,Belgian Grand Prix,12,2023-07-30,5,Circuit de Spa-Francorchamps,Belgium,1091,4506,R,Race,False,7,6,Lando,Norris,NOR,4,117,McLaren,3523,7,44,t
44665,838,74,2023,1091,Belgian Grand Prix,12,2023-07-30,5,Circuit de Spa-Francorchamps,Belgium,1091,4506,R,Race,False,8,4,Esteban,Ocon,OCO,31,210,Alpine F1 Team,3524,14,44,t
44669,840,74,2023,1091,Belgian Grand Prix,12,2023-07-30,5,Circuit de Spa-Francorchamps,Belgium,1091,4506,R,Race,False,9,2,Lance,Stroll,STR,18,64,Aston Martin,3512,10,44,t
44674,851,74,2023,1091,Belgian Grand Prix,12,2023-07-30,5,Circuit de Spa-Francorchamps,Belgium,1091,4506,R,Race,False,10,1,Yuki,Tsunoda,TSU,22,209,AlphaTauri,3517,11,44,t
44678,841,74,2023,1091,Belgian Grand Prix,12,2023-07-30,5,Circuit de Spa-Francorchamps,Belgium,1091,4506,R,Race,False,11,0,Pierre,Gasly,GAS,10,210,Alpine F1 Team,3515,12,44,t
44682,820,74,2023,1091,Belgian Grand Prix,12,2023-07-30,5,Circuit de Spa-Francorchamps,Belgium,1091,4506,R,Race,False,12,0,Valtteri,Bottas,BOT,77,1,Alfa Romeo,3514,13,44,t
44686,854,74,2023,1091,Belgian Grand Prix,12,2023-07-30,5,Circuit de Spa-Francorchamps,Belgium,1091,4506,R,Race,False,13,0,Guanyu,Zhou,ZHO,24,1,Alfa Romeo,3522,17,44,t
44689,846,74,2023,1091,Belgian Grand Prix,12,2023-07-30,5,Circuit de Spa-Francorchamps,Belgium,1091,4506,R,Race,False,14,0,Alexander,Albon,ALB,23,141,Williams,3516,15,44,t
44692,824,74,2023,1091,Belgian Grand Prix,12,2023-07-30,5,Circuit de Spa-Francorchamps,Belgium,1091,4506,R,Race,False,15,0,Kevin,Magnussen,MAG,20,207,Haas F1 Team,3519,16,44,t
44696,816,74,2023,1091,Belgian Grand Prix,12,2023-07-30,5,Circuit de Spa-Francorchamps,Belgium,1091,4506,R,Race,False,16,0,Daniel,Ricciardo,RIC,3,209,AlphaTauri,3527,19,44,t
44699,856,74,2023,1091,Belgian Grand Prix,12,2023-07-30,5,Circuit de Spa-Francorchamps,Belgium,1091,4506,R,Race,False,17,0,Logan,Sargeant,SAR,2,141,Williams,3518,18,44,t
44702,807,74,2023,1091,Belgian Grand Prix,12,2023-07-30,5,Circuit de Spa-Francorchamps,Belgium,1091,4506,R,Race,False,18,0,Nico,Hülkenberg,HUL,27,207,Haas F1 Team,3521,20,44,t
44705,830,74,2023,1091,Belgian Grand Prix,12,2023-07-30,5,Circuit de Spa-Francorchamps,Belgium,1091,4506,R,Race,False,19,0,Carlos,Sainz,SAI,55,6,Ferrari,3510,4,23,f
44710,857,74,2023,1091,Belgian Grand Prix,12,2023-07-30,5,Circuit de Spa-Francorchamps,Belgium,1091,4506,R,Race,False,20,0,Oscar,Piastri,PIA,81,117,McLaren,3526,5,0,f
44715,831,74,2023,1092,Dutch Grand Prix,13,2023-08-27,11,Circuit Park Zandvoort,Netherlands,1092,4515,R,Race,False,1,25,Max,Verstappen,VER,1,191,Red Bull,3507,1,72,t
44719,763,74,2023,1092,Dutch Grand Prix,13,2023-08-27,11,Circuit Park Zandvoort,Netherlands,1092,4515,R,Race,False,2,19,Fernando,Alonso,ALO,14,64,Aston Martin,3509,5,72,t
44723,841,74,2023,1092,Dutch Grand Prix,13,2023-08-27,11,Circuit Park Zandvoort,Netherlands,1092,4515,R,Race,False,3,15,Pierre,Gasly,GAS,10,210,Alpine F1 Team,3515,12,72,t
44726,815,74,2023,1092,Dutch Grand Prix,13,2023-08-27,11,Circuit Park Zandvoort,Netherlands,1092,4515,R,Race,False,4,12,Sergio,Pérez,PER,11,191,Red Bull,3508,7,72,t
44730,830,74,2023,1092,Dutch Grand Prix,13,2023-08-27,11,Circuit Park Zandvoort,Netherlands,1092,4515,R,Race,False,5,10,Carlos,Sainz,SAI,55,6,Ferrari,3510,6,72,t
44734,795,74,2023,1092,Dutch Grand Prix,13,2023-08-27,11,Circuit Park Zandvoort,Netherlands,1092,4515,R,Race,False,6,8,Lewis,Hamilton,HAM,44,48,Mercedes,3511,13,72,t
44737,845,74,2023,1092,Dutch Grand Prix,13,2023-08-27,11,Circuit Park Zandvoort,Netherlands,1092,4515,R,Race,False,7,6,Lando,Norris,NOR,4,117,McLaren,3523,2,72,t
44741,846,74,2023,1092,Dutch Grand Prix,13,2023-08-27,11,Circuit Park Zandvoort,Netherlands,1092,4515,R,Race,False,8,4,Alexander,Albon,ALB,23,141,Williams,3516,4,72,t
44745,857,74,2023,1092,Dutch Grand Prix,13,2023-08-27,11,Circuit Park Zandvoort,Netherlands,1092,4515,R,Race,False,9,2,Oscar,Piastri,PIA,81,117,McLaren,3526,8,72,t
44749,838,74,2023,1092,Dutch Grand Prix,13,2023-08-27,11,Circuit Park Zandvoort,Netherlands,1092,4515,R,Race,False,10,1,Esteban,Ocon,OCO,31,210,Alpine F1 Team,3524,16,72,t
44751,840,74,2023,1092,Dutch Grand Prix,13,2023-08-27,11,Circuit Park Zandvoort,Netherlands,1092,4515,R,Race,False,11,0,Lance,Stroll,STR,18,64,Aston Martin,3512,11,72,t
44754,807,74,2023,1092,Dutch Grand Prix,13,2023-08-27,11,Circuit Park Zandvoort,Netherlands,1092,4515,R,Race,False,12,0,Nico,Hülkenberg,HUL,27,207,Haas F1 Team,3521,14,72,t
44757,858,74,2023,1092,Dutch Grand Prix,13,2023-08-27,11,Circuit Park Zandvoort,Netherlands,1092,4515,R,Race,False,13,0,Liam,Lawson,LAW,40,209,AlphaTauri,3528,19,72,t
44759,820,74,2023,1092,Dutch Grand Prix,13,2023-08-27,11,Circuit Park Zandvoort,Netherlands,1092,4515,R,Race,False,14,0,Valtteri,Bottas,BOT,77,1,Alfa Romeo,3514,18,72,t
44761,851,74,2023,1092,Dutch Grand Prix,13,2023-08-27,11,Circuit Park Zandvoort,Netherlands,1092,4515,R,Race,False,15,0,Yuki,Tsunoda,TSU,22,209,AlphaTauri,3517,17,72,t
44764,824,74,2023,1092,Dutch Grand Prix,13,2023-08-27,11,Circuit Park Zandvoort,Netherlands,1092,4515,R,Race,False,16,0,Kevin,Magnussen,MAG,20,207,Haas F1 Team,3519,0,72,t
44766,847,74,2023,1092,Dutch Grand Prix,13,2023-08-27,11,Circuit Park Zandvoort,Netherlands,1092,4515,R,Race,False,17,0,George,Russell,RUS,63,48,Mercedes,3513,3,72,t
44770,854,74,2023,1092,Dutch Grand Prix,13,2023-08-27,11,Circuit Park Zandvoort,Netherlands,1092,4515,R,Race,False,18,0,Guanyu,Zhou,ZHO,24,1,Alfa Romeo,3522,15,62,f
44772,843,74,2023,1092,Dutch Grand Prix,13,2023-08-27,11,Circuit Park Zandvoort,Netherlands,1092,4515,R,Race,False,19,0,Charles,Leclerc,LEC,16,6,Ferrari,3525,9,41,f
44776,856,74,2023,1092,Dutch Grand Prix,13,2023-08-27,11,Circuit Park Zandvoort,Netherlands,1092,4515,R,Race,False,20,0,Logan,Sargeant,SAR,2,141,Williams,3518,10,14,f
44780,831,74,2023,1093,Italian Grand Prix,14,2023-09-03,7,Autodromo Nazionale di Monza,Italy,1093,4522,R,Race,False,1,25,Max,Verstappen,VER,1,191,Red Bull,3507,2,51,t
44784,815,74,2023,1093,Italian Grand Prix,14,2023-09-03,7,Autodromo Nazionale di Monza,Italy,1093,4522,R,Race,False,2,18,Sergio,Pérez,PER,11,191,Red Bull,3508,5,51,t
44788,830,74,2023,1093,Italian Grand Prix,14,2023-09-03,7,Autodromo Nazionale di Monza,Italy,1093,4522,R,Race,False,3,15,Carlos,Sainz,SAI,55,6,Ferrari,3510,1,51,t
44792,843,74,2023,1093,Italian Grand Prix,14,2023-09-03,7,Autodromo Nazionale di Monza,Italy,1093,4522,R,Race,False,4,12,Charles,Leclerc,LEC,16,6,Ferrari,3525,3,51,t
44796,847,74,2023,1093,Italian Grand Prix,14,2023-09-03,7,Autodromo Nazionale di Monza,Italy,1093,4522,R,Race,False,5,10,George,Russell,RUS,63,48,Mercedes,3513,4,51,t
44800,795,74,2023,1093,Italian Grand Prix,14,2023-09-03,7,Autodromo Nazionale di Monza,Italy,1093,4522,R,Race,False,6,8,Lewis,Hamilton,HAM,44,48,Mercedes,3511,8,51,t
44804,846,74,2023,1093,Italian Grand Prix,14,2023-09-03,7,Autodromo Nazionale di Monza,Italy,1093,4522,R,Race,False,7,6,Alexander,Albon,ALB,23,141,Williams,3516,6,51,t
44808,845,74,2023,1093,Italian Grand Prix,14,2023-09-03,7,Autodromo Nazionale di Monza,Italy,1093,4522,R,Race,False,8,4,Lando,Norris,NOR,4,117,McLaren,3523,9,51,t
44812,763,74,2023,1093,Italian Grand Prix,14,2023-09-03,7,Autodromo Nazionale di Monza,Italy,1093,4522,R,Race,False,9,2,Fernando,Alonso,ALO,14,64,Aston Martin,3509,10,51,t
44816,820,74,2023,1093,Italian Grand Prix,14,2023-09-03,7,Autodromo Nazionale di Monza,Italy,1093,4522,R,Race,False,10,1,Valtteri,Bottas,BOT,77,1,Alfa Romeo,3514,14,51,t
44819,858,74,2023,1093,Italian Grand Prix,14,2023-09-03,7,Autodromo Nazionale di Monza,Italy,1093,4522,R,Race,False,11,0,Liam,Lawson,LAW,40,209,AlphaTauri,3528,12,51,t
44822,857,74,2023,1093,Italian Grand Prix,14,2023-09-03,7,Autodromo Nazionale di Monza,Italy,1093,4522,R,Race,False,12,0,Oscar,Piastri,PIA,81,117,McLaren,3526,7,51,t
44826,856,74,2023,1093,Italian Grand Prix,14,2023-09-03,7,Autodromo Nazionale di Monza,Italy,1093,4522,R,Race,False,13,0,Logan,Sargeant,SAR,2,141,Williams,3518,15,51,t
44829,854,74,2023,1093,Italian Grand Prix,14,2023-09-03,7,Autodromo Nazionale di Monza,Italy,1093,4522,R,Race,False,14,0,Guanyu,Zhou,ZHO,24,1,Alfa Romeo,3522,16,51,t
44831,841,74,2023,1093,Italian Grand Prix,14,2023-09-03,7,Autodromo Nazionale di Monza,Italy,1093,4522,R,Race,False,15,0,Pierre,Gasly,GAS,10,210,Alpine F1 Team,3515,17,51,t
44833,840,74,2023,1093,Italian Grand Prix,14,2023-09-03,7,Autodromo Nazionale di Monza,Italy,1093,4522,R,Race,False,16,0,Lance,Stroll,STR,18,64,Aston Martin,3512,20,51,t
44835,807,74,2023,1093,Italian Grand Prix,14,2023-09-03,7,Autodromo Nazionale di Monza,Italy,1093,4522,R,Race,False,17,0,Nico,Hülkenberg,HUL,27,207,Haas F1 Team,3521,13,50,t
44838,824,74,2023,1093,Italian Grand Prix,14,2023-09-03,7,Autodromo Nazionale di Monza,Italy,1093,4522,R,Race,False,18,0,Kevin,Magnussen,MAG,20,207,Haas F1 Team,3519,19,50,t
44840,838,74,2023,1093,Italian Grand Prix,14,2023-09-03,7,Autodromo Nazionale di Monza,Italy,1093,4522,R,Race,False,19,0,Esteban,Ocon,OCO,31,210,Alpine F1 Team,3524,18,39,f
44842,851,74,2023,1093,Italian Grand Prix,14,2023-09-03,7,Autodromo Nazionale di Monza,Italy,1093,4522,R,Race,False,20,0,Yuki,Tsunoda,TSU,22,209,AlphaTauri,3517,11,0,f
44845,830,74,2023,1094,Singapore Grand Prix,15,2023-09-17,65,Marina Bay Street Circuit,Singapore,1094,4529,R,Race,False,1,25,Carlos,Sainz,SAI,55,6,Ferrari,3510,1,62,t
44849,845,74,2023,1094,Singapore Grand Prix,15,2023-09-17,65,Marina Bay Street Circuit,Singapore,1094,4529,R,Race,False,2,18,Lando,Norris,NOR,4,117,McLaren,3523,4,62,t
44853,795,74,2023,1094,Singapore Grand Prix,15,2023-09-17,65,Marina Bay Street Circuit,Singapore,1094,4529,R,Race,False,3,16,Lewis,Hamilton,HAM,44,48,Mercedes,3511,5,62,t
44857,843,74,2023,1094,Singapore Grand Prix,15,2023-09-17,65,Marina Bay Street Circuit,Singapore,1094,4529,R,Race,False,4,12,Charles,Leclerc,LEC,16,6,Ferrari,3525,3,62,t
44861,831,74,2023,1094,Singapore Grand Prix,15,2023-09-17,65,Marina Bay Street Circuit,Singapore,1094,4529,R,Race,False,5,10,Max,Verstappen,VER,1,191,Red Bull,3507,11,62,t
44864,841,74,2023,1094,Singapore Grand Prix,15,2023-09-17,65,Marina Bay Street Circuit,Singapore,1094,4529,R,Race,False,6,8,Pierre,Gasly,GAS,10,210,Alpine F1 Team,3515,12,62,t
44867,857,74,2023,1094,Singapore Grand Prix,15,2023-09-17,65,Marina Bay Street Circuit,Singapore,1094,4529,R,Race,False,7,6,Oscar,Piastri,PIA,81,117,McLaren,3526,17,62,t
44869,815,74,2023,1094,Singapore Grand Prix,15,2023-09-17,65,Marina Bay Street Circuit,Singapore,1094,4529,R,Race,False,8,4,Sergio,Pérez,PER,11,191,Red Bull,3508,13,62,t
44872,858,74,2023,1094,Singapore Grand Prix,15,2023-09-17,65,Marina Bay Street Circuit,Singapore,1094,4529,R,Race,False,9,2,Liam,Lawson,LAW,40,209,AlphaTauri,3528,10,62,t
44876,824,74,2023,1094,Singapore Grand Prix,15,2023-09-17,65,Marina Bay Street Circuit,Singapore,1094,4529,R,Race,False,10,1,Kevin,Magnussen,MAG,20,207,Haas F1 Team,3519,6,62,t
44880,846,74,2023,1094,Singapore Grand Prix,15,2023-09-17,65,Marina Bay Street Circuit,Singapore,1094,4529,R,Race,False,11,0,Alexander,Albon,ALB,23,141,Williams,3516,14,62,t
44883,854,74,2023,1094,Singapore Grand Prix,15,2023-09-17,65,Marina Bay Street Circuit,Singapore,1094,4529,R,Race,False,12,0,Guanyu,Zhou,ZHO,24,1,Alfa Romeo,3522,19,62,t
44885,807,74,2023,1094,Singapore Grand Prix,15,2023-09-17,65,Marina Bay Street Circuit,Singapore,1094,4529,R,Race,False,13,0,Nico,Hülkenberg,HUL,27,207,Haas F1 Team,3521,9,62,t
44889,856,74,2023,1094,Singapore Grand Prix,15,2023-09-17,65,Marina Bay Street Circuit,Singapore,1094,4529,R,Race,False,14,0,Logan,Sargeant,SAR,2,141,Williams,3518,18,62,t
44891,763,74,2023,1094,Singapore Grand Prix,15,2023-09-17,65,Marina Bay Street Circuit,Singapore,1094,4529,R,Race,False,15,0,Fernando,Alonso,ALO,14,64,Aston Martin,3509,7,62,t
44895,847,74,2023,1094,Singapore Grand Prix,15,2023-09-17,65,Marina Bay Street Circuit,Singapore,1094,4529,R,Race,False,16,0,George,Russell,RUS,63,48,Mercedes,3513,2,61,t
44899,820,74,2023,1094,Singapore Grand Prix,15,2023-09-17,65,Marina Bay Street Circuit,Singapore,1094,4529,R,Race,False,17,0,Valtteri,Bottas,BOT,77,1,Alfa Romeo,3514,16,51,f
44901,838,74,2023,1094,Singapore Grand Prix,15,2023-09-17,65,Marina Bay Street Circuit,Singapore,1094,4529,R,Race,False,18,0,Esteban,Ocon,OCO,31,210,Alpine F1 Team,3524,8,42,f
44905,851,74,2023,1094,Singapore Grand Prix,15,2023-09-17,65,Marina Bay Street Circuit,Singapore,1094,4529,R,Race,False,19,0,Yuki,Tsunoda,TSU,22,209,AlphaTauri,3517,15,0,f
44907,840,74,2023,1094,Singapore Grand Prix,15,2023-09-17,65,Marina Bay Street Circuit,Singapore,1094,4529,R,Race,False,20,0,Lance,Stroll,STR,18,64,Aston Martin,3512,0,0,f
44909,831,74,2023,1095,Japanese Grand Prix,16,2023-09-24,53,Suzuka Circuit,Japan,1095,4536,R,Race,False,1,26,Max,Verstappen,VER,1,191,Red Bull,3507,1,53,t
44913,845,74,2023,1095,Japanese Grand Prix,16,2023-09-24,53,Suzuka Circuit,Japan,1095,4536,R,Race,False,2,18,Lando,Norris,NOR,4,117,McLaren,3523,3,53,t
44917,857,74,2023,1095,Japanese Grand Prix,16,2023-09-24,53,Suzuka Circuit,Japan,1095,4536,R,Race,False,3,15,Oscar,Piastri,PIA,81,117,McLaren,3526,2,53,t
44921,843,74,2023,1095,Japanese Grand Prix,16,2023-09-24,53,Suzuka Circuit,Japan,1095,4536,R,Race,False,4,12,Charles,Leclerc,LEC,16,6,Ferrari,3525,4,53,t
44925,795,74,2023,1095,Japanese Grand Prix,16,2023-09-24,53,Suzuka Circuit,Japan,1095,4536,R,Race,False,5,10,Lewis,Hamilton,HAM,44,48,Mercedes,3511,7,53,t
44929,830,74,2023,1095,Japanese Grand Prix,16,2023-09-24,53,Suzuka Circuit,Japan,1095,4536,R,Race,False,6,8,Carlos,Sainz,SAI,55,6,Ferrari,3510,6,53,t
44933,847,74,2023,1095,Japanese Grand Prix,16,2023-09-24,53,Suzuka Circuit,Japan,1095,4536,R,Race,False,7,6,George,Russell,RUS,63,48,Mercedes,3513,8,53,t
44937,763,74,2023,1095,Japanese Grand Prix,16,2023-09-24,53,Suzuka Circuit,Japan,1095,4536,R,Race,False,8,4,Fernando,Alonso,ALO,14,64,Aston Martin,3509,10,53,t
44941,838,74,2023,1095,Japanese Grand Prix,16,2023-09-24,53,Suzuka Circuit,Japan,1095,4536,R,Race,False,9,2,Esteban,Ocon,OCO,31,210,Alpine F1 Team,3524,14,53,t
44944,841,74,2023,1095,Japanese Grand Prix,16,2023-09-24,53,Suzuka Circuit,Japan,1095,4536,R,Race,False,10,1,Pierre,Gasly,GAS,10,210,Alpine F1 Team,3515,12,53,t
44947,858,74,2023,1095,Japanese Grand Prix,16,2023-09-24,53,Suzuka Circuit,Japan,1095,4536,R,Race,False,11,0,Liam,Lawson,LAW,40,209,AlphaTauri,3528,11,52,t
44950,851,74,2023,1095,Japanese Grand Prix,16,2023-09-24,53,Suzuka Circuit,Japan,1095,4536,R,Race,False,12,0,Yuki,Tsunoda,TSU,22,209,AlphaTauri,3517,9,52,t
44954,854,74,2023,1095,Japanese Grand Prix,16,2023-09-24,53,Suzuka Circuit,Japan,1095,4536,R,Race,False,13,0,Guanyu,Zhou,ZHO,24,1,Alfa Romeo,3522,19,52,t
44956,807,74,2023,1095,Japanese Grand Prix,16,2023-09-24,53,Suzuka Circuit,Japan,1095,4536,R,Race,False,14,0,Nico,Hülkenberg,HUL,27,207,Haas F1 Team,3521,18,52,t
44958,824,74,2023,1095,Japanese Grand Prix,16,2023-09-24,53,Suzuka Circuit,Japan,1095,4536,R,Race,False,15,0,Kevin,Magnussen,MAG,20,207,Haas F1 Team,3519,15,52,t
44961,846,74,2023,1095,Japanese Grand Prix,16,2023-09-24,53,Suzuka Circuit,Japan,1095,4536,R,Race,False,16,0,Alexander,Albon,ALB,23,141,Williams,3516,13,26,f
44964,856,74,2023,1095,Japanese Grand Prix,16,2023-09-24,53,Suzuka Circuit,Japan,1095,4536,R,Race,False,17,0,Logan,Sargeant,SAR,2,141,Williams,3518,20,22,f
44966,840,74,2023,1095,Japanese Grand Prix,16,2023-09-24,53,Suzuka Circuit,Japan,1095,4536,R,Race,False,18,0,Lance,Stroll,STR,18,64,Aston Martin,3512,17,20,f
44968,815,74,2023,1095,Japanese Grand Prix,16,2023-09-24,53,Suzuka Circuit,Japan,1095,4536,R,Race,False,19,0,Sergio,Pérez,PER,11,191,Red Bull,3508,5,15,f
44972,820,74,2023,1095,Japanese Grand Prix,16,2023-09-24,53,Suzuka Circuit,Japan,1095,4536,R,Race,False,20,0,Valtteri,Bottas,BOT,77,1,Alfa Romeo,3514,16,7,f
44983,857,74,2023,1096,Qatar Grand Prix,17,2023-10-08,74,Losail International Circuit,Qatar,1096,4551,SR,Sprint,True,1,8,Oscar,Piastri,PIA,81,117,McLaren,3526,1,19,t
44978,831,74,2023,1096,Qatar Grand Prix,17,2023-10-08,74,Losail International Circuit,Qatar,1096,4551,SR,Sprint,True,2,7,Max,Verstappen,VER,1,191,Red Bull,3507,3,19,t
44987,845,74,2023,1096,Qatar Grand Prix,17,2023-10-08,74,Losail International Circuit,Qatar,1096,4551,SR,Sprint,True,3,6,Lando,Norris,NOR,4,117,McLaren,3523,2,19,t
44992,847,74,2023,1096,Qatar Grand Prix,17,2023-10-08,74,Losail International Circuit,Qatar,1096,4551,SR,Sprint,True,4,5,George,Russell,RUS,63,48,Mercedes,3513,4,19,t
45053,795,74,2023,1096,Qatar Grand Prix,17,2023-10-08,74,Losail International Circuit,Qatar,1096,4551,SR,Sprint,True,5,4,Lewis,Hamilton,HAM,44,48,Mercedes,3511,12,19,t
45057,830,74,2023,1096,Qatar Grand Prix,17,2023-10-08,74,Losail International Circuit,Qatar,1096,4551,SR,Sprint,True,6,3,Carlos,Sainz,SAI,55,6,Ferrari,3510,5,19,t
45031,846,74,2023,1096,Qatar Grand Prix,17,2023-10-08,74,Losail International Circuit,Qatar,1096,4551,SR,Sprint,True,7,2,Alexander,Albon,ALB,23,141,Williams,3516,17,19,t
45002,763,74,2023,1096,Qatar Grand Prix,17,2023-10-08,74,Losail International Circuit,Qatar,1096,4551,SR,Sprint,True,8,1,Fernando,Alonso,ALO,14,64,Aston Martin,3509,9,19,t
45027,841,74,2023,1096,Qatar Grand Prix,17,2023-10-08,74,Losail International Circuit,Qatar,1096,4551,SR,Sprint,True,9,0,Pierre,Gasly,GAS,10,210,Alpine F1 Team,3515,11,19,t
45012,820,74,2023,1096,Qatar Grand Prix,17,2023-10-08,74,Losail International Circuit,Qatar,1096,4551,SR,Sprint,True,10,0,Valtteri,Bottas,BOT,77,1,Alfa Romeo,3514,13,19,t
45038,851,74,2023,1096,Qatar Grand Prix,17,2023-10-08,74,Losail International Circuit,Qatar,1096,4551,SR,Sprint,True,11,0,Yuki,Tsunoda,TSU,22,209,AlphaTauri,3517,18,19,t
44997,843,74,2023,1096,Qatar Grand Prix,17,2023-10-08,74,Losail International Circuit,Qatar,1096,4551,SR,Sprint,True,12,0,Charles,Leclerc,LEC,16,6,Ferrari,3525,6,19,t
45022,840,74,2023,1096,Qatar Grand Prix,17,2023-10-08,74,Losail International Circuit,Qatar,1096,4551,SR,Sprint,True,13,0,Lance,Stroll,STR,18,64,Aston Martin,3512,16,19,t
45034,824,74,2023,1096,Qatar Grand Prix,17,2023-10-08,74,Losail International Circuit,Qatar,1096,4551,SR,Sprint,True,14,0,Kevin,Magnussen,MAG,20,207,Haas F1 Team,3519,19,19,t
45015,854,74,2023,1096,Qatar Grand Prix,17,2023-10-08,74,Losail International Circuit,Qatar,1096,4551,SR,Sprint,True,15,0,Guanyu,Zhou,ZHO,24,1,Alfa Romeo,3522,15,19,t
45042,807,74,2023,1096,Qatar Grand Prix,17,2023-10-08,74,Losail International Circuit,Qatar,1096,4551,SR,Sprint,True,16,0,Nico,Hülkenberg,HUL,27,207,Haas F1 Team,3521,7,11,f
45007,838,74,2023,1096,Qatar Grand Prix,17,2023-10-08,74,Losail International Circuit,Qatar,1096,4551,SR,Sprint,True,17,0,Esteban,Ocon,OCO,31,210,Alpine F1 Team,3524,10,10,f
45019,815,74,2023,1096,Qatar Grand Prix,17,2023-10-08,74,Losail International Circuit,Qatar,1096,4551,SR,Sprint,True,18,0,Sergio,Pérez,PER,11,191,Red Bull,3508,8,10,f
45048,856,74,2023,1096,Qatar Grand Prix,17,2023-10-08,74,Losail International Circuit,Qatar,1096,4551,SR,Sprint,True,19,0,Logan,Sargeant,SAR,2,141,Williams,3518,20,2,f
45045,858,74,2023,1096,Qatar Grand Prix,17,2023-10-08,74,Losail International Circuit,Qatar,1096,4551,SR,Sprint,True,20,0,Liam,Lawson,LAW,40,209,AlphaTauri,3528,14,0,f
44974,831,74,2023,1096,Qatar Grand Prix,17,2023-10-08,74,Losail International Circuit,Qatar,1096,4543,R,Race,False,1,26,Max,Verstappen,VER,1,191,Red Bull,3507,1,57,t
44979,857,74,2023,1096,Qatar Grand Prix,17,2023-10-08,74,Losail International Circuit,Qatar,1096,4543,R,Race,False,2,18,Oscar,Piastri,PIA,81,117,McLaren,3526,6,57,t
44984,845,74,2023,1096,Qatar Grand Prix,17,2023-10-08,74,Losail International Circuit,Qatar,1096,4543,R,Race,False,3,15,Lando,Norris,NOR,4,117,McLaren,3523,10,57,t
44988,847,74,2023,1096,Qatar Grand Prix,17,2023-10-08,74,Losail International Circuit,Qatar,1096,4543,R,Race,False,4,12,George,Russell,RUS,63,48,Mercedes,3513,2,57,t
44993,843,74,2023,1096,Qatar Grand Prix,17,2023-10-08,74,Losail International Circuit,Qatar,1096,4543,R,Race,False,5,10,Charles,Leclerc,LEC,16,6,Ferrari,3525,5,57,t
44998,763,74,2023,1096,Qatar Grand Prix,17,2023-10-08,74,Losail International Circuit,Qatar,1096,4543,R,Race,False,6,8,Fernando,Alonso,ALO,14,64,Aston Martin,3509,4,57,t
45003,838,74,2023,1096,Qatar Grand Prix,17,2023-10-08,74,Losail International Circuit,Qatar,1096,4543,R,Race,False,7,6,Esteban,Ocon,OCO,31,210,Alpine F1 Team,3524,8,57,t
45008,820,74,2023,1096,Qatar Grand Prix,17,2023-10-08,74,Losail International Circuit,Qatar,1096,4543,R,Race,False,8,4,Valtteri,Bottas,BOT,77,1,Alfa Romeo,3514,9,57,t
45013,854,74,2023,1096,Qatar Grand Prix,17,2023-10-08,74,Losail International Circuit,Qatar,1096,4543,R,Race,False,9,2,Guanyu,Zhou,ZHO,24,1,Alfa Romeo,3522,19,57,t
45016,815,74,2023,1096,Qatar Grand Prix,17,2023-10-08,74,Losail International Circuit,Qatar,1096,4543,R,Race,False,10,1,Sergio,Pérez,PER,11,191,Red Bull,3508,20,57,t
45020,840,74,2023,1096,Qatar Grand Prix,17,2023-10-08,74,Losail International Circuit,Qatar,1096,4543,R,Race,False,11,0,Lance,Stroll,STR,18,64,Aston Martin,3512,16,57,t
45023,841,74,2023,1096,Qatar Grand Prix,17,2023-10-08,74,Losail International Circuit,Qatar,1096,4543,R,Race,False,12,0,Pierre,Gasly,GAS,10,210,Alpine F1 Team,3515,7,57,t
45028,846,74,2023,1096,Qatar Grand Prix,17,2023-10-08,74,Losail International Circuit,Qatar,1096,4543,R,Race,False,13,0,Alexander,Albon,ALB,23,141,Williams,3516,13,57,t
45032,824,74,2023,1096,Qatar Grand Prix,17,2023-10-08,74,Losail International Circuit,Qatar,1096,4543,R,Race,False,14,0,Kevin,Magnussen,MAG,20,207,Haas F1 Team,3519,18,56,t
45035,851,74,2023,1096,Qatar Grand Prix,17,2023-10-08,74,Losail International Circuit,Qatar,1096,4543,R,Race,False,15,0,Yuki,Tsunoda,TSU,22,209,AlphaTauri,3517,11,56,t
45039,807,74,2023,1096,Qatar Grand Prix,17,2023-10-08,74,Losail International Circuit,Qatar,1096,4543,R,Race,False,16,0,Nico,Hülkenberg,HUL,27,207,Haas F1 Team,3521,14,56,t
45043,858,74,2023,1096,Qatar Grand Prix,17,2023-10-08,74,Losail International Circuit,Qatar,1096,4543,R,Race,False,17,0,Liam,Lawson,LAW,40,209,AlphaTauri,3528,17,56,t
45046,856,74,2023,1096,Qatar Grand Prix,17,2023-10-08,74,Losail International Circuit,Qatar,1096,4543,R,Race,False,18,0,Logan,Sargeant,SAR,2,141,Williams,3518,15,40,f
45049,795,74,2023,1096,Qatar Grand Prix,17,2023-10-08,74,Losail International Circuit,Qatar,1096,4543,R,Race,False,19,0,Lewis,Hamilton,HAM,44,48,Mercedes,3511,3,0,f
45054,830,74,2023,1096,Qatar Grand Prix,17,2023-10-08,74,Losail International Circuit,Qatar,1096,4543,R,Race,False,20,0,Carlos,Sainz,SAI,55,6,Ferrari,3510,12,0,f
45062,831,74,2023,1097,United States Grand Prix,18,2023-10-22,69,Circuit of the Americas,USA,1097,4560,SR,Sprint,True,1,8,Max,Verstappen,VER,1,191,Red Bull,3507,1,19,t
45137,795,74,2023,1097,United States Grand Prix,18,2023-10-22,69,Circuit of the Americas,USA,1097,4560,SR,Sprint,True,2,7,Lewis,Hamilton,HAM,44,48,Mercedes,3511,3,19,t
45142,843,74,2023,1097,United States Grand Prix,18,2023-10-22,69,Circuit of the Americas,USA,1097,4560,SR,Sprint,True,3,6,Charles,Leclerc,LEC,16,6,Ferrari,3525,2,19,t
45067,845,74,2023,1097,United States Grand Prix,18,2023-10-22,69,Circuit of the Americas,USA,1097,4560,SR,Sprint,True,4,5,Lando,Norris,NOR,4,117,McLaren,3523,4,19,t
45077,815,74,2023,1097,United States Grand Prix,18,2023-10-22,69,Circuit of the Americas,USA,1097,4560,SR,Sprint,True,5,4,Sergio,Pérez,PER,11,191,Red Bull,3508,7,19,t
45072,830,74,2023,1097,United States Grand Prix,18,2023-10-22,69,Circuit of the Americas,USA,1097,4560,SR,Sprint,True,6,3,Carlos,Sainz,SAI,55,6,Ferrari,3510,6,19,t
45087,841,74,2023,1097,United States Grand Prix,18,2023-10-22,69,Circuit of the Americas,USA,1097,4560,SR,Sprint,True,7,2,Pierre,Gasly,GAS,10,210,Alpine F1 Team,3515,9,19,t
45082,847,74,2023,1097,United States Grand Prix,18,2023-10-22,69,Circuit of the Americas,USA,1097,4560,SR,Sprint,True,8,1,George,Russell,RUS,63,48,Mercedes,3513,11,19,t
45097,846,74,2023,1097,United States Grand Prix,18,2023-10-22,69,Circuit of the Americas,USA,1097,4560,SR,Sprint,True,9,0,Alexander,Albon,ALB,23,141,Williams,3516,8,19,t
45127,857,74,2023,1097,United States Grand Prix,18,2023-10-22,69,Circuit of the Americas,USA,1097,4560,SR,Sprint,True,10,0,Oscar,Piastri,PIA,81,117,McLaren,3526,5,19,t
45132,838,74,2023,1097,United States Grand Prix,18,2023-10-22,69,Circuit of the Americas,USA,1097,4560,SR,Sprint,True,11,0,Esteban,Ocon,OCO,31,210,Alpine F1 Team,3524,13,19,t
45119,816,74,2023,1097,United States Grand Prix,18,2023-10-22,69,Circuit of the Americas,USA,1097,4560,SR,Sprint,True,12,0,Daniel,Ricciardo,RIC,3,209,AlphaTauri,3527,10,19,t
45122,763,74,2023,1097,United States Grand Prix,18,2023-10-22,69,Circuit of the Americas,USA,1097,4560,SR,Sprint,True,13,0,Fernando,Alonso,ALO,14,64,Aston Martin,3509,12,19,t
45094,851,74,2023,1097,United States Grand Prix,18,2023-10-22,69,Circuit of the Americas,USA,1097,4560,SR,Sprint,True,14,0,Yuki,Tsunoda,TSU,22,209,AlphaTauri,3517,19,19,t
45103,807,74,2023,1097,United States Grand Prix,18,2023-10-22,69,Circuit of the Americas,USA,1097,4560,SR,Sprint,True,15,0,Nico,Hülkenberg,HUL,27,207,Haas F1 Team,3521,16,19,t
45107,820,74,2023,1097,United States Grand Prix,18,2023-10-22,69,Circuit of the Americas,USA,1097,4560,SR,Sprint,True,16,0,Valtteri,Bottas,BOT,77,1,Alfa Romeo,3514,18,19,t
45111,854,74,2023,1097,United States Grand Prix,18,2023-10-22,69,Circuit of the Americas,USA,1097,4560,SR,Sprint,True,17,0,Guanyu,Zhou,ZHO,24,1,Alfa Romeo,3522,15,19,t
45115,824,74,2023,1097,United States Grand Prix,18,2023-10-22,69,Circuit of the Americas,USA,1097,4560,SR,Sprint,True,18,0,Kevin,Magnussen,MAG,20,207,Haas F1 Team,3519,17,19,t
45100,856,74,2023,1097,United States Grand Prix,18,2023-10-22,69,Circuit of the Americas,USA,1097,4560,SR,Sprint,True,19,0,Logan,Sargeant,SAR,2,141,Williams,3518,20,19,t
45090,840,74,2023,1097,United States Grand Prix,18,2023-10-22,69,Circuit of the Americas,USA,1097,4560,SR,Sprint,True,20,0,Lance,Stroll,STR,18,64,Aston Martin,3512,14,16,f
45058,831,74,2023,1097,United States Grand Prix,18,2023-10-22,69,Circuit of the Americas,USA,1097,4552,R,Race,False,1,25,Max,Verstappen,VER,1,191,Red Bull,3507,6,56,t
45063,845,74,2023,1097,United States Grand Prix,18,2023-10-22,69,Circuit of the Americas,USA,1097,4552,R,Race,False,2,18,Lando,Norris,NOR,4,117,McLaren,3523,2,56,t
45068,830,74,2023,1097,United States Grand Prix,18,2023-10-22,69,Circuit of the Americas,USA,1097,4552,R,Race,False,3,15,Carlos,Sainz,SAI,55,6,Ferrari,3510,4,56,t
45073,815,74,2023,1097,United States Grand Prix,18,2023-10-22,69,Circuit of the Americas,USA,1097,4552,R,Race,False,4,12,Sergio,Pérez,PER,11,191,Red Bull,3508,9,56,t
45078,847,74,2023,1097,United States Grand Prix,18,2023-10-22,69,Circuit of the Americas,USA,1097,4552,R,Race,False,5,10,George,Russell,RUS,63,48,Mercedes,3513,5,56,t
45083,841,74,2023,1097,United States Grand Prix,18,2023-10-22,69,Circuit of the Americas,USA,1097,4552,R,Race,False,6,8,Pierre,Gasly,GAS,10,210,Alpine F1 Team,3515,7,56,t
45088,840,74,2023,1097,United States Grand Prix,18,2023-10-22,69,Circuit of the Americas,USA,1097,4552,R,Race,False,7,6,Lance,Stroll,STR,18,64,Aston Martin,3512,20,56,t
45091,851,74,2023,1097,United States Grand Prix,18,2023-10-22,69,Circuit of the Americas,USA,1097,4552,R,Race,False,8,5,Yuki,Tsunoda,TSU,22,209,AlphaTauri,3517,11,56,t
45095,846,74,2023,1097,United States Grand Prix,18,2023-10-22,69,Circuit of the Americas,USA,1097,4552,R,Race,False,9,2,Alexander,Albon,ALB,23,141,Williams,3516,15,56,t
45098,856,74,2023,1097,United States Grand Prix,18,2023-10-22,69,Circuit of the Americas,USA,1097,4552,R,Race,False,10,1,Logan,Sargeant,SAR,2,141,Williams,3518,16,56,t
45101,807,74,2023,1097,United States Grand Prix,18,2023-10-22,69,Circuit of the Americas,USA,1097,4552,R,Race,False,11,0,Nico,Hülkenberg,HUL,27,207,Haas F1 Team,3521,18,56,t
45104,820,74,2023,1097,United States Grand Prix,18,2023-10-22,69,Circuit of the Americas,USA,1097,4552,R,Race,False,12,0,Valtteri,Bottas,BOT,77,1,Alfa Romeo,3514,13,56,t
45108,854,74,2023,1097,United States Grand Prix,18,2023-10-22,69,Circuit of the Americas,USA,1097,4552,R,Race,False,13,0,Guanyu,Zhou,ZHO,24,1,Alfa Romeo,3522,12,55,t
45112,824,74,2023,1097,United States Grand Prix,18,2023-10-22,69,Circuit of the Americas,USA,1097,4552,R,Race,False,14,0,Kevin,Magnussen,MAG,20,207,Haas F1 Team,3519,17,55,t
45116,816,74,2023,1097,United States Grand Prix,18,2023-10-22,69,Circuit of the Americas,USA,1097,4552,R,Race,False,15,0,Daniel,Ricciardo,RIC,3,209,AlphaTauri,3527,14,55,t
45120,763,74,2023,1097,United States Grand Prix,18,2023-10-22,69,Circuit of the Americas,USA,1097,4552,R,Race,False,16,0,Fernando,Alonso,ALO,14,64,Aston Martin,3509,19,49,f
45123,857,74,2023,1097,United States Grand Prix,18,2023-10-22,69,Circuit of the Americas,USA,1097,4552,R,Race,False,17,0,Oscar,Piastri,PIA,81,117,McLaren,3526,10,10,f
45128,838,74,2023,1097,United States Grand Prix,18,2023-10-22,69,Circuit of the Americas,USA,1097,4552,R,Race,False,18,0,Esteban,Ocon,OCO,31,210,Alpine F1 Team,3524,8,6,f
45133,795,74,2023,1097,United States Grand Prix,18,2023-10-22,69,Circuit of the Americas,USA,1097,4552,R,Race,False,19,0,Lewis,Hamilton,HAM,44,48,Mercedes,3511,3,56,t
45138,843,74,2023,1097,United States Grand Prix,18,2023-10-22,69,Circuit of the Americas,USA,1097,4552,R,Race,False,20,0,Charles,Leclerc,LEC,16,6,Ferrari,3525,1,56,t
45143,831,74,2023,1098,Mexico City Grand Prix,19,2023-10-29,23,Autódromo Hermanos Rodríguez,Mexico,1098,4561,R,Race,False,1,25,Max,Verstappen,VER,1,191,Red Bull,3507,3,71,t
45147,795,74,2023,1098,Mexico City Grand Prix,19,2023-10-29,23,Autódromo Hermanos Rodríguez,Mexico,1098,4561,R,Race,False,2,19,Lewis,Hamilton,HAM,44,48,Mercedes,3511,6,71,t
45151,843,74,2023,1098,Mexico City Grand Prix,19,2023-10-29,23,Autódromo Hermanos Rodríguez,Mexico,1098,4561,R,Race,False,3,15,Charles,Leclerc,LEC,16,6,Ferrari,3525,1,71,t
45155,830,74,2023,1098,Mexico City Grand Prix,19,2023-10-29,23,Autódromo Hermanos Rodríguez,Mexico,1098,4561,R,Race,False,4,12,Carlos,Sainz,SAI,55,6,Ferrari,3510,2,71,t
45159,845,74,2023,1098,Mexico City Grand Prix,19,2023-10-29,23,Autódromo Hermanos Rodríguez,Mexico,1098,4561,R,Race,False,5,10,Lando,Norris,NOR,4,117,McLaren,3523,17,71,t
45161,847,74,2023,1098,Mexico City Grand Prix,19,2023-10-29,23,Autódromo Hermanos Rodríguez,Mexico,1098,4561,R,Race,False,6,8,George,Russell,RUS,63,48,Mercedes,3513,8,71,t
45165,816,74,2023,1098,Mexico City Grand Prix,19,2023-10-29,23,Autódromo Hermanos Rodríguez,Mexico,1098,4561,R,Race,False,7,6,Daniel,Ricciardo,RIC,3,209,AlphaTauri,3527,4,71,t
45169,857,74,2023,1098,Mexico City Grand Prix,19,2023-10-29,23,Autódromo Hermanos Rodríguez,Mexico,1098,4561,R,Race,False,8,4,Oscar,Piastri,PIA,81,117,McLaren,3526,7,71,t
45173,846,74,2023,1098,Mexico City Grand Prix,19,2023-10-29,23,Autódromo Hermanos Rodríguez,Mexico,1098,4561,R,Race,False,9,2,Alexander,Albon,ALB,23,141,Williams,3516,14,71,t
45176,838,74,2023,1098,Mexico City Grand Prix,19,2023-10-29,23,Autódromo Hermanos Rodríguez,Mexico,1098,4561,R,Race,False,10,1,Esteban,Ocon,OCO,31,210,Alpine F1 Team,3524,15,71,t
45178,841,74,2023,1098,Mexico City Grand Prix,19,2023-10-29,23,Autódromo Hermanos Rodríguez,Mexico,1098,4561,R,Race,False,11,0,Pierre,Gasly,GAS,10,210,Alpine F1 Team,3515,11,71,t
45181,851,74,2023,1098,Mexico City Grand Prix,19,2023-10-29,23,Autódromo Hermanos Rodríguez,Mexico,1098,4561,R,Race,False,12,0,Yuki,Tsunoda,TSU,22,209,AlphaTauri,3517,18,71,t
45183,807,74,2023,1098,Mexico City Grand Prix,19,2023-10-29,23,Autódromo Hermanos Rodríguez,Mexico,1098,4561,R,Race,False,13,0,Nico,Hülkenberg,HUL,27,207,Haas F1 Team,3521,12,71,t
45186,854,74,2023,1098,Mexico City Grand Prix,19,2023-10-29,23,Autódromo Hermanos Rodríguez,Mexico,1098,4561,R,Race,False,14,0,Guanyu,Zhou,ZHO,24,1,Alfa Romeo,3522,10,71,t
45190,820,74,2023,1098,Mexico City Grand Prix,19,2023-10-29,23,Autódromo Hermanos Rodríguez,Mexico,1098,4561,R,Race,False,15,0,Valtteri,Bottas,BOT,77,1,Alfa Romeo,3514,9,71,t
45194,856,74,2023,1098,Mexico City Grand Prix,19,2023-10-29,23,Autódromo Hermanos Rodríguez,Mexico,1098,4561,R,Race,False,16,0,Logan,Sargeant,SAR,2,141,Williams,3518,19,70,t
45196,840,74,2023,1098,Mexico City Grand Prix,19,2023-10-29,23,Autódromo Hermanos Rodríguez,Mexico,1098,4561,R,Race,False,17,0,Lance,Stroll,STR,18,64,Aston Martin,3512,0,66,t
45198,763,74,2023,1098,Mexico City Grand Prix,19,2023-10-29,23,Autódromo Hermanos Rodríguez,Mexico,1098,4561,R,Race,False,18,0,Fernando,Alonso,ALO,14,64,Aston Martin,3509,13,47,f
45201,824,74,2023,1098,Mexico City Grand Prix,19,2023-10-29,23,Autódromo Hermanos Rodríguez,Mexico,1098,4561,R,Race,False,19,0,Kevin,Magnussen,MAG,20,207,Haas F1 Team,3519,16,31,f
45203,815,74,2023,1098,Mexico City Grand Prix,19,2023-10-29,23,Autódromo Hermanos Rodríguez,Mexico,1098,4561,R,Race,False,20,0,Sergio,Pérez,PER,11,191,Red Bull,3508,5,1,f
45211,831,74,2023,1099,São Paulo Grand Prix,20,2023-11-05,37,Autódromo José Carlos Pace,Brazil,1099,4576,SR,Sprint,True,1,8,Max,Verstappen,VER,1,191,Red Bull,3507,2,24,t
45216,845,74,2023,1099,São Paulo Grand Prix,20,2023-11-05,37,Autódromo José Carlos Pace,Brazil,1099,4576,SR,Sprint,True,2,7,Lando,Norris,NOR,4,117,McLaren,3523,1,24,t
45226,815,74,2023,1099,São Paulo Grand Prix,20,2023-11-05,37,Autódromo José Carlos Pace,Brazil,1099,4576,SR,Sprint,True,3,6,Sergio,Pérez,PER,11,191,Red Bull,3508,3,24,t
45271,847,74,2023,1099,São Paulo Grand Prix,20,2023-11-05,37,Autódromo José Carlos Pace,Brazil,1099,4576,SR,Sprint,True,4,5,George,Russell,RUS,63,48,Mercedes,3513,4,24,t
45290,843,74,2023,1099,São Paulo Grand Prix,20,2023-11-05,37,Autódromo José Carlos Pace,Brazil,1099,4576,SR,Sprint,True,5,4,Charles,Leclerc,LEC,16,6,Ferrari,3525,7,24,t
45248,851,74,2023,1099,São Paulo Grand Prix,20,2023-11-05,37,Autódromo José Carlos Pace,Brazil,1099,4576,SR,Sprint,True,6,3,Yuki,Tsunoda,TSU,22,209,AlphaTauri,3517,6,24,t
45245,795,74,2023,1099,São Paulo Grand Prix,20,2023-11-05,37,Autódromo José Carlos Pace,Brazil,1099,4576,SR,Sprint,True,7,2,Lewis,Hamilton,HAM,44,48,Mercedes,3511,5,24,t
45236,830,74,2023,1099,São Paulo Grand Prix,20,2023-11-05,37,Autódromo José Carlos Pace,Brazil,1099,4576,SR,Sprint,True,8,1,Carlos,Sainz,SAI,55,6,Ferrari,3510,9,24,t
45262,816,74,2023,1099,São Paulo Grand Prix,20,2023-11-05,37,Autódromo José Carlos Pace,Brazil,1099,4576,SR,Sprint,True,9,0,Daniel,Ricciardo,RIC,3,209,AlphaTauri,3527,8,24,t
45266,857,74,2023,1099,São Paulo Grand Prix,20,2023-11-05,37,Autódromo José Carlos Pace,Brazil,1099,4576,SR,Sprint,True,10,0,Oscar,Piastri,PIA,81,117,McLaren,3526,10,24,t
45221,763,74,2023,1099,São Paulo Grand Prix,20,2023-11-05,37,Autódromo José Carlos Pace,Brazil,1099,4576,SR,Sprint,True,11,0,Fernando,Alonso,ALO,14,64,Aston Martin,3509,15,24,t
45231,840,74,2023,1099,São Paulo Grand Prix,20,2023-11-05,37,Autódromo José Carlos Pace,Brazil,1099,4576,SR,Sprint,True,12,0,Lance,Stroll,STR,18,64,Aston Martin,3512,17,24,t
45240,841,74,2023,1099,São Paulo Grand Prix,20,2023-11-05,37,Autódromo José Carlos Pace,Brazil,1099,4576,SR,Sprint,True,13,0,Pierre,Gasly,GAS,10,210,Alpine F1 Team,3515,13,24,t
45252,838,74,2023,1099,São Paulo Grand Prix,20,2023-11-05,37,Autódromo José Carlos Pace,Brazil,1099,4576,SR,Sprint,True,14,0,Esteban,Ocon,OCO,31,210,Alpine F1 Team,3524,16,24,t
45285,846,74,2023,1099,São Paulo Grand Prix,20,2023-11-05,37,Autódromo José Carlos Pace,Brazil,1099,4576,SR,Sprint,True,15,0,Alexander,Albon,ALB,23,141,Williams,3516,19,24,t
45281,824,74,2023,1099,São Paulo Grand Prix,20,2023-11-05,37,Autódromo José Carlos Pace,Brazil,1099,4576,SR,Sprint,True,16,0,Kevin,Magnussen,MAG,20,207,Haas F1 Team,3519,11,24,t
45277,854,74,2023,1099,São Paulo Grand Prix,20,2023-11-05,37,Autódromo José Carlos Pace,Brazil,1099,4576,SR,Sprint,True,17,0,Guanyu,Zhou,ZHO,24,1,Alfa Romeo,3522,18,24,t
45259,807,74,2023,1099,São Paulo Grand Prix,20,2023-11-05,37,Autódromo José Carlos Pace,Brazil,1099,4576,SR,Sprint,True,18,0,Nico,Hülkenberg,HUL,27,207,Haas F1 Team,3521,12,24,t
45274,820,74,2023,1099,São Paulo Grand Prix,20,2023-11-05,37,Autódromo José Carlos Pace,Brazil,1099,4576,SR,Sprint,True,19,0,Valtteri,Bottas,BOT,77,1,Alfa Romeo,3514,14,24,t
45255,856,74,2023,1099,São Paulo Grand Prix,20,2023-11-05,37,Autódromo José Carlos Pace,Brazil,1099,4576,SR,Sprint,True,20,0,Logan,Sargeant,SAR,2,141,Williams,3518,20,24,t
45207,831,74,2023,1099,São Paulo Grand Prix,20,2023-11-05,37,Autódromo José Carlos Pace,Brazil,1099,4568,R,Race,False,1,25,Max,Verstappen,VER,1,191,Red Bull,3507,1,71,t
45212,845,74,2023,1099,São Paulo Grand Prix,20,2023-11-05,37,Autódromo José Carlos Pace,Brazil,1099,4568,R,Race,False,2,19,Lando,Norris,NOR,4,117,McLaren,3523,6,71,t
45217,763,74,2023,1099,São Paulo Grand Prix,20,2023-11-05,37,Autódromo José Carlos Pace,Brazil,1099,4568,R,Race,False,3,15,Fernando,Alonso,ALO,14,64,Aston Martin,3509,4,71,t
45222,815,74,2023,1099,São Paulo Grand Prix,20,2023-11-05,37,Autódromo José Carlos Pace,Brazil,1099,4568,R,Race,False,4,12,Sergio,Pérez,PER,11,191,Red Bull,3508,9,71,t
45227,840,74,2023,1099,São Paulo Grand Prix,20,2023-11-05,37,Autódromo José Carlos Pace,Brazil,1099,4568,R,Race,False,5,10,Lance,Stroll,STR,18,64,Aston Martin,3512,3,71,t
45232,830,74,2023,1099,São Paulo Grand Prix,20,2023-11-05,37,Autódromo José Carlos Pace,Brazil,1099,4568,R,Race,False,6,8,Carlos,Sainz,SAI,55,6,Ferrari,3510,7,71,t
45237,841,74,2023,1099,São Paulo Grand Prix,20,2023-11-05,37,Autódromo José Carlos Pace,Brazil,1099,4568,R,Race,False,7,6,Pierre,Gasly,GAS,10,210,Alpine F1 Team,3515,15,71,t
45241,795,74,2023,1099,São Paulo Grand Prix,20,2023-11-05,37,Autódromo José Carlos Pace,Brazil,1099,4568,R,Race,False,8,4,Lewis,Hamilton,HAM,44,48,Mercedes,3511,5,71,t
45246,851,74,2023,1099,São Paulo Grand Prix,20,2023-11-05,37,Autódromo José Carlos Pace,Brazil,1099,4568,R,Race,False,9,2,Yuki,Tsunoda,TSU,22,209,AlphaTauri,3517,16,71,t
45249,838,74,2023,1099,São Paulo Grand Prix,20,2023-11-05,37,Autódromo José Carlos Pace,Brazil,1099,4568,R,Race,False,10,1,Esteban,Ocon,OCO,31,210,Alpine F1 Team,3524,14,70,t
45253,856,74,2023,1099,São Paulo Grand Prix,20,2023-11-05,37,Autódromo José Carlos Pace,Brazil,1099,4568,R,Race,False,11,0,Logan,Sargeant,SAR,2,141,Williams,3518,19,70,t
45256,807,74,2023,1099,São Paulo Grand Prix,20,2023-11-05,37,Autódromo José Carlos Pace,Brazil,1099,4568,R,Race,False,12,0,Nico,Hülkenberg,HUL,27,207,Haas F1 Team,3521,11,70,t
45260,816,74,2023,1099,São Paulo Grand Prix,20,2023-11-05,37,Autódromo José Carlos Pace,Brazil,1099,4568,R,Race,False,13,0,Daniel,Ricciardo,RIC,3,209,AlphaTauri,3527,17,70,t
45263,857,74,2023,1099,São Paulo Grand Prix,20,2023-11-05,37,Autódromo José Carlos Pace,Brazil,1099,4568,R,Race,False,14,0,Oscar,Piastri,PIA,81,117,McLaren,3526,10,69,t
45267,847,74,2023,1099,São Paulo Grand Prix,20,2023-11-05,37,Autódromo José Carlos Pace,Brazil,1099,4568,R,Race,False,15,0,George,Russell,RUS,63,48,Mercedes,3513,8,57,f
45272,820,74,2023,1099,São Paulo Grand Prix,20,2023-11-05,37,Autódromo José Carlos Pace,Brazil,1099,4568,R,Race,False,16,0,Valtteri,Bottas,BOT,77,1,Alfa Romeo,3514,18,39,f
45275,854,74,2023,1099,São Paulo Grand Prix,20,2023-11-05,37,Autódromo José Carlos Pace,Brazil,1099,4568,R,Race,False,17,0,Guanyu,Zhou,ZHO,24,1,Alfa Romeo,3522,20,22,f
45278,824,74,2023,1099,São Paulo Grand Prix,20,2023-11-05,37,Autódromo José Carlos Pace,Brazil,1099,4568,R,Race,False,18,0,Kevin,Magnussen,MAG,20,207,Haas F1 Team,3519,12,0,f
45282,846,74,2023,1099,São Paulo Grand Prix,20,2023-11-05,37,Autódromo José Carlos Pace,Brazil,1099,4568,R,Race,False,19,0,Alexander,Albon,ALB,23,141,Williams,3516,13,0,f
45286,843,74,2023,1099,São Paulo Grand Prix,20,2023-11-05,37,Autódromo José Carlos Pace,Brazil,1099,4568,R,Race,False,20,0,Charles,Leclerc,LEC,16,6,Ferrari,3525,2,0,f
45291,831,74,2023,1100,Las Vegas Grand Prix,21,2023-11-19,77,Las Vegas Strip Street Circuit,USA,1100,4577,R,Race,False,1,25,Max,Verstappen,VER,1,191,Red Bull,3507,2,50,t
45295,843,74,2023,1100,Las Vegas Grand Prix,21,2023-11-19,77,Las Vegas Strip Street Circuit,USA,1100,4577,R,Race,False,2,18,Charles,Leclerc,LEC,16,6,Ferrari,3525,1,50,t
45299,815,74,2023,1100,Las Vegas Grand Prix,21,2023-11-19,77,Las Vegas Strip Street Circuit,USA,1100,4577,R,Race,False,3,15,Sergio,Pérez,PER,11,191,Red Bull,3508,11,50,t
45302,838,74,2023,1100,Las Vegas Grand Prix,21,2023-11-19,77,Las Vegas Strip Street Circuit,USA,1100,4577,R,Race,False,4,12,Esteban,Ocon,OCO,31,210,Alpine F1 Team,3524,16,50,t
45304,840,74,2023,1100,Las Vegas Grand Prix,21,2023-11-19,77,Las Vegas Strip Street Circuit,USA,1100,4577,R,Race,False,5,10,Lance,Stroll,STR,18,64,Aston Martin,3512,19,50,t
45307,830,74,2023,1100,Las Vegas Grand Prix,21,2023-11-19,77,Las Vegas Strip Street Circuit,USA,1100,4577,R,Race,False,6,8,Carlos,Sainz,SAI,55,6,Ferrari,3510,12,50,t
45311,795,74,2023,1100,Las Vegas Grand Prix,21,2023-11-19,77,Las Vegas Strip Street Circuit,USA,1100,4577,R,Race,False,7,6,Lewis,Hamilton,HAM,44,48,Mercedes,3511,10,50,t
45314,847,74,2023,1100,Las Vegas Grand Prix,21,2023-11-19,77,Las Vegas Strip Street Circuit,USA,1100,4577,R,Race,False,8,4,George,Russell,RUS,63,48,Mercedes,3513,3,50,t
45318,763,74,2023,1100,Las Vegas Grand Prix,21,2023-11-19,77,Las Vegas Strip Street Circuit,USA,1100,4577,R,Race,False,9,2,Fernando,Alonso,ALO,14,64,Aston Martin,3509,9,50,t
45322,857,74,2023,1100,Las Vegas Grand Prix,21,2023-11-19,77,Las Vegas Strip Street Circuit,USA,1100,4577,R,Race,False,10,2,Oscar,Piastri,PIA,81,117,McLaren,3526,18,50,t
45324,841,74,2023,1100,Las Vegas Grand Prix,21,2023-11-19,77,Las Vegas Strip Street Circuit,USA,1100,4577,R,Race,False,11,0,Pierre,Gasly,GAS,10,210,Alpine F1 Team,3515,4,50,t
45328,846,74,2023,1100,Las Vegas Grand Prix,21,2023-11-19,77,Las Vegas Strip Street Circuit,USA,1100,4577,R,Race,False,12,0,Alexander,Albon,ALB,23,141,Williams,3516,5,50,t
45332,824,74,2023,1100,Las Vegas Grand Prix,21,2023-11-19,77,Las Vegas Strip Street Circuit,USA,1100,4577,R,Race,False,13,0,Kevin,Magnussen,MAG,20,207,Haas F1 Team,3519,8,50,t
45336,816,74,2023,1100,Las Vegas Grand Prix,21,2023-11-19,77,Las Vegas Strip Street Circuit,USA,1100,4577,R,Race,False,14,0,Daniel,Ricciardo,RIC,3,209,AlphaTauri,3527,14,50,t
45339,854,74,2023,1100,Las Vegas Grand Prix,21,2023-11-19,77,Las Vegas Strip Street Circuit,USA,1100,4577,R,Race,False,15,0,Guanyu,Zhou,ZHO,24,1,Alfa Romeo,3522,17,50,t
45341,856,74,2023,1100,Las Vegas Grand Prix,21,2023-11-19,77,Las Vegas Strip Street Circuit,USA,1100,4577,R,Race,False,16,0,Logan,Sargeant,SAR,2,141,Williams,3518,6,50,t
45345,820,74,2023,1100,Las Vegas Grand Prix,21,2023-11-19,77,Las Vegas Strip Street Circuit,USA,1100,4577,R,Race,False,17,0,Valtteri,Bottas,BOT,77,1,Alfa Romeo,3514,7,50,t
45349,851,74,2023,1100,Las Vegas Grand Prix,21,2023-11-19,77,Las Vegas Strip Street Circuit,USA,1100,4577,R,Race,False,18,0,Yuki,Tsunoda,TSU,22,209,AlphaTauri,3517,20,46,t
45351,807,74,2023,1100,Las Vegas Grand Prix,21,2023-11-19,77,Las Vegas Strip Street Circuit,USA,1100,4577,R,Race,False,19,0,Nico,Hülkenberg,HUL,27,207,Haas F1 Team,3521,13,45,t
45354,845,74,2023,1100,Las Vegas Grand Prix,21,2023-11-19,77,Las Vegas Strip Street Circuit,USA,1100,4577,R,Race,False,20,0,Lando,Norris,NOR,4,117,McLaren,3523,15,2,f
45356,831,74,2023,1101,Abu Dhabi Grand Prix,22,2023-11-26,66,Yas Marina Circuit,UAE,1101,4584,R,Race,False,1,26,Max,Verstappen,VER,1,191,Red Bull,3507,1,58,t
45360,843,74,2023,1101,Abu Dhabi Grand Prix,22,2023-11-26,66,Yas Marina Circuit,UAE,1101,4584,R,Race,False,2,18,Charles,Leclerc,LEC,16,6,Ferrari,3525,2,58,t
45364,847,74,2023,1101,Abu Dhabi Grand Prix,22,2023-11-26,66,Yas Marina Circuit,UAE,1101,4584,R,Race,False,3,15,George,Russell,RUS,63,48,Mercedes,3513,4,58,t
45368,815,74,2023,1101,Abu Dhabi Grand Prix,22,2023-11-26,66,Yas Marina Circuit,UAE,1101,4584,R,Race,False,4,12,Sergio,Pérez,PER,11,191,Red Bull,3508,9,58,t
45372,845,74,2023,1101,Abu Dhabi Grand Prix,22,2023-11-26,66,Yas Marina Circuit,UAE,1101,4584,R,Race,False,5,10,Lando,Norris,NOR,4,117,McLaren,3523,5,58,t
45376,857,74,2023,1101,Abu Dhabi Grand Prix,22,2023-11-26,66,Yas Marina Circuit,UAE,1101,4584,R,Race,False,6,8,Oscar,Piastri,PIA,81,117,McLaren,3526,3,58,t
45380,763,74,2023,1101,Abu Dhabi Grand Prix,22,2023-11-26,66,Yas Marina Circuit,UAE,1101,4584,R,Race,False,7,6,Fernando,Alonso,ALO,14,64,Aston Martin,3509,7,58,t
45384,851,74,2023,1101,Abu Dhabi Grand Prix,22,2023-11-26,66,Yas Marina Circuit,UAE,1101,4584,R,Race,False,8,4,Yuki,Tsunoda,TSU,22,209,AlphaTauri,3517,6,58,t
45388,795,74,2023,1101,Abu Dhabi Grand Prix,22,2023-11-26,66,Yas Marina Circuit,UAE,1101,4584,R,Race,False,9,2,Lewis,Hamilton,HAM,44,48,Mercedes,3511,11,58,t
45391,840,74,2023,1101,Abu Dhabi Grand Prix,22,2023-11-26,66,Yas Marina Circuit,UAE,1101,4584,R,Race,False,10,1,Lance,Stroll,STR,18,64,Aston Martin,3512,13,58,t
45394,816,74,2023,1101,Abu Dhabi Grand Prix,22,2023-11-26,66,Yas Marina Circuit,UAE,1101,4584,R,Race,False,11,0,Daniel,Ricciardo,RIC,3,209,AlphaTauri,3527,15,58,t
45397,838,74,2023,1101,Abu Dhabi Grand Prix,22,2023-11-26,66,Yas Marina Circuit,UAE,1101,4584,R,Race,False,12,0,Esteban,Ocon,OCO,31,210,Alpine F1 Team,3524,12,58,t
45400,841,74,2023,1101,Abu Dhabi Grand Prix,22,2023-11-26,66,Yas Marina Circuit,UAE,1101,4584,R,Race,False,13,0,Pierre,Gasly,GAS,10,210,Alpine F1 Team,3515,10,58,t
45404,846,74,2023,1101,Abu Dhabi Grand Prix,22,2023-11-26,66,Yas Marina Circuit,UAE,1101,4584,R,Race,False,14,0,Alexander,Albon,ALB,23,141,Williams,3516,14,58,t
45407,807,74,2023,1101,Abu Dhabi Grand Prix,22,2023-11-26,66,Yas Marina Circuit,UAE,1101,4584,R,Race,False,15,0,Nico,Hülkenberg,HUL,27,207,Haas F1 Team,3521,8,58,t
45411,856,74,2023,1101,Abu Dhabi Grand Prix,22,2023-11-26,66,Yas Marina Circuit,UAE,1101,4584,R,Race,False,16,0,Logan,Sargeant,SAR,2,141,Williams,3518,20,58,t
45413,854,74,2023,1101,Abu Dhabi Grand Prix,22,2023-11-26,66,Yas Marina Circuit,UAE,1101,4584,R,Race,False,17,0,Guanyu,Zhou,ZHO,24,1,Alfa Romeo,3522,19,58,t
45415,830,74,2023,1101,Abu Dhabi Grand Prix,22,2023-11-26,66,Yas Marina Circuit,UAE,1101,4584,R,Race,False,18,0,Carlos,Sainz,SAI,55,6,Ferrari,3510,16,57,t
45417,820,74,2023,1101,Abu Dhabi Grand Prix,22,2023-11-26,66,Yas Marina Circuit,UAE,1101,4584,R,Race,False,19,0,Valtteri,Bottas,BOT,77,1,Alfa Romeo,3514,18,57,t
45419,824,74,2023,1101,Abu Dhabi Grand Prix,22,2023-11-26,66,Yas Marina Circuit,UAE,1101,4584,R,Race,False,20,0,Kevin,Magnussen,MAG,20,207,Haas F1 Team,3519,17,57,t
45421,831,75,2024,1102,Bahrain Grand Prix,1,2024-03-02,61,Bahrain International Circuit,Bahrain,1102,4591,R,Race,False,1,26,Max,Verstappen,VER,1,191,Red Bull,3529,1,57,t
45425,815,75,2024,1102,Bahrain Grand Prix,1,2024-03-02,61,Bahrain International Circuit,Bahrain,1102,4591,R,Race,False,2,18,Sergio,Pérez,PER,11,191,Red Bull,3530,5,57,t
45429,830,75,2024,1102,Bahrain Grand Prix,1,2024-03-02,61,Bahrain International Circuit,Bahrain,1102,4591,R,Race,False,3,15,Carlos,Sainz,SAI,55,6,Ferrari,3531,4,57,t
45433,843,75,2024,1102,Bahrain Grand Prix,1,2024-03-02,61,Bahrain International Circuit,Bahrain,1102,4591,R,Race,False,4,12,Charles,Leclerc,LEC,16,6,Ferrari,3532,2,57,t
45437,847,75,2024,1102,Bahrain Grand Prix,1,2024-03-02,61,Bahrain International Circuit,Bahrain,1102,4591,R,Race,False,5,10,George,Russell,RUS,63,48,Mercedes,3533,3,57,t
45441,845,75,2024,1102,Bahrain Grand Prix,1,2024-03-02,61,Bahrain International Circuit,Bahrain,1102,4591,R,Race,False,6,8,Lando,Norris,NOR,4,117,McLaren,3534,7,57,t
45445,795,75,2024,1102,Bahrain Grand Prix,1,2024-03-02,61,Bahrain International Circuit,Bahrain,1102,4591,R,Race,False,7,6,Lewis,Hamilton,HAM,44,48,Mercedes,3535,9,57,t
45449,857,75,2024,1102,Bahrain Grand Prix,1,2024-03-02,61,Bahrain International Circuit,Bahrain,1102,4591,R,Race,False,8,4,Oscar,Piastri,PIA,81,117,McLaren,3536,8,57,t
45453,763,75,2024,1102,Bahrain Grand Prix,1,2024-03-02,61,Bahrain International Circuit,Bahrain,1102,4591,R,Race,False,9,2,Fernando,Alonso,ALO,14,64,Aston Martin,3537,6,57,t
45457,840,75,2024,1102,Bahrain Grand Prix,1,2024-03-02,61,Bahrain International Circuit,Bahrain,1102,4591,R,Race,False,10,1,Lance,Stroll,STR,18,64,Aston Martin,3538,12,57,t
45460,854,75,2024,1102,Bahrain Grand Prix,1,2024-03-02,61,Bahrain International Circuit,Bahrain,1102,4591,R,Race,False,11,0,Guanyu,Zhou,ZHO,24,182,Sauber,3539,17,56,t
45462,824,75,2024,1102,Bahrain Grand Prix,1,2024-03-02,61,Bahrain International Circuit,Bahrain,1102,4591,R,Race,False,12,0,Kevin,Magnussen,MAG,20,207,Haas F1 Team,3540,15,56,t
45465,816,75,2024,1102,Bahrain Grand Prix,1,2024-03-02,61,Bahrain International Circuit,Bahrain,1102,4591,R,Race,False,13,0,Daniel,Ricciardo,RIC,3,211,RB F1 Team,3541,14,56,t
45468,851,75,2024,1102,Bahrain Grand Prix,1,2024-03-02,61,Bahrain International Circuit,Bahrain,1102,4591,R,Race,False,14,0,Yuki,Tsunoda,TSU,22,211,RB F1 Team,3542,11,56,t
45471,846,75,2024,1102,Bahrain Grand Prix,1,2024-03-02,61,Bahrain International Circuit,Bahrain,1102,4591,R,Race,False,15,0,Alexander,Albon,ALB,23,141,Williams,3543,13,56,t
45474,807,75,2024,1102,Bahrain Grand Prix,1,2024-03-02,61,Bahrain International Circuit,Bahrain,1102,4591,R,Race,False,16,0,Nico,Hülkenberg,HUL,27,207,Haas F1 Team,3544,10,56,t
45478,838,75,2024,1102,Bahrain Grand Prix,1,2024-03-02,61,Bahrain International Circuit,Bahrain,1102,4591,R,Race,False,17,0,Esteban,Ocon,OCO,31,210,Alpine F1 Team,3545,19,56,t
45480,841,75,2024,1102,Bahrain Grand Prix,1,2024-03-02,61,Bahrain International Circuit,Bahrain,1102,4591,R,Race,False,18,0,Pierre,Gasly,GAS,10,210,Alpine F1 Team,3546,20,56,t
45482,820,75,2024,1102,Bahrain Grand Prix,1,2024-03-02,61,Bahrain International Circuit,Bahrain,1102,4591,R,Race,False,19,0,Valtteri,Bottas,BOT,77,182,Sauber,3547,16,56,t
45484,856,75,2024,1102,Bahrain Grand Prix,1,2024-03-02,61,Bahrain International Circuit,Bahrain,1102,4591,R,Race,False,20,0,Logan,Sargeant,SAR,2,141,Williams,3548,18,55,t
45486,831,75,2024,1103,Saudi Arabian Grand Prix,2,2024-03-09,75,Jeddah Corniche Circuit,Saudi Arabia,1103,4598,R,Race,False,1,25,Max,Verstappen,VER,1,191,Red Bull,3529,1,50,t
45490,815,75,2024,1103,Saudi Arabian Grand Prix,2,2024-03-09,75,Jeddah Corniche Circuit,Saudi Arabia,1103,4598,R,Race,False,2,18,Sergio,Pérez,PER,11,191,Red Bull,3530,3,50,t
45494,843,75,2024,1103,Saudi Arabian Grand Prix,2,2024-03-09,75,Jeddah Corniche Circuit,Saudi Arabia,1103,4598,R,Race,False,3,16,Charles,Leclerc,LEC,16,6,Ferrari,3532,2,50,t
45498,857,75,2024,1103,Saudi Arabian Grand Prix,2,2024-03-09,75,Jeddah Corniche Circuit,Saudi Arabia,1103,4598,R,Race,False,4,12,Oscar,Piastri,PIA,81,117,McLaren,3536,5,50,t
45502,763,75,2024,1103,Saudi Arabian Grand Prix,2,2024-03-09,75,Jeddah Corniche Circuit,Saudi Arabia,1103,4598,R,Race,False,5,10,Fernando,Alonso,ALO,14,64,Aston Martin,3537,4,50,t
45506,847,75,2024,1103,Saudi Arabian Grand Prix,2,2024-03-09,75,Jeddah Corniche Circuit,Saudi Arabia,1103,4598,R,Race,False,6,8,George,Russell,RUS,63,48,Mercedes,3533,7,50,t
45510,859,75,2024,1103,Saudi Arabian Grand Prix,2,2024-03-09,75,Jeddah Corniche Circuit,Saudi Arabia,1103,4598,R,Race,False,7,6,Oliver,Bearman,BEA,38,6,Ferrari,3549,11,50,t
45513,845,75,2024,1103,Saudi Arabian Grand Prix,2,2024-03-09,75,Jeddah Corniche Circuit,Saudi Arabia,1103,4598,R,Race,False,8,4,Lando,Norris,NOR,4,117,McLaren,3534,6,50,t
45517,795,75,2024,1103,Saudi Arabian Grand Prix,2,2024-03-09,75,Jeddah Corniche Circuit,Saudi Arabia,1103,4598,R,Race,False,9,2,Lewis,Hamilton,HAM,44,48,Mercedes,3535,8,50,t
45521,807,75,2024,1103,Saudi Arabian Grand Prix,2,2024-03-09,75,Jeddah Corniche Circuit,Saudi Arabia,1103,4598,R,Race,False,10,1,Nico,Hülkenberg,HUL,27,207,Haas F1 Team,3544,15,50,t
45523,846,75,2024,1103,Saudi Arabian Grand Prix,2,2024-03-09,75,Jeddah Corniche Circuit,Saudi Arabia,1103,4598,R,Race,False,11,0,Alexander,Albon,ALB,23,141,Williams,3543,12,50,t
45526,824,75,2024,1103,Saudi Arabian Grand Prix,2,2024-03-09,75,Jeddah Corniche Circuit,Saudi Arabia,1103,4598,R,Race,False,12,0,Kevin,Magnussen,MAG,20,207,Haas F1 Team,3540,13,50,t
45529,838,75,2024,1103,Saudi Arabian Grand Prix,2,2024-03-09,75,Jeddah Corniche Circuit,Saudi Arabia,1103,4598,R,Race,False,13,0,Esteban,Ocon,OCO,31,210,Alpine F1 Team,3545,17,49,t
45531,856,75,2024,1103,Saudi Arabian Grand Prix,2,2024-03-09,75,Jeddah Corniche Circuit,Saudi Arabia,1103,4598,R,Race,False,14,0,Logan,Sargeant,SAR,2,141,Williams,3548,19,49,t
45533,851,75,2024,1103,Saudi Arabian Grand Prix,2,2024-03-09,75,Jeddah Corniche Circuit,Saudi Arabia,1103,4598,R,Race,False,15,0,Yuki,Tsunoda,TSU,22,211,RB F1 Team,3542,9,49,t
45537,816,75,2024,1103,Saudi Arabian Grand Prix,2,2024-03-09,75,Jeddah Corniche Circuit,Saudi Arabia,1103,4598,R,Race,False,16,0,Daniel,Ricciardo,RIC,3,211,RB F1 Team,3541,14,49,t
45540,820,75,2024,1103,Saudi Arabian Grand Prix,2,2024-03-09,75,Jeddah Corniche Circuit,Saudi Arabia,1103,4598,R,Race,False,17,0,Valtteri,Bottas,BOT,77,182,Sauber,3547,16,49,t
45542,854,75,2024,1103,Saudi Arabian Grand Prix,2,2024-03-09,75,Jeddah Corniche Circuit,Saudi Arabia,1103,4598,R,Race,False,18,0,Guanyu,Zhou,ZHO,24,182,Sauber,3539,20,49,t
45544,840,75,2024,1103,Saudi Arabian Grand Prix,2,2024-03-09,75,Jeddah Corniche Circuit,Saudi Arabia,1103,4598,R,Race,False,19,0,Lance,Stroll,STR,18,64,Aston Martin,3538,10,5,f
45548,841,75,2024,1103,Saudi Arabian Grand Prix,2,2024-03-09,75,Jeddah Corniche Circuit,Saudi Arabia,1103,4598,R,Race,False,20,0,Pierre,Gasly,GAS,10,210,Alpine F1 Team,3546,18,1,f
45550,830,75,2024,1104,Australian Grand Prix,3,2024-03-24,59,Albert Park Grand Prix Circuit,Australia,1104,4605,R,Race,False,1,25,Carlos,Sainz,SAI,55,6,Ferrari,3531,2,58,t
45554,843,75,2024,1104,Australian Grand Prix,3,2024-03-24,59,Albert Park Grand Prix Circuit,Australia,1104,4605,R,Race,False,2,19,Charles,Leclerc,LEC,16,6,Ferrari,3532,4,58,t
45558,845,75,2024,1104,Australian Grand Prix,3,2024-03-24,59,Albert Park Grand Prix Circuit,Australia,1104,4605,R,Race,False,3,15,Lando,Norris,NOR,4,117,McLaren,3534,3,58,t
45562,857,75,2024,1104,Australian Grand Prix,3,2024-03-24,59,Albert Park Grand Prix Circuit,Australia,1104,4605,R,Race,False,4,12,Oscar,Piastri,PIA,81,117,McLaren,3536,5,58,t
45566,815,75,2024,1104,Australian Grand Prix,3,2024-03-24,59,Albert Park Grand Prix Circuit,Australia,1104,4605,R,Race,False,5,10,Sergio,Pérez,PER,11,191,Red Bull,3530,6,58,t
45570,840,75,2024,1104,Australian Grand Prix,3,2024-03-24,59,Albert Park Grand Prix Circuit,Australia,1104,4605,R,Race,False,6,8,Lance,Stroll,STR,18,64,Aston Martin,3538,9,58,t
45574,851,75,2024,1104,Australian Grand Prix,3,2024-03-24,59,Albert Park Grand Prix Circuit,Australia,1104,4605,R,Race,False,7,6,Yuki,Tsunoda,TSU,22,211,RB F1 Team,3542,8,58,t
45578,763,75,2024,1104,Australian Grand Prix,3,2024-03-24,59,Albert Park Grand Prix Circuit,Australia,1104,4605,R,Race,False,8,4,Fernando,Alonso,ALO,14,64,Aston Martin,3537,10,58,t
45582,807,75,2024,1104,Australian Grand Prix,3,2024-03-24,59,Albert Park Grand Prix Circuit,Australia,1104,4605,R,Race,False,9,2,Nico,Hülkenberg,HUL,27,207,Haas F1 Team,3544,16,58,t
45584,824,75,2024,1104,Australian Grand Prix,3,2024-03-24,59,Albert Park Grand Prix Circuit,Australia,1104,4605,R,Race,False,10,1,Kevin,Magnussen,MAG,20,207,Haas F1 Team,3540,14,57,t
45587,846,75,2024,1104,Australian Grand Prix,3,2024-03-24,59,Albert Park Grand Prix Circuit,Australia,1104,4605,R,Race,False,11,0,Alexander,Albon,ALB,23,141,Williams,3543,12,57,t
45590,816,75,2024,1104,Australian Grand Prix,3,2024-03-24,59,Albert Park Grand Prix Circuit,Australia,1104,4605,R,Race,False,12,0,Daniel,Ricciardo,RIC,3,211,RB F1 Team,3541,18,57,t
45592,841,75,2024,1104,Australian Grand Prix,3,2024-03-24,59,Albert Park Grand Prix Circuit,Australia,1104,4605,R,Race,False,13,0,Pierre,Gasly,GAS,10,210,Alpine F1 Team,3546,17,57,t
45594,820,75,2024,1104,Australian Grand Prix,3,2024-03-24,59,Albert Park Grand Prix Circuit,Australia,1104,4605,R,Race,False,14,0,Valtteri,Bottas,BOT,77,182,Sauber,3547,13,57,t
45597,854,75,2024,1104,Australian Grand Prix,3,2024-03-24,59,Albert Park Grand Prix Circuit,Australia,1104,4605,R,Race,False,15,0,Guanyu,Zhou,ZHO,24,182,Sauber,3539,19,57,t
45599,838,75,2024,1104,Australian Grand Prix,3,2024-03-24,59,Albert Park Grand Prix Circuit,Australia,1104,4605,R,Race,False,16,0,Esteban,Ocon,OCO,31,210,Alpine F1 Team,3545,15,57,t
45602,847,75,2024,1104,Australian Grand Prix,3,2024-03-24,59,Albert Park Grand Prix Circuit,Australia,1104,4605,R,Race,False,17,0,George,Russell,RUS,63,48,Mercedes,3533,7,56,t
45606,795,75,2024,1104,Australian Grand Prix,3,2024-03-24,59,Albert Park Grand Prix Circuit,Australia,1104,4605,R,Race,False,18,0,Lewis,Hamilton,HAM,44,48,Mercedes,3535,11,15,f
45609,831,75,2024,1104,Australian Grand Prix,3,2024-03-24,59,Albert Park Grand Prix Circuit,Australia,1104,4605,R,Race,False,19,0,Max,Verstappen,VER,1,191,Red Bull,3529,1,3,f
45613,831,75,2024,1105,Japanese Grand Prix,4,2024-04-07,53,Suzuka Circuit,Japan,1105,4612,R,Race,False,1,26,Max,Verstappen,VER,1,191,Red Bull,3529,1,53,t
45617,815,75,2024,1105,Japanese Grand Prix,4,2024-04-07,53,Suzuka Circuit,Japan,1105,4612,R,Race,False,2,18,Sergio,Pérez,PER,11,191,Red Bull,3530,2,53,t
45621,830,75,2024,1105,Japanese Grand Prix,4,2024-04-07,53,Suzuka Circuit,Japan,1105,4612,R,Race,False,3,15,Carlos,Sainz,SAI,55,6,Ferrari,3531,4,53,t
45625,843,75,2024,1105,Japanese Grand Prix,4,2024-04-07,53,Suzuka Circuit,Japan,1105,4612,R,Race,False,4,12,Charles,Leclerc,LEC,16,6,Ferrari,3532,8,53,t
45629,845,75,2024,1105,Japanese Grand Prix,4,2024-04-07,53,Suzuka Circuit,Japan,1105,4612,R,Race,False,5,10,Lando,Norris,NOR,4,117,McLaren,3534,3,53,t
45633,763,75,2024,1105,Japanese Grand Prix,4,2024-04-07,53,Suzuka Circuit,Japan,1105,4612,R,Race,False,6,8,Fernando,Alonso,ALO,14,64,Aston Martin,3537,5,53,t
45637,847,75,2024,1105,Japanese Grand Prix,4,2024-04-07,53,Suzuka Circuit,Japan,1105,4612,R,Race,False,7,6,George,Russell,RUS,63,48,Mercedes,3533,9,53,t
45641,857,75,2024,1105,Japanese Grand Prix,4,2024-04-07,53,Suzuka Circuit,Japan,1105,4612,R,Race,False,8,4,Oscar,Piastri,PIA,81,117,McLaren,3536,6,53,t
45645,795,75,2024,1105,Japanese Grand Prix,4,2024-04-07,53,Suzuka Circuit,Japan,1105,4612,R,Race,False,9,2,Lewis,Hamilton,HAM,44,48,Mercedes,3535,7,53,t
45649,851,75,2024,1105,Japanese Grand Prix,4,2024-04-07,53,Suzuka Circuit,Japan,1105,4612,R,Race,False,10,1,Yuki,Tsunoda,TSU,22,211,RB F1 Team,3542,10,52,t
45653,807,75,2024,1105,Japanese Grand Prix,4,2024-04-07,53,Suzuka Circuit,Japan,1105,4612,R,Race,False,11,0,Nico,Hülkenberg,HUL,27,207,Haas F1 Team,3544,12,52,t
45656,840,75,2024,1105,Japanese Grand Prix,4,2024-04-07,53,Suzuka Circuit,Japan,1105,4612,R,Race,False,12,0,Lance,Stroll,STR,18,64,Aston Martin,3538,16,52,t
45658,824,75,2024,1105,Japanese Grand Prix,4,2024-04-07,53,Suzuka Circuit,Japan,1105,4612,R,Race,False,13,0,Kevin,Magnussen,MAG,20,207,Haas F1 Team,3540,18,52,t
45660,820,75,2024,1105,Japanese Grand Prix,4,2024-04-07,53,Suzuka Circuit,Japan,1105,4612,R,Race,False,14,0,Valtteri,Bottas,BOT,77,182,Sauber,3547,13,52,t
45663,838,75,2024,1105,Japanese Grand Prix,4,2024-04-07,53,Suzuka Circuit,Japan,1105,4612,R,Race,False,15,0,Esteban,Ocon,OCO,31,210,Alpine F1 Team,3545,15,52,t
45666,841,75,2024,1105,Japanese Grand Prix,4,2024-04-07,53,Suzuka Circuit,Japan,1105,4612,R,Race,False,16,0,Pierre,Gasly,GAS,10,210,Alpine F1 Team,3546,17,52,t
45668,856,75,2024,1105,Japanese Grand Prix,4,2024-04-07,53,Suzuka Circuit,Japan,1105,4612,R,Race,False,17,0,Logan,Sargeant,SAR,2,141,Williams,3548,19,52,t
45670,854,75,2024,1105,Japanese Grand Prix,4,2024-04-07,53,Suzuka Circuit,Japan,1105,4612,R,Race,False,18,0,Guanyu,Zhou,ZHO,24,182,Sauber,3539,20,12,f
45672,816,75,2024,1105,Japanese Grand Prix,4,2024-04-07,53,Suzuka Circuit,Japan,1105,4612,R,Race,False,19,0,Daniel,Ricciardo,RIC,3,211,RB F1 Team,3541,11,0,f
45675,846,75,2024,1105,Japanese Grand Prix,4,2024-04-07,53,Suzuka Circuit,Japan,1105,4612,R,Race,False,20,0,Alexander,Albon,ALB,23,141,Williams,3543,14,0,f
45682,831,75,2024,1106,Chinese Grand Prix,5,2024-04-21,62,Shanghai International Circuit,China,1106,4627,SR,Sprint,True,1,8,Max,Verstappen,VER,1,191,Red Bull,3529,4,19,t
45720,795,75,2024,1106,Chinese Grand Prix,5,2024-04-21,62,Shanghai International Circuit,China,1106,4627,SR,Sprint,True,2,7,Lewis,Hamilton,HAM,44,48,Mercedes,3535,2,19,t
45692,815,75,2024,1106,Chinese Grand Prix,5,2024-04-21,62,Shanghai International Circuit,China,1106,4627,SR,Sprint,True,3,6,Sergio,Pérez,PER,11,191,Red Bull,3530,6,19,t
45697,843,75,2024,1106,Chinese Grand Prix,5,2024-04-21,62,Shanghai International Circuit,China,1106,4627,SR,Sprint,True,4,5,Charles,Leclerc,LEC,16,6,Ferrari,3532,7,19,t
45702,830,75,2024,1106,Chinese Grand Prix,5,2024-04-21,62,Shanghai International Circuit,China,1106,4627,SR,Sprint,True,5,4,Carlos,Sainz,SAI,55,6,Ferrari,3531,5,19,t
45687,845,75,2024,1106,Chinese Grand Prix,5,2024-04-21,62,Shanghai International Circuit,China,1106,4627,SR,Sprint,True,6,3,Lando,Norris,NOR,4,117,McLaren,3534,1,19,t
45717,857,75,2024,1106,Chinese Grand Prix,5,2024-04-21,62,Shanghai International Circuit,China,1106,4627,SR,Sprint,True,7,2,Oscar,Piastri,PIA,81,117,McLaren,3536,8,19,t
45707,847,75,2024,1106,Chinese Grand Prix,5,2024-04-21,62,Shanghai International Circuit,China,1106,4627,SR,Sprint,True,8,1,George,Russell,RUS,63,48,Mercedes,3533,11,19,t
45740,854,75,2024,1106,Chinese Grand Prix,5,2024-04-21,62,Shanghai International Circuit,China,1106,4627,SR,Sprint,True,9,0,Guanyu,Zhou,ZHO,24,182,Sauber,3539,10,19,t
45747,824,75,2024,1106,Chinese Grand Prix,5,2024-04-21,62,Shanghai International Circuit,China,1106,4627,SR,Sprint,True,10,0,Kevin,Magnussen,MAG,20,207,Haas F1 Team,3540,12,19,t
45754,816,75,2024,1106,Chinese Grand Prix,5,2024-04-21,62,Shanghai International Circuit,China,1106,4627,SR,Sprint,True,11,0,Daniel,Ricciardo,RIC,3,211,RB F1 Team,3541,14,19,t
45762,820,75,2024,1106,Chinese Grand Prix,5,2024-04-21,62,Shanghai International Circuit,China,1106,4627,SR,Sprint,True,12,0,Valtteri,Bottas,BOT,77,182,Sauber,3547,9,19,t
45729,838,75,2024,1106,Chinese Grand Prix,5,2024-04-21,62,Shanghai International Circuit,China,1106,4627,SR,Sprint,True,13,0,Esteban,Ocon,OCO,31,210,Alpine F1 Team,3545,17,19,t
45744,840,75,2024,1106,Chinese Grand Prix,5,2024-04-21,62,Shanghai International Circuit,China,1106,4627,SR,Sprint,True,14,0,Lance,Stroll,STR,18,64,Aston Martin,3538,15,19,t
45737,841,75,2024,1106,Chinese Grand Prix,5,2024-04-21,62,Shanghai International Circuit,China,1106,4627,SR,Sprint,True,15,0,Pierre,Gasly,GAS,10,210,Alpine F1 Team,3546,16,19,t
45757,851,75,2024,1106,Chinese Grand Prix,5,2024-04-21,62,Shanghai International Circuit,China,1106,4627,SR,Sprint,True,16,0,Yuki,Tsunoda,TSU,22,211,RB F1 Team,3542,19,19,t
45733,846,75,2024,1106,Chinese Grand Prix,5,2024-04-21,62,Shanghai International Circuit,China,1106,4627,SR,Sprint,True,17,0,Alexander,Albon,ALB,23,141,Williams,3543,18,19,t
45750,856,75,2024,1106,Chinese Grand Prix,5,2024-04-21,62,Shanghai International Circuit,China,1106,4627,SR,Sprint,True,18,0,Logan,Sargeant,SAR,2,141,Williams,3548,20,19,t
45725,807,75,2024,1106,Chinese Grand Prix,5,2024-04-21,62,Shanghai International Circuit,China,1106,4627,SR,Sprint,True,19,0,Nico,Hülkenberg,HUL,27,207,Haas F1 Team,3544,13,19,t
45712,763,75,2024,1106,Chinese Grand Prix,5,2024-04-21,62,Shanghai International Circuit,China,1106,4627,SR,Sprint,True,20,0,Fernando,Alonso,ALO,14,64,Aston Martin,3537,3,17,t
45678,831,75,2024,1106,Chinese Grand Prix,5,2024-04-21,62,Shanghai International Circuit,China,1106,4619,R,Race,False,1,25,Max,Verstappen,VER,1,191,Red Bull,3529,1,56,t
45683,845,75,2024,1106,Chinese Grand Prix,5,2024-04-21,62,Shanghai International Circuit,China,1106,4619,R,Race,False,2,18,Lando,Norris,NOR,4,117,McLaren,3534,4,56,t
45688,815,75,2024,1106,Chinese Grand Prix,5,2024-04-21,62,Shanghai International Circuit,China,1106,4619,R,Race,False,3,15,Sergio,Pérez,PER,11,191,Red Bull,3530,2,56,t
45693,843,75,2024,1106,Chinese Grand Prix,5,2024-04-21,62,Shanghai International Circuit,China,1106,4619,R,Race,False,4,12,Charles,Leclerc,LEC,16,6,Ferrari,3532,6,56,t
45698,830,75,2024,1106,Chinese Grand Prix,5,2024-04-21,62,Shanghai International Circuit,China,1106,4619,R,Race,False,5,10,Carlos,Sainz,SAI,55,6,Ferrari,3531,7,56,t
45703,847,75,2024,1106,Chinese Grand Prix,5,2024-04-21,62,Shanghai International Circuit,China,1106,4619,R,Race,False,6,8,George,Russell,RUS,63,48,Mercedes,3533,8,56,t
45708,763,75,2024,1106,Chinese Grand Prix,5,2024-04-21,62,Shanghai International Circuit,China,1106,4619,R,Race,False,7,7,Fernando,Alonso,ALO,14,64,Aston Martin,3537,3,56,t
45713,857,75,2024,1106,Chinese Grand Prix,5,2024-04-21,62,Shanghai International Circuit,China,1106,4619,R,Race,False,8,4,Oscar,Piastri,PIA,81,117,McLaren,3536,5,56,t
45718,795,75,2024,1106,Chinese Grand Prix,5,2024-04-21,62,Shanghai International Circuit,China,1106,4619,R,Race,False,9,2,Lewis,Hamilton,HAM,44,48,Mercedes,3535,18,56,t
45721,807,75,2024,1106,Chinese Grand Prix,5,2024-04-21,62,Shanghai International Circuit,China,1106,4619,R,Race,False,10,1,Nico,Hülkenberg,HUL,27,207,Haas F1 Team,3544,9,56,t
45726,838,75,2024,1106,Chinese Grand Prix,5,2024-04-21,62,Shanghai International Circuit,China,1106,4619,R,Race,False,11,0,Esteban,Ocon,OCO,31,210,Alpine F1 Team,3545,13,56,t
45730,846,75,2024,1106,Chinese Grand Prix,5,2024-04-21,62,Shanghai International Circuit,China,1106,4619,R,Race,False,12,0,Alexander,Albon,ALB,23,141,Williams,3543,14,56,t
45734,841,75,2024,1106,Chinese Grand Prix,5,2024-04-21,62,Shanghai International Circuit,China,1106,4619,R,Race,False,13,0,Pierre,Gasly,GAS,10,210,Alpine F1 Team,3546,15,56,t
45738,854,75,2024,1106,Chinese Grand Prix,5,2024-04-21,62,Shanghai International Circuit,China,1106,4619,R,Race,False,14,0,Guanyu,Zhou,ZHO,24,182,Sauber,3539,16,56,t
45741,840,75,2024,1106,Chinese Grand Prix,5,2024-04-21,62,Shanghai International Circuit,China,1106,4619,R,Race,False,15,0,Lance,Stroll,STR,18,64,Aston Martin,3538,11,56,t
45745,824,75,2024,1106,Chinese Grand Prix,5,2024-04-21,62,Shanghai International Circuit,China,1106,4619,R,Race,False,16,0,Kevin,Magnussen,MAG,20,207,Haas F1 Team,3540,17,56,t
45748,856,75,2024,1106,Chinese Grand Prix,5,2024-04-21,62,Shanghai International Circuit,China,1106,4619,R,Race,False,17,0,Logan,Sargeant,SAR,2,141,Williams,3548,20,56,t
45751,816,75,2024,1106,Chinese Grand Prix,5,2024-04-21,62,Shanghai International Circuit,China,1106,4619,R,Race,False,18,0,Daniel,Ricciardo,RIC,3,211,RB F1 Team,3541,12,33,f
45755,851,75,2024,1106,Chinese Grand Prix,5,2024-04-21,62,Shanghai International Circuit,China,1106,4619,R,Race,False,19,0,Yuki,Tsunoda,TSU,22,211,RB F1 Team,3542,19,26,f
45758,820,75,2024,1106,Chinese Grand Prix,5,2024-04-21,62,Shanghai International Circuit,China,1106,4619,R,Race,False,20,0,Valtteri,Bottas,BOT,77,182,Sauber,3547,10,19,f
45772,831,75,2024,1107,Miami Grand Prix,6,2024-05-05,76,Miami International Autodrome,USA,1107,4636,SR,Sprint,True,1,8,Max,Verstappen,VER,1,191,Red Bull,3529,1,19,t
45777,843,75,2024,1107,Miami Grand Prix,6,2024-05-05,76,Miami International Autodrome,USA,1107,4636,SR,Sprint,True,2,7,Charles,Leclerc,LEC,16,6,Ferrari,3532,2,19,t
45782,815,75,2024,1107,Miami Grand Prix,6,2024-05-05,76,Miami International Autodrome,USA,1107,4636,SR,Sprint,True,3,6,Sergio,Pérez,PER,11,191,Red Bull,3530,3,19,t
45830,816,75,2024,1107,Miami Grand Prix,6,2024-05-05,76,Miami International Autodrome,USA,1107,4636,SR,Sprint,True,4,5,Daniel,Ricciardo,RIC,3,211,RB F1 Team,3541,4,19,t
45787,830,75,2024,1107,Miami Grand Prix,6,2024-05-05,76,Miami International Autodrome,USA,1107,4636,SR,Sprint,True,5,4,Carlos,Sainz,SAI,55,6,Ferrari,3531,5,19,t
45824,857,75,2024,1107,Miami Grand Prix,6,2024-05-05,76,Miami International Autodrome,USA,1107,4636,SR,Sprint,True,6,3,Oscar,Piastri,PIA,81,117,McLaren,3536,6,19,t
45815,807,75,2024,1107,Miami Grand Prix,6,2024-05-05,76,Miami International Autodrome,USA,1107,4636,SR,Sprint,True,7,2,Nico,Hülkenberg,HUL,27,207,Haas F1 Team,3544,10,19,t
45797,851,75,2024,1107,Miami Grand Prix,6,2024-05-05,76,Miami International Autodrome,USA,1107,4636,SR,Sprint,True,8,1,Yuki,Tsunoda,TSU,22,211,RB F1 Team,3542,15,19,t
45819,841,75,2024,1107,Miami Grand Prix,6,2024-05-05,76,Miami International Autodrome,USA,1107,4636,SR,Sprint,True,9,0,Pierre,Gasly,GAS,10,210,Alpine F1 Team,3546,16,19,t
45847,856,75,2024,1107,Miami Grand Prix,6,2024-05-05,76,Miami International Autodrome,USA,1107,4636,SR,Sprint,True,10,0,Logan,Sargeant,SAR,2,141,Williams,3548,18,19,t
45827,854,75,2024,1107,Miami Grand Prix,6,2024-05-05,76,Miami International Autodrome,USA,1107,4636,SR,Sprint,True,11,0,Guanyu,Zhou,ZHO,24,182,Sauber,3539,17,19,t
45802,847,75,2024,1107,Miami Grand Prix,6,2024-05-05,76,Miami International Autodrome,USA,1107,4636,SR,Sprint,True,12,0,George,Russell,RUS,63,48,Mercedes,3533,11,19,t
45841,846,75,2024,1107,Miami Grand Prix,6,2024-05-05,76,Miami International Autodrome,USA,1107,4636,SR,Sprint,True,13,0,Alexander,Albon,ALB,23,141,Williams,3543,20,19,t
45833,820,75,2024,1107,Miami Grand Prix,6,2024-05-05,76,Miami International Autodrome,USA,1107,4636,SR,Sprint,True,14,0,Valtteri,Bottas,BOT,77,182,Sauber,3547,19,19,t
45810,838,75,2024,1107,Miami Grand Prix,6,2024-05-05,76,Miami International Autodrome,USA,1107,4636,SR,Sprint,True,15,0,Esteban,Ocon,OCO,31,210,Alpine F1 Team,3545,13,19,t
45792,795,75,2024,1107,Miami Grand Prix,6,2024-05-05,76,Miami International Autodrome,USA,1107,4636,SR,Sprint,True,16,0,Lewis,Hamilton,HAM,44,48,Mercedes,3535,12,19,t
45806,763,75,2024,1107,Miami Grand Prix,6,2024-05-05,76,Miami International Autodrome,USA,1107,4636,SR,Sprint,True,17,0,Fernando,Alonso,ALO,14,64,Aston Martin,3537,8,19,t
45844,824,75,2024,1107,Miami Grand Prix,6,2024-05-05,76,Miami International Autodrome,USA,1107,4636,SR,Sprint,True,18,0,Kevin,Magnussen,MAG,20,207,Haas F1 Team,3540,14,19,t
45837,840,75,2024,1107,Miami Grand Prix,6,2024-05-05,76,Miami International Autodrome,USA,1107,4636,SR,Sprint,True,19,0,Lance,Stroll,STR,18,64,Aston Martin,3538,7,1,f
45767,845,75,2024,1107,Miami Grand Prix,6,2024-05-05,76,Miami International Autodrome,USA,1107,4636,SR,Sprint,True,20,0,Lando,Norris,NOR,4,117,McLaren,3534,9,0,f
45763,845,75,2024,1107,Miami Grand Prix,6,2024-05-05,76,Miami International Autodrome,USA,1107,4628,R,Race,False,1,25,Lando,Norris,NOR,4,117,McLaren,3534,5,57,t
45768,831,75,2024,1107,Miami Grand Prix,6,2024-05-05,76,Miami International Autodrome,USA,1107,4628,R,Race,False,2,18,Max,Verstappen,VER,1,191,Red Bull,3529,1,57,t
45773,843,75,2024,1107,Miami Grand Prix,6,2024-05-05,76,Miami International Autodrome,USA,1107,4628,R,Race,False,3,15,Charles,Leclerc,LEC,16,6,Ferrari,3532,2,57,t
45778,815,75,2024,1107,Miami Grand Prix,6,2024-05-05,76,Miami International Autodrome,USA,1107,4628,R,Race,False,4,12,Sergio,Pérez,PER,11,191,Red Bull,3530,4,57,t
45783,830,75,2024,1107,Miami Grand Prix,6,2024-05-05,76,Miami International Autodrome,USA,1107,4628,R,Race,False,5,10,Carlos,Sainz,SAI,55,6,Ferrari,3531,3,57,t
45788,795,75,2024,1107,Miami Grand Prix,6,2024-05-05,76,Miami International Autodrome,USA,1107,4628,R,Race,False,6,8,Lewis,Hamilton,HAM,44,48,Mercedes,3535,8,57,t
45793,851,75,2024,1107,Miami Grand Prix,6,2024-05-05,76,Miami International Autodrome,USA,1107,4628,R,Race,False,7,6,Yuki,Tsunoda,TSU,22,211,RB F1 Team,3542,10,57,t
45798,847,75,2024,1107,Miami Grand Prix,6,2024-05-05,76,Miami International Autodrome,USA,1107,4628,R,Race,False,8,4,George,Russell,RUS,63,48,Mercedes,3533,7,57,t
45803,763,75,2024,1107,Miami Grand Prix,6,2024-05-05,76,Miami International Autodrome,USA,1107,4628,R,Race,False,9,2,Fernando,Alonso,ALO,14,64,Aston Martin,3537,15,57,t
45807,838,75,2024,1107,Miami Grand Prix,6,2024-05-05,76,Miami International Autodrome,USA,1107,4628,R,Race,False,10,1,Esteban,Ocon,OCO,31,210,Alpine F1 Team,3545,13,57,t
45811,807,75,2024,1107,Miami Grand Prix,6,2024-05-05,76,Miami International Autodrome,USA,1107,4628,R,Race,False,11,0,Nico,Hülkenberg,HUL,27,207,Haas F1 Team,3544,9,57,t
45816,841,75,2024,1107,Miami Grand Prix,6,2024-05-05,76,Miami International Autodrome,USA,1107,4628,R,Race,False,12,0,Pierre,Gasly,GAS,10,210,Alpine F1 Team,3546,12,57,t
45820,857,75,2024,1107,Miami Grand Prix,6,2024-05-05,76,Miami International Autodrome,USA,1107,4628,R,Race,False,13,0,Oscar,Piastri,PIA,81,117,McLaren,3536,6,57,t
45825,854,75,2024,1107,Miami Grand Prix,6,2024-05-05,76,Miami International Autodrome,USA,1107,4628,R,Race,False,14,0,Guanyu,Zhou,ZHO,24,182,Sauber,3539,19,57,t
45828,816,75,2024,1107,Miami Grand Prix,6,2024-05-05,76,Miami International Autodrome,USA,1107,4628,R,Race,False,15,0,Daniel,Ricciardo,RIC,3,211,RB F1 Team,3541,20,57,t
45831,820,75,2024,1107,Miami Grand Prix,6,2024-05-05,76,Miami International Autodrome,USA,1107,4628,R,Race,False,16,0,Valtteri,Bottas,BOT,77,182,Sauber,3547,16,57,t
45834,840,75,2024,1107,Miami Grand Prix,6,2024-05-05,76,Miami International Autodrome,USA,1107,4628,R,Race,False,17,0,Lance,Stroll,STR,18,64,Aston Martin,3538,11,57,t
45838,846,75,2024,1107,Miami Grand Prix,6,2024-05-05,76,Miami International Autodrome,USA,1107,4628,R,Race,False,18,0,Alexander,Albon,ALB,23,141,Williams,3543,14,57,t
45842,824,75,2024,1107,Miami Grand Prix,6,2024-05-05,76,Miami International Autodrome,USA,1107,4628,R,Race,False,19,0,Kevin,Magnussen,MAG,20,207,Haas F1 Team,3540,18,57,t
45845,856,75,2024,1107,Miami Grand Prix,6,2024-05-05,76,Miami International Autodrome,USA,1107,4628,R,Race,False,20,0,Logan,Sargeant,SAR,2,141,Williams,3548,17,27,f
45848,831,75,2024,1108,Emilia Romagna Grand Prix,7,2024-05-19,45,Autodromo Enzo e Dino Ferrari,Italy,1108,4637,R,Race,False,1,25,Max,Verstappen,VER,1,191,Red Bull,3529,1,63,t
45852,845,75,2024,1108,Emilia Romagna Grand Prix,7,2024-05-19,45,Autodromo Enzo e Dino Ferrari,Italy,1108,4637,R,Race,False,2,18,Lando,Norris,NOR,4,117,McLaren,3534,2,63,t
45856,843,75,2024,1108,Emilia Romagna Grand Prix,7,2024-05-19,45,Autodromo Enzo e Dino Ferrari,Italy,1108,4637,R,Race,False,3,15,Charles,Leclerc,LEC,16,6,Ferrari,3532,3,63,t
45860,857,75,2024,1108,Emilia Romagna Grand Prix,7,2024-05-19,45,Autodromo Enzo e Dino Ferrari,Italy,1108,4637,R,Race,False,4,12,Oscar,Piastri,PIA,81,117,McLaren,3536,5,63,t
45864,830,75,2024,1108,Emilia Romagna Grand Prix,7,2024-05-19,45,Autodromo Enzo e Dino Ferrari,Italy,1108,4637,R,Race,False,5,10,Carlos,Sainz,SAI,55,6,Ferrari,3531,4,63,t
45868,795,75,2024,1108,Emilia Romagna Grand Prix,7,2024-05-19,45,Autodromo Enzo e Dino Ferrari,Italy,1108,4637,R,Race,False,6,8,Lewis,Hamilton,HAM,44,48,Mercedes,3535,8,63,t
45872,847,75,2024,1108,Emilia Romagna Grand Prix,7,2024-05-19,45,Autodromo Enzo e Dino Ferrari,Italy,1108,4637,R,Race,False,7,7,George,Russell,RUS,63,48,Mercedes,3533,6,63,t
45876,815,75,2024,1108,Emilia Romagna Grand Prix,7,2024-05-19,45,Autodromo Enzo e Dino Ferrari,Italy,1108,4637,R,Race,False,8,4,Sergio,Pérez,PER,11,191,Red Bull,3530,11,63,t
45879,840,75,2024,1108,Emilia Romagna Grand Prix,7,2024-05-19,45,Autodromo Enzo e Dino Ferrari,Italy,1108,4637,R,Race,False,9,2,Lance,Stroll,STR,18,64,Aston Martin,3538,13,63,t
45882,851,75,2024,1108,Emilia Romagna Grand Prix,7,2024-05-19,45,Autodromo Enzo e Dino Ferrari,Italy,1108,4637,R,Race,False,10,1,Yuki,Tsunoda,TSU,22,211,RB F1 Team,3542,7,62,t
45886,807,75,2024,1108,Emilia Romagna Grand Prix,7,2024-05-19,45,Autodromo Enzo e Dino Ferrari,Italy,1108,4637,R,Race,False,11,0,Nico,Hülkenberg,HUL,27,207,Haas F1 Team,3544,10,62,t
45890,824,75,2024,1108,Emilia Romagna Grand Prix,7,2024-05-19,45,Autodromo Enzo e Dino Ferrari,Italy,1108,4637,R,Race,False,12,0,Kevin,Magnussen,MAG,20,207,Haas F1 Team,3540,18,62,t
45892,816,75,2024,1108,Emilia Romagna Grand Prix,7,2024-05-19,45,Autodromo Enzo e Dino Ferrari,Italy,1108,4637,R,Race,False,13,0,Daniel,Ricciardo,RIC,3,211,RB F1 Team,3541,9,62,t
45896,838,75,2024,1108,Emilia Romagna Grand Prix,7,2024-05-19,45,Autodromo Enzo e Dino Ferrari,Italy,1108,4637,R,Race,False,14,0,Esteban,Ocon,OCO,31,210,Alpine F1 Team,3545,12,62,t
45899,854,75,2024,1108,Emilia Romagna Grand Prix,7,2024-05-19,45,Autodromo Enzo e Dino Ferrari,Italy,1108,4637,R,Race,False,15,0,Guanyu,Zhou,ZHO,24,182,Sauber,3539,17,62,t
45901,841,75,2024,1108,Emilia Romagna Grand Prix,7,2024-05-19,45,Autodromo Enzo e Dino Ferrari,Italy,1108,4637,R,Race,False,16,0,Pierre,Gasly,GAS,10,210,Alpine F1 Team,3546,15,62,t
45904,856,75,2024,1108,Emilia Romagna Grand Prix,7,2024-05-19,45,Autodromo Enzo e Dino Ferrari,Italy,1108,4637,R,Race,False,17,0,Logan,Sargeant,SAR,2,141,Williams,3548,19,62,t
45906,820,75,2024,1108,Emilia Romagna Grand Prix,7,2024-05-19,45,Autodromo Enzo e Dino Ferrari,Italy,1108,4637,R,Race,False,18,0,Valtteri,Bottas,BOT,77,182,Sauber,3547,16,62,t
45908,763,75,2024,1108,Emilia Romagna Grand Prix,7,2024-05-19,45,Autodromo Enzo e Dino Ferrari,Italy,1108,4637,R,Race,False,19,0,Fernando,Alonso,ALO,14,64,Aston Martin,3537,20,62,t
45910,846,75,2024,1108,Emilia Romagna Grand Prix,7,2024-05-19,45,Autodromo Enzo e Dino Ferrari,Italy,1108,4637,R,Race,False,20,0,Alexander,Albon,ALB,23,141,Williams,3543,14,51,f
45913,843,75,2024,1109,Monaco Grand Prix,8,2024-05-26,2,Circuit de Monaco,Monaco,1109,4644,R,Race,False,1,25,Charles,Leclerc,LEC,16,6,Ferrari,3532,1,78,t
45917,857,75,2024,1109,Monaco Grand Prix,8,2024-05-26,2,Circuit de Monaco,Monaco,1109,4644,R,Race,False,2,18,Oscar,Piastri,PIA,81,117,McLaren,3536,2,78,t
45921,830,75,2024,1109,Monaco Grand Prix,8,2024-05-26,2,Circuit de Monaco,Monaco,1109,4644,R,Race,False,3,15,Carlos,Sainz,SAI,55,6,Ferrari,3531,3,78,t
45925,845,75,2024,1109,Monaco Grand Prix,8,2024-05-26,2,Circuit de Monaco,Monaco,1109,4644,R,Race,False,4,12,Lando,Norris,NOR,4,117,McLaren,3534,4,78,t
45929,847,75,2024,1109,Monaco Grand Prix,8,2024-05-26,2,Circuit de Monaco,Monaco,1109,4644,R,Race,False,5,10,George,Russell,RUS,63,48,Mercedes,3533,5,78,t
45933,831,75,2024,1109,Monaco Grand Prix,8,2024-05-26,2,Circuit de Monaco,Monaco,1109,4644,R,Race,False,6,8,Max,Verstappen,VER,1,191,Red Bull,3529,6,78,t
45937,795,75,2024,1109,Monaco Grand Prix,8,2024-05-26,2,Circuit de Monaco,Monaco,1109,4644,R,Race,False,7,7,Lewis,Hamilton,HAM,44,48,Mercedes,3535,7,78,t
45941,851,75,2024,1109,Monaco Grand Prix,8,2024-05-26,2,Circuit de Monaco,Monaco,1109,4644,R,Race,False,8,4,Yuki,Tsunoda,TSU,22,211,RB F1 Team,3542,8,77,t
45945,846,75,2024,1109,Monaco Grand Prix,8,2024-05-26,2,Circuit de Monaco,Monaco,1109,4644,R,Race,False,9,2,Alexander,Albon,ALB,23,141,Williams,3543,9,77,t
45949,841,75,2024,1109,Monaco Grand Prix,8,2024-05-26,2,Circuit de Monaco,Monaco,1109,4644,R,Race,False,10,1,Pierre,Gasly,GAS,10,210,Alpine F1 Team,3546,10,77,t
45953,763,75,2024,1109,Monaco Grand Prix,8,2024-05-26,2,Circuit de Monaco,Monaco,1109,4644,R,Race,False,11,0,Fernando,Alonso,ALO,14,64,Aston Martin,3537,14,76,t
45955,816,75,2024,1109,Monaco Grand Prix,8,2024-05-26,2,Circuit de Monaco,Monaco,1109,4644,R,Race,False,12,0,Daniel,Ricciardo,RIC,3,211,RB F1 Team,3541,12,76,t
45958,820,75,2024,1109,Monaco Grand Prix,8,2024-05-26,2,Circuit de Monaco,Monaco,1109,4644,R,Race,False,13,0,Valtteri,Bottas,BOT,77,182,Sauber,3547,17,76,t
45960,840,75,2024,1109,Monaco Grand Prix,8,2024-05-26,2,Circuit de Monaco,Monaco,1109,4644,R,Race,False,14,0,Lance,Stroll,STR,18,64,Aston Martin,3538,13,76,t
45963,856,75,2024,1109,Monaco Grand Prix,8,2024-05-26,2,Circuit de Monaco,Monaco,1109,4644,R,Race,False,15,0,Logan,Sargeant,SAR,2,141,Williams,3548,15,76,t
45965,854,75,2024,1109,Monaco Grand Prix,8,2024-05-26,2,Circuit de Monaco,Monaco,1109,4644,R,Race,False,16,0,Guanyu,Zhou,ZHO,24,182,Sauber,3539,18,76,t
45967,838,75,2024,1109,Monaco Grand Prix,8,2024-05-26,2,Circuit de Monaco,Monaco,1109,4644,R,Race,False,17,0,Esteban,Ocon,OCO,31,210,Alpine F1 Team,3545,11,0,f
45970,815,75,2024,1109,Monaco Grand Prix,8,2024-05-26,2,Circuit de Monaco,Monaco,1109,4644,R,Race,False,18,0,Sergio,Pérez,PER,11,191,Red Bull,3530,16,0,f
45972,807,75,2024,1109,Monaco Grand Prix,8,2024-05-26,2,Circuit de Monaco,Monaco,1109,4644,R,Race,False,19,0,Nico,Hülkenberg,HUL,27,207,Haas F1 Team,3544,19,0,f
45975,824,75,2024,1109,Monaco Grand Prix,8,2024-05-26,2,Circuit de Monaco,Monaco,1109,4644,R,Race,False,20,0,Kevin,Magnussen,MAG,20,207,Haas F1 Team,3540,20,0,f
45978,831,75,2024,1110,Canadian Grand Prix,9,2024-06-09,44,Circuit Gilles Villeneuve,Canada,1110,4651,R,Race,False,1,25,Max,Verstappen,VER,1,191,Red Bull,3529,2,70,t
45982,845,75,2024,1110,Canadian Grand Prix,9,2024-06-09,44,Circuit Gilles Villeneuve,Canada,1110,4651,R,Race,False,2,18,Lando,Norris,NOR,4,117,McLaren,3534,3,70,t
45986,847,75,2024,1110,Canadian Grand Prix,9,2024-06-09,44,Circuit Gilles Villeneuve,Canada,1110,4651,R,Race,False,3,15,George,Russell,RUS,63,48,Mercedes,3533,1,70,t
45990,795,75,2024,1110,Canadian Grand Prix,9,2024-06-09,44,Circuit Gilles Villeneuve,Canada,1110,4651,R,Race,False,4,13,Lewis,Hamilton,HAM,44,48,Mercedes,3535,7,70,t
45994,857,75,2024,1110,Canadian Grand Prix,9,2024-06-09,44,Circuit Gilles Villeneuve,Canada,1110,4651,R,Race,False,5,10,Oscar,Piastri,PIA,81,117,McLaren,3536,4,70,t
45998,763,75,2024,1110,Canadian Grand Prix,9,2024-06-09,44,Circuit Gilles Villeneuve,Canada,1110,4651,R,Race,False,6,8,Fernando,Alonso,ALO,14,64,Aston Martin,3537,6,70,t
46002,840,75,2024,1110,Canadian Grand Prix,9,2024-06-09,44,Circuit Gilles Villeneuve,Canada,1110,4651,R,Race,False,7,6,Lance,Stroll,STR,18,64,Aston Martin,3538,9,70,t
46006,816,75,2024,1110,Canadian Grand Prix,9,2024-06-09,44,Circuit Gilles Villeneuve,Canada,1110,4651,R,Race,False,8,4,Daniel,Ricciardo,RIC,3,211,RB F1 Team,3541,5,70,t
46010,841,75,2024,1110,Canadian Grand Prix,9,2024-06-09,44,Circuit Gilles Villeneuve,Canada,1110,4651,R,Race,False,9,2,Pierre,Gasly,GAS,10,210,Alpine F1 Team,3546,15,70,t
46013,838,75,2024,1110,Canadian Grand Prix,9,2024-06-09,44,Circuit Gilles Villeneuve,Canada,1110,4651,R,Race,False,10,1,Esteban,Ocon,OCO,31,210,Alpine F1 Team,3545,18,70,t
46015,807,75,2024,1110,Canadian Grand Prix,9,2024-06-09,44,Circuit Gilles Villeneuve,Canada,1110,4651,R,Race,False,11,0,Nico,Hülkenberg,HUL,27,207,Haas F1 Team,3544,17,70,t
46017,824,75,2024,1110,Canadian Grand Prix,9,2024-06-09,44,Circuit Gilles Villeneuve,Canada,1110,4651,R,Race,False,12,0,Kevin,Magnussen,MAG,20,207,Haas F1 Team,3540,14,70,t
46020,820,75,2024,1110,Canadian Grand Prix,9,2024-06-09,44,Circuit Gilles Villeneuve,Canada,1110,4651,R,Race,False,13,0,Valtteri,Bottas,BOT,77,182,Sauber,3547,19,70,t
46022,851,75,2024,1110,Canadian Grand Prix,9,2024-06-09,44,Circuit Gilles Villeneuve,Canada,1110,4651,R,Race,False,14,0,Yuki,Tsunoda,TSU,22,211,RB F1 Team,3542,8,70,t
46026,854,75,2024,1110,Canadian Grand Prix,9,2024-06-09,44,Circuit Gilles Villeneuve,Canada,1110,4651,R,Race,False,15,0,Guanyu,Zhou,ZHO,24,182,Sauber,3539,20,69,t
46028,830,75,2024,1110,Canadian Grand Prix,9,2024-06-09,44,Circuit Gilles Villeneuve,Canada,1110,4651,R,Race,False,16,0,Carlos,Sainz,SAI,55,6,Ferrari,3531,12,52,f
46031,846,75,2024,1110,Canadian Grand Prix,9,2024-06-09,44,Circuit Gilles Villeneuve,Canada,1110,4651,R,Race,False,17,0,Alexander,Albon,ALB,23,141,Williams,3543,10,52,f
46035,815,75,2024,1110,Canadian Grand Prix,9,2024-06-09,44,Circuit Gilles Villeneuve,Canada,1110,4651,R,Race,False,18,0,Sergio,Pérez,PER,11,191,Red Bull,3530,16,51,f
46037,843,75,2024,1110,Canadian Grand Prix,9,2024-06-09,44,Circuit Gilles Villeneuve,Canada,1110,4651,R,Race,False,19,0,Charles,Leclerc,LEC,16,6,Ferrari,3532,11,40,f
46040,856,75,2024,1110,Canadian Grand Prix,9,2024-06-09,44,Circuit Gilles Villeneuve,Canada,1110,4651,R,Race,False,20,0,Logan,Sargeant,SAR,2,141,Williams,3548,13,23,f
46043,831,75,2024,1111,Spanish Grand Prix,10,2024-06-23,56,Circuit de Barcelona-Catalunya,Spain,1111,4658,R,Race,False,1,25,Max,Verstappen,VER,1,191,Red Bull,3529,2,66,t
46047,845,75,2024,1111,Spanish Grand Prix,10,2024-06-23,56,Circuit de Barcelona-Catalunya,Spain,1111,4658,R,Race,False,2,19,Lando,Norris,NOR,4,117,McLaren,3534,1,66,t
46051,795,75,2024,1111,Spanish Grand Prix,10,2024-06-23,56,Circuit de Barcelona-Catalunya,Spain,1111,4658,R,Race,False,3,15,Lewis,Hamilton,HAM,44,48,Mercedes,3535,3,66,t
46055,847,75,2024,1111,Spanish Grand Prix,10,2024-06-23,56,Circuit de Barcelona-Catalunya,Spain,1111,4658,R,Race,False,4,12,George,Russell,RUS,63,48,Mercedes,3533,4,66,t
46059,843,75,2024,1111,Spanish Grand Prix,10,2024-06-23,56,Circuit de Barcelona-Catalunya,Spain,1111,4658,R,Race,False,5,10,Charles,Leclerc,LEC,16,6,Ferrari,3532,5,66,t
46063,830,75,2024,1111,Spanish Grand Prix,10,2024-06-23,56,Circuit de Barcelona-Catalunya,Spain,1111,4658,R,Race,False,6,8,Carlos,Sainz,SAI,55,6,Ferrari,3531,6,66,t
46067,857,75,2024,1111,Spanish Grand Prix,10,2024-06-23,56,Circuit de Barcelona-Catalunya,Spain,1111,4658,R,Race,False,7,6,Oscar,Piastri,PIA,81,117,McLaren,3536,9,66,t
46070,815,75,2024,1111,Spanish Grand Prix,10,2024-06-23,56,Circuit de Barcelona-Catalunya,Spain,1111,4658,R,Race,False,8,4,Sergio,Pérez,PER,11,191,Red Bull,3530,11,66,t
46074,841,75,2024,1111,Spanish Grand Prix,10,2024-06-23,56,Circuit de Barcelona-Catalunya,Spain,1111,4658,R,Race,False,9,2,Pierre,Gasly,GAS,10,210,Alpine F1 Team,3546,7,66,t
46078,838,75,2024,1111,Spanish Grand Prix,10,2024-06-23,56,Circuit de Barcelona-Catalunya,Spain,1111,4658,R,Race,False,10,1,Esteban,Ocon,OCO,31,210,Alpine F1 Team,3545,8,66,t
46082,807,75,2024,1111,Spanish Grand Prix,10,2024-06-23,56,Circuit de Barcelona-Catalunya,Spain,1111,4658,R,Race,False,11,0,Nico,Hülkenberg,HUL,27,207,Haas F1 Team,3544,13,66,t
46085,763,75,2024,1111,Spanish Grand Prix,10,2024-06-23,56,Circuit de Barcelona-Catalunya,Spain,1111,4658,R,Race,False,12,0,Fernando,Alonso,ALO,14,64,Aston Martin,3537,10,65,t
46088,854,75,2024,1111,Spanish Grand Prix,10,2024-06-23,56,Circuit de Barcelona-Catalunya,Spain,1111,4658,R,Race,False,13,0,Guanyu,Zhou,ZHO,24,182,Sauber,3539,15,65,t
46091,840,75,2024,1111,Spanish Grand Prix,10,2024-06-23,56,Circuit de Barcelona-Catalunya,Spain,1111,4658,R,Race,False,14,0,Lance,Stroll,STR,18,64,Aston Martin,3538,14,65,t
46094,816,75,2024,1111,Spanish Grand Prix,10,2024-06-23,56,Circuit de Barcelona-Catalunya,Spain,1111,4658,R,Race,False,15,0,Daniel,Ricciardo,RIC,3,211,RB F1 Team,3541,18,65,t
46096,820,75,2024,1111,Spanish Grand Prix,10,2024-06-23,56,Circuit de Barcelona-Catalunya,Spain,1111,4658,R,Race,False,16,0,Valtteri,Bottas,BOT,77,182,Sauber,3547,12,65,t
46099,824,75,2024,1111,Spanish Grand Prix,10,2024-06-23,56,Circuit de Barcelona-Catalunya,Spain,1111,4658,R,Race,False,17,0,Kevin,Magnussen,MAG,20,207,Haas F1 Team,3540,16,65,t
46101,846,75,2024,1111,Spanish Grand Prix,10,2024-06-23,56,Circuit de Barcelona-Catalunya,Spain,1111,4658,R,Race,False,18,0,Alexander,Albon,ALB,23,141,Williams,3543,20,65,t
46103,851,75,2024,1111,Spanish Grand Prix,10,2024-06-23,56,Circuit de Barcelona-Catalunya,Spain,1111,4658,R,Race,False,19,0,Yuki,Tsunoda,TSU,22,211,RB F1 Team,3542,17,65,t
46105,856,75,2024,1111,Spanish Grand Prix,10,2024-06-23,56,Circuit de Barcelona-Catalunya,Spain,1111,4658,R,Race,False,20,0,Logan,Sargeant,SAR,2,141,Williams,3548,19,64,t
46131,831,75,2024,1112,Austrian Grand Prix,11,2024-06-30,34,Red Bull Ring,Austria,1112,4673,SR,Sprint,True,1,8,Max,Verstappen,VER,1,191,Red Bull,3529,1,23,t
46116,857,75,2024,1112,Austrian Grand Prix,11,2024-06-30,34,Red Bull Ring,Austria,1112,4673,SR,Sprint,True,2,7,Oscar,Piastri,PIA,81,117,McLaren,3536,3,23,t
46191,845,75,2024,1112,Austrian Grand Prix,11,2024-06-30,34,Red Bull Ring,Austria,1112,4673,SR,Sprint,True,3,6,Lando,Norris,NOR,4,117,McLaren,3534,2,23,t
46111,847,75,2024,1112,Austrian Grand Prix,11,2024-06-30,34,Red Bull Ring,Austria,1112,4673,SR,Sprint,True,4,5,George,Russell,RUS,63,48,Mercedes,3533,4,23,t
46121,830,75,2024,1112,Austrian Grand Prix,11,2024-06-30,34,Red Bull Ring,Austria,1112,4673,SR,Sprint,True,5,4,Carlos,Sainz,SAI,55,6,Ferrari,3531,5,23,t
46126,795,75,2024,1112,Austrian Grand Prix,11,2024-06-30,34,Red Bull Ring,Austria,1112,4673,SR,Sprint,True,6,3,Lewis,Hamilton,HAM,44,48,Mercedes,3535,6,23,t
46158,843,75,2024,1112,Austrian Grand Prix,11,2024-06-30,34,Red Bull Ring,Austria,1112,4673,SR,Sprint,True,7,2,Charles,Leclerc,LEC,16,6,Ferrari,3532,10,23,t
46141,815,75,2024,1112,Austrian Grand Prix,11,2024-06-30,34,Red Bull Ring,Austria,1112,4673,SR,Sprint,True,8,1,Sergio,Pérez,PER,11,191,Red Bull,3530,7,23,t
46145,824,75,2024,1112,Austrian Grand Prix,11,2024-06-30,34,Red Bull Ring,Austria,1112,4673,SR,Sprint,True,9,0,Kevin,Magnussen,MAG,20,207,Haas F1 Team,3540,11,23,t
46166,840,75,2024,1112,Austrian Grand Prix,11,2024-06-30,34,Red Bull Ring,Austria,1112,4673,SR,Sprint,True,10,0,Lance,Stroll,STR,18,64,Aston Martin,3538,12,23,t
46163,838,75,2024,1112,Austrian Grand Prix,11,2024-06-30,34,Red Bull Ring,Austria,1112,4673,SR,Sprint,True,11,0,Esteban,Ocon,OCO,31,210,Alpine F1 Team,3545,8,23,t
46153,841,75,2024,1112,Austrian Grand Prix,11,2024-06-30,34,Red Bull Ring,Austria,1112,4673,SR,Sprint,True,12,0,Pierre,Gasly,GAS,10,210,Alpine F1 Team,3546,9,23,t
46170,851,75,2024,1112,Austrian Grand Prix,11,2024-06-30,34,Red Bull Ring,Austria,1112,4673,SR,Sprint,True,13,0,Yuki,Tsunoda,TSU,22,211,RB F1 Team,3542,14,23,t
46149,816,75,2024,1112,Austrian Grand Prix,11,2024-06-30,34,Red Bull Ring,Austria,1112,4673,SR,Sprint,True,14,0,Daniel,Ricciardo,RIC,3,211,RB F1 Team,3541,16,23,t
46183,763,75,2024,1112,Austrian Grand Prix,11,2024-06-30,34,Red Bull Ring,Austria,1112,4673,SR,Sprint,True,15,0,Fernando,Alonso,ALO,14,64,Aston Martin,3537,13,23,t
46186,856,75,2024,1112,Austrian Grand Prix,11,2024-06-30,34,Red Bull Ring,Austria,1112,4673,SR,Sprint,True,16,0,Logan,Sargeant,SAR,2,141,Williams,3548,15,23,t
46173,846,75,2024,1112,Austrian Grand Prix,11,2024-06-30,34,Red Bull Ring,Austria,1112,4673,SR,Sprint,True,17,0,Alexander,Albon,ALB,23,141,Williams,3543,20,23,t
46176,820,75,2024,1112,Austrian Grand Prix,11,2024-06-30,34,Red Bull Ring,Austria,1112,4673,SR,Sprint,True,18,0,Valtteri,Bottas,BOT,77,182,Sauber,3547,18,23,t
46136,807,75,2024,1112,Austrian Grand Prix,11,2024-06-30,34,Red Bull Ring,Austria,1112,4673,SR,Sprint,True,19,0,Nico,Hülkenberg,HUL,27,207,Haas F1 Team,3544,17,23,t
46179,854,75,2024,1112,Austrian Grand Prix,11,2024-06-30,34,Red Bull Ring,Austria,1112,4673,SR,Sprint,True,20,0,Guanyu,Zhou,ZHO,24,182,Sauber,3539,19,23,t
46107,847,75,2024,1112,Austrian Grand Prix,11,2024-06-30,34,Red Bull Ring,Austria,1112,4665,R,Race,False,1,25,George,Russell,RUS,63,48,Mercedes,3533,3,71,t
46112,857,75,2024,1112,Austrian Grand Prix,11,2024-06-30,34,Red Bull Ring,Austria,1112,4665,R,Race,False,2,18,Oscar,Piastri,PIA,81,117,McLaren,3536,7,71,t
46117,830,75,2024,1112,Austrian Grand Prix,11,2024-06-30,34,Red Bull Ring,Austria,1112,4665,R,Race,False,3,15,Carlos,Sainz,SAI,55,6,Ferrari,3531,4,71,t
46122,795,75,2024,1112,Austrian Grand Prix,11,2024-06-30,34,Red Bull Ring,Austria,1112,4665,R,Race,False,4,12,Lewis,Hamilton,HAM,44,48,Mercedes,3535,5,71,t
46127,831,75,2024,1112,Austrian Grand Prix,11,2024-06-30,34,Red Bull Ring,Austria,1112,4665,R,Race,False,5,10,Max,Verstappen,VER,1,191,Red Bull,3529,1,71,t
46132,807,75,2024,1112,Austrian Grand Prix,11,2024-06-30,34,Red Bull Ring,Austria,1112,4665,R,Race,False,6,8,Nico,Hülkenberg,HUL,27,207,Haas F1 Team,3544,9,71,t
46137,815,75,2024,1112,Austrian Grand Prix,11,2024-06-30,34,Red Bull Ring,Austria,1112,4665,R,Race,False,7,6,Sergio,Pérez,PER,11,191,Red Bull,3530,8,71,t
46142,824,75,2024,1112,Austrian Grand Prix,11,2024-06-30,34,Red Bull Ring,Austria,1112,4665,R,Race,False,8,4,Kevin,Magnussen,MAG,20,207,Haas F1 Team,3540,12,71,t
46146,816,75,2024,1112,Austrian Grand Prix,11,2024-06-30,34,Red Bull Ring,Austria,1112,4665,R,Race,False,9,2,Daniel,Ricciardo,RIC,3,211,RB F1 Team,3541,11,71,t
46150,841,75,2024,1112,Austrian Grand Prix,11,2024-06-30,34,Red Bull Ring,Austria,1112,4665,R,Race,False,10,1,Pierre,Gasly,GAS,10,210,Alpine F1 Team,3546,13,71,t
46154,843,75,2024,1112,Austrian Grand Prix,11,2024-06-30,34,Red Bull Ring,Austria,1112,4665,R,Race,False,11,0,Charles,Leclerc,LEC,16,6,Ferrari,3532,6,71,t
46159,838,75,2024,1112,Austrian Grand Prix,11,2024-06-30,34,Red Bull Ring,Austria,1112,4665,R,Race,False,12,0,Esteban,Ocon,OCO,31,210,Alpine F1 Team,3545,10,71,t
46164,840,75,2024,1112,Austrian Grand Prix,11,2024-06-30,34,Red Bull Ring,Austria,1112,4665,R,Race,False,13,0,Lance,Stroll,STR,18,64,Aston Martin,3538,17,70,t
46167,851,75,2024,1112,Austrian Grand Prix,11,2024-06-30,34,Red Bull Ring,Austria,1112,4665,R,Race,False,14,0,Yuki,Tsunoda,TSU,22,211,RB F1 Team,3542,14,70,t
46171,846,75,2024,1112,Austrian Grand Prix,11,2024-06-30,34,Red Bull Ring,Austria,1112,4665,R,Race,False,15,0,Alexander,Albon,ALB,23,141,Williams,3543,16,70,t
46174,820,75,2024,1112,Austrian Grand Prix,11,2024-06-30,34,Red Bull Ring,Austria,1112,4665,R,Race,False,16,0,Valtteri,Bottas,BOT,77,182,Sauber,3547,18,70,t
46177,854,75,2024,1112,Austrian Grand Prix,11,2024-06-30,34,Red Bull Ring,Austria,1112,4665,R,Race,False,17,0,Guanyu,Zhou,ZHO,24,182,Sauber,3539,20,70,t
46180,763,75,2024,1112,Austrian Grand Prix,11,2024-06-30,34,Red Bull Ring,Austria,1112,4665,R,Race,False,18,0,Fernando,Alonso,ALO,14,64,Aston Martin,3537,15,70,t
46184,856,75,2024,1112,Austrian Grand Prix,11,2024-06-30,34,Red Bull Ring,Austria,1112,4665,R,Race,False,19,0,Logan,Sargeant,SAR,2,141,Williams,3548,19,69,t
46187,845,75,2024,1112,Austrian Grand Prix,11,2024-06-30,34,Red Bull Ring,Austria,1112,4665,R,Race,False,20,0,Lando,Norris,NOR,4,117,McLaren,3534,2,64,t
46192,795,75,2024,1113,British Grand Prix,12,2024-07-07,1,Silverstone Circuit,UK,1113,4674,R,Race,False,1,25,Lewis,Hamilton,HAM,44,48,Mercedes,3535,2,52,t
46196,831,75,2024,1113,British Grand Prix,12,2024-07-07,1,Silverstone Circuit,UK,1113,4674,R,Race,False,2,18,Max,Verstappen,VER,1,191,Red Bull,3529,4,52,t
46200,845,75,2024,1113,British Grand Prix,12,2024-07-07,1,Silverstone Circuit,UK,1113,4674,R,Race,False,3,15,Lando,Norris,NOR,4,117,McLaren,3534,3,52,t
46204,857,75,2024,1113,British Grand Prix,12,2024-07-07,1,Silverstone Circuit,UK,1113,4674,R,Race,False,4,12,Oscar,Piastri,PIA,81,117,McLaren,3536,5,52,t
46208,830,75,2024,1113,British Grand Prix,12,2024-07-07,1,Silverstone Circuit,UK,1113,4674,R,Race,False,5,11,Carlos,Sainz,SAI,55,6,Ferrari,3531,7,52,t
46212,807,75,2024,1113,British Grand Prix,12,2024-07-07,1,Silverstone Circuit,UK,1113,4674,R,Race,False,6,8,Nico,Hülkenberg,HUL,27,207,Haas F1 Team,3544,6,52,t
46216,840,75,2024,1113,British Grand Prix,12,2024-07-07,1,Silverstone Circuit,UK,1113,4674,R,Race,False,7,6,Lance,Stroll,STR,18,64,Aston Martin,3538,8,52,t
46220,763,75,2024,1113,British Grand Prix,12,2024-07-07,1,Silverstone Circuit,UK,1113,4674,R,Race,False,8,4,Fernando,Alonso,ALO,14,64,Aston Martin,3537,10,52,t
46224,846,75,2024,1113,British Grand Prix,12,2024-07-07,1,Silverstone Circuit,UK,1113,4674,R,Race,False,9,2,Alexander,Albon,ALB,23,141,Williams,3543,9,52,t
46228,851,75,2024,1113,British Grand Prix,12,2024-07-07,1,Silverstone Circuit,UK,1113,4674,R,Race,False,10,1,Yuki,Tsunoda,TSU,22,211,RB F1 Team,3542,13,52,t
46231,856,75,2024,1113,British Grand Prix,12,2024-07-07,1,Silverstone Circuit,UK,1113,4674,R,Race,False,11,0,Logan,Sargeant,SAR,2,141,Williams,3548,12,52,t
46234,824,75,2024,1113,British Grand Prix,12,2024-07-07,1,Silverstone Circuit,UK,1113,4674,R,Race,False,12,0,Kevin,Magnussen,MAG,20,207,Haas F1 Team,3540,17,52,t
46236,816,75,2024,1113,British Grand Prix,12,2024-07-07,1,Silverstone Circuit,UK,1113,4674,R,Race,False,13,0,Daniel,Ricciardo,RIC,3,211,RB F1 Team,3541,15,51,t
46239,843,75,2024,1113,British Grand Prix,12,2024-07-07,1,Silverstone Circuit,UK,1113,4674,R,Race,False,14,0,Charles,Leclerc,LEC,16,6,Ferrari,3532,11,51,t
46242,820,75,2024,1113,British Grand Prix,12,2024-07-07,1,Silverstone Circuit,UK,1113,4674,R,Race,False,15,0,Valtteri,Bottas,BOT,77,182,Sauber,3547,16,51,t
46244,838,75,2024,1113,British Grand Prix,12,2024-07-07,1,Silverstone Circuit,UK,1113,4674,R,Race,False,16,0,Esteban,Ocon,OCO,31,210,Alpine F1 Team,3545,18,50,t
46246,815,75,2024,1113,British Grand Prix,12,2024-07-07,1,Silverstone Circuit,UK,1113,4674,R,Race,False,17,0,Sergio,Pérez,PER,11,191,Red Bull,3530,20,50,t
46248,854,75,2024,1113,British Grand Prix,12,2024-07-07,1,Silverstone Circuit,UK,1113,4674,R,Race,False,18,0,Guanyu,Zhou,ZHO,24,182,Sauber,3539,14,50,t
46251,847,75,2024,1113,British Grand Prix,12,2024-07-07,1,Silverstone Circuit,UK,1113,4674,R,Race,False,19,0,George,Russell,RUS,63,48,Mercedes,3533,1,33,f
46255,841,75,2024,1113,British Grand Prix,12,2024-07-07,1,Silverstone Circuit,UK,1113,4674,R,Race,False,20,0,Pierre,Gasly,GAS,10,210,Alpine F1 Team,3546,19,0,f
46257,857,75,2024,1114,Hungarian Grand Prix,13,2024-07-21,52,Hungaroring,Hungary,1114,4681,R,Race,False,1,25,Oscar,Piastri,PIA,81,117,McLaren,3536,2,70,t
46261,845,75,2024,1114,Hungarian Grand Prix,13,2024-07-21,52,Hungaroring,Hungary,1114,4681,R,Race,False,2,18,Lando,Norris,NOR,4,117,McLaren,3534,1,70,t
46265,795,75,2024,1114,Hungarian Grand Prix,13,2024-07-21,52,Hungaroring,Hungary,1114,4681,R,Race,False,3,15,Lewis,Hamilton,HAM,44,48,Mercedes,3535,5,70,t
46269,843,75,2024,1114,Hungarian Grand Prix,13,2024-07-21,52,Hungaroring,Hungary,1114,4681,R,Race,False,4,12,Charles,Leclerc,LEC,16,6,Ferrari,3532,6,70,t
46273,831,75,2024,1114,Hungarian Grand Prix,13,2024-07-21,52,Hungaroring,Hungary,1114,4681,R,Race,False,5,10,Max,Verstappen,VER,1,191,Red Bull,3529,3,70,t
46277,830,75,2024,1114,Hungarian Grand Prix,13,2024-07-21,52,Hungaroring,Hungary,1114,4681,R,Race,False,6,8,Carlos,Sainz,SAI,55,6,Ferrari,3531,4,70,t
46281,815,75,2024,1114,Hungarian Grand Prix,13,2024-07-21,52,Hungaroring,Hungary,1114,4681,R,Race,False,7,6,Sergio,Pérez,PER,11,191,Red Bull,3530,16,70,t
46283,847,75,2024,1114,Hungarian Grand Prix,13,2024-07-21,52,Hungaroring,Hungary,1114,4681,R,Race,False,8,5,George,Russell,RUS,63,48,Mercedes,3533,17,70,t
46285,851,75,2024,1114,Hungarian Grand Prix,13,2024-07-21,52,Hungaroring,Hungary,1114,4681,R,Race,False,9,2,Yuki,Tsunoda,TSU,22,211,RB F1 Team,3542,10,70,t
46289,840,75,2024,1114,Hungarian Grand Prix,13,2024-07-21,52,Hungaroring,Hungary,1114,4681,R,Race,False,10,1,Lance,Stroll,STR,18,64,Aston Martin,3538,8,70,t
46293,763,75,2024,1114,Hungarian Grand Prix,13,2024-07-21,52,Hungaroring,Hungary,1114,4681,R,Race,False,11,0,Fernando,Alonso,ALO,14,64,Aston Martin,3537,7,70,t
46297,816,75,2024,1114,Hungarian Grand Prix,13,2024-07-21,52,Hungaroring,Hungary,1114,4681,R,Race,False,12,0,Daniel,Ricciardo,RIC,3,211,RB F1 Team,3541,9,69,t
46301,807,75,2024,1114,Hungarian Grand Prix,13,2024-07-21,52,Hungaroring,Hungary,1114,4681,R,Race,False,13,0,Nico,Hülkenberg,HUL,27,207,Haas F1 Team,3544,11,69,t
46304,846,75,2024,1114,Hungarian Grand Prix,13,2024-07-21,52,Hungaroring,Hungary,1114,4681,R,Race,False,14,0,Alexander,Albon,ALB,23,141,Williams,3543,13,69,t
46307,824,75,2024,1114,Hungarian Grand Prix,13,2024-07-21,52,Hungaroring,Hungary,1114,4681,R,Race,False,15,0,Kevin,Magnussen,MAG,20,207,Haas F1 Team,3540,15,69,t
46310,820,75,2024,1114,Hungarian Grand Prix,13,2024-07-21,52,Hungaroring,Hungary,1114,4681,R,Race,False,16,0,Valtteri,Bottas,BOT,77,182,Sauber,3547,12,69,t
46313,856,75,2024,1114,Hungarian Grand Prix,13,2024-07-21,52,Hungaroring,Hungary,1114,4681,R,Race,False,17,0,Logan,Sargeant,SAR,2,141,Williams,3548,14,69,t
46316,838,75,2024,1114,Hungarian Grand Prix,13,2024-07-21,52,Hungaroring,Hungary,1114,4681,R,Race,False,18,0,Esteban,Ocon,OCO,31,210,Alpine F1 Team,3545,19,69,t
46318,854,75,2024,1114,Hungarian Grand Prix,13,2024-07-21,52,Hungaroring,Hungary,1114,4681,R,Race,False,19,0,Guanyu,Zhou,ZHO,24,182,Sauber,3539,18,69,t
46320,841,75,2024,1114,Hungarian Grand Prix,13,2024-07-21,52,Hungaroring,Hungary,1114,4681,R,Race,False,20,0,Pierre,Gasly,GAS,10,210,Alpine F1 Team,3546,20,33,f
46322,795,75,2024,1115,Belgian Grand Prix,14,2024-07-28,5,Circuit de Spa-Francorchamps,Belgium,1115,4688,R,Race,False,1,25,Lewis,Hamilton,HAM,44,48,Mercedes,3535,3,44,t
46326,857,75,2024,1115,Belgian Grand Prix,14,2024-07-28,5,Circuit de Spa-Francorchamps,Belgium,1115,4688,R,Race,False,2,18,Oscar,Piastri,PIA,81,117,McLaren,3536,5,44,t
46330,843,75,2024,1115,Belgian Grand Prix,14,2024-07-28,5,Circuit de Spa-Francorchamps,Belgium,1115,4688,R,Race,False,3,15,Charles,Leclerc,LEC,16,6,Ferrari,3532,1,44,t
46334,831,75,2024,1115,Belgian Grand Prix,14,2024-07-28,5,Circuit de Spa-Francorchamps,Belgium,1115,4688,R,Race,False,4,12,Max,Verstappen,VER,1,191,Red Bull,3529,11,44,t
46338,845,75,2024,1115,Belgian Grand Prix,14,2024-07-28,5,Circuit de Spa-Francorchamps,Belgium,1115,4688,R,Race,False,5,10,Lando,Norris,NOR,4,117,McLaren,3534,4,44,t
46342,830,75,2024,1115,Belgian Grand Prix,14,2024-07-28,5,Circuit de Spa-Francorchamps,Belgium,1115,4688,R,Race,False,6,8,Carlos,Sainz,SAI,55,6,Ferrari,3531,7,44,t
46346,815,75,2024,1115,Belgian Grand Prix,14,2024-07-28,5,Circuit de Spa-Francorchamps,Belgium,1115,4688,R,Race,False,7,7,Sergio,Pérez,PER,11,191,Red Bull,3530,2,44,t
46350,763,75,2024,1115,Belgian Grand Prix,14,2024-07-28,5,Circuit de Spa-Francorchamps,Belgium,1115,4688,R,Race,False,8,4,Fernando,Alonso,ALO,14,64,Aston Martin,3537,8,44,t
46354,838,75,2024,1115,Belgian Grand Prix,14,2024-07-28,5,Circuit de Spa-Francorchamps,Belgium,1115,4688,R,Race,False,9,2,Esteban,Ocon,OCO,31,210,Alpine F1 Team,3545,9,44,t
46358,816,75,2024,1115,Belgian Grand Prix,14,2024-07-28,5,Circuit de Spa-Francorchamps,Belgium,1115,4688,R,Race,False,10,1,Daniel,Ricciardo,RIC,3,211,RB F1 Team,3541,13,44,t
46361,840,75,2024,1115,Belgian Grand Prix,14,2024-07-28,5,Circuit de Spa-Francorchamps,Belgium,1115,4688,R,Race,False,11,0,Lance,Stroll,STR,18,64,Aston Martin,3538,15,44,t
46364,846,75,2024,1115,Belgian Grand Prix,14,2024-07-28,5,Circuit de Spa-Francorchamps,Belgium,1115,4688,R,Race,False,12,0,Alexander,Albon,ALB,23,141,Williams,3543,10,44,t
46367,841,75,2024,1115,Belgian Grand Prix,14,2024-07-28,5,Circuit de Spa-Francorchamps,Belgium,1115,4688,R,Race,False,13,0,Pierre,Gasly,GAS,10,210,Alpine F1 Team,3546,12,44,t
46370,824,75,2024,1115,Belgian Grand Prix,14,2024-07-28,5,Circuit de Spa-Francorchamps,Belgium,1115,4688,R,Race,False,14,0,Kevin,Magnussen,MAG,20,207,Haas F1 Team,3540,17,44,t
46372,820,75,2024,1115,Belgian Grand Prix,14,2024-07-28,5,Circuit de Spa-Francorchamps,Belgium,1115,4688,R,Race,False,15,0,Valtteri,Bottas,BOT,77,182,Sauber,3547,14,44,t
46375,851,75,2024,1115,Belgian Grand Prix,14,2024-07-28,5,Circuit de Spa-Francorchamps,Belgium,1115,4688,R,Race,False,16,0,Yuki,Tsunoda,TSU,22,211,RB F1 Team,3542,20,44,t
46377,856,75,2024,1115,Belgian Grand Prix,14,2024-07-28,5,Circuit de Spa-Francorchamps,Belgium,1115,4688,R,Race,False,17,0,Logan,Sargeant,SAR,2,141,Williams,3548,18,44,t
46379,807,75,2024,1115,Belgian Grand Prix,14,2024-07-28,5,Circuit de Spa-Francorchamps,Belgium,1115,4688,R,Race,False,18,0,Nico,Hülkenberg,HUL,27,207,Haas F1 Team,3544,16,44,t
46381,854,75,2024,1115,Belgian Grand Prix,14,2024-07-28,5,Circuit de Spa-Francorchamps,Belgium,1115,4688,R,Race,False,19,0,Guanyu,Zhou,ZHO,24,182,Sauber,3539,19,5,f
46383,847,75,2024,1115,Belgian Grand Prix,14,2024-07-28,5,Circuit de Spa-Francorchamps,Belgium,1115,4688,R,Race,False,20,0,George,Russell,RUS,63,48,Mercedes,3533,6,44,t
46387,845,75,2024,1116,Dutch Grand Prix,15,2024-08-25,11,Circuit Park Zandvoort,Netherlands,1116,4695,R,Race,False,1,26,Lando,Norris,NOR,4,117,McLaren,3534,1,72,t
46391,831,75,2024,1116,Dutch Grand Prix,15,2024-08-25,11,Circuit Park Zandvoort,Netherlands,1116,4695,R,Race,False,2,18,Max,Verstappen,VER,1,191,Red Bull,3529,2,72,t
46395,843,75,2024,1116,Dutch Grand Prix,15,2024-08-25,11,Circuit Park Zandvoort,Netherlands,1116,4695,R,Race,False,3,15,Charles,Leclerc,LEC,16,6,Ferrari,3532,6,72,t
46399,857,75,2024,1116,Dutch Grand Prix,15,2024-08-25,11,Circuit Park Zandvoort,Netherlands,1116,4695,R,Race,False,4,12,Oscar,Piastri,PIA,81,117,McLaren,3536,3,72,t
46403,830,75,2024,1116,Dutch Grand Prix,15,2024-08-25,11,Circuit Park Zandvoort,Netherlands,1116,4695,R,Race,False,5,10,Carlos,Sainz,SAI,55,6,Ferrari,3531,10,72,t
46406,815,75,2024,1116,Dutch Grand Prix,15,2024-08-25,11,Circuit Park Zandvoort,Netherlands,1116,4695,R,Race,False,6,8,Sergio,Pérez,PER,11,191,Red Bull,3530,5,72,t
46410,847,75,2024,1116,Dutch Grand Prix,15,2024-08-25,11,Circuit Park Zandvoort,Netherlands,1116,4695,R,Race,False,7,6,George,Russell,RUS,63,48,Mercedes,3533,4,72,t
46414,795,75,2024,1116,Dutch Grand Prix,15,2024-08-25,11,Circuit Park Zandvoort,Netherlands,1116,4695,R,Race,False,8,4,Lewis,Hamilton,HAM,44,48,Mercedes,3535,14,72,t
46417,841,75,2024,1116,Dutch Grand Prix,15,2024-08-25,11,Circuit Park Zandvoort,Netherlands,1116,4695,R,Race,False,9,2,Pierre,Gasly,GAS,10,210,Alpine F1 Team,3546,9,71,t
46421,763,75,2024,1116,Dutch Grand Prix,15,2024-08-25,11,Circuit Park Zandvoort,Netherlands,1116,4695,R,Race,False,10,1,Fernando,Alonso,ALO,14,64,Aston Martin,3537,7,71,t
46425,807,75,2024,1116,Dutch Grand Prix,15,2024-08-25,11,Circuit Park Zandvoort,Netherlands,1116,4695,R,Race,False,11,0,Nico,Hülkenberg,HUL,27,207,Haas F1 Team,3544,12,71,t
46428,816,75,2024,1116,Dutch Grand Prix,15,2024-08-25,11,Circuit Park Zandvoort,Netherlands,1116,4695,R,Race,False,12,0,Daniel,Ricciardo,RIC,3,211,RB F1 Team,3541,13,71,t
46430,840,75,2024,1116,Dutch Grand Prix,15,2024-08-25,11,Circuit Park Zandvoort,Netherlands,1116,4695,R,Race,False,13,0,Lance,Stroll,STR,18,64,Aston Martin,3538,8,71,t
46434,846,75,2024,1116,Dutch Grand Prix,15,2024-08-25,11,Circuit Park Zandvoort,Netherlands,1116,4695,R,Race,False,14,0,Alexander,Albon,ALB,23,141,Williams,3543,19,71,t
46436,838,75,2024,1116,Dutch Grand Prix,15,2024-08-25,11,Circuit Park Zandvoort,Netherlands,1116,4695,R,Race,False,15,0,Esteban,Ocon,OCO,31,210,Alpine F1 Team,3545,15,71,t
46438,856,75,2024,1116,Dutch Grand Prix,15,2024-08-25,11,Circuit Park Zandvoort,Netherlands,1116,4695,R,Race,False,16,0,Logan,Sargeant,SAR,2,141,Williams,3548,18,71,t
46440,851,75,2024,1116,Dutch Grand Prix,15,2024-08-25,11,Circuit Park Zandvoort,Netherlands,1116,4695,R,Race,False,17,0,Yuki,Tsunoda,TSU,22,211,RB F1 Team,3542,11,71,t
46443,824,75,2024,1116,Dutch Grand Prix,15,2024-08-25,11,Circuit Park Zandvoort,Netherlands,1116,4695,R,Race,False,18,0,Kevin,Magnussen,MAG,20,207,Haas F1 Team,3540,20,71,t
46446,820,75,2024,1116,Dutch Grand Prix,15,2024-08-25,11,Circuit Park Zandvoort,Netherlands,1116,4695,R,Race,False,19,0,Valtteri,Bottas,BOT,77,182,Sauber,3547,16,70,t
46448,854,75,2024,1116,Dutch Grand Prix,15,2024-08-25,11,Circuit Park Zandvoort,Netherlands,1116,4695,R,Race,False,20,0,Guanyu,Zhou,ZHO,24,182,Sauber,3539,17,70,t
46450,843,75,2024,1117,Italian Grand Prix,16,2024-09-01,7,Autodromo Nazionale di Monza,Italy,1117,4702,R,Race,False,1,25,Charles,Leclerc,LEC,16,6,Ferrari,3532,4,53,t
46454,857,75,2024,1117,Italian Grand Prix,16,2024-09-01,7,Autodromo Nazionale di Monza,Italy,1117,4702,R,Race,False,2,18,Oscar,Piastri,PIA,81,117,McLaren,3536,2,53,t
46458,845,75,2024,1117,Italian Grand Prix,16,2024-09-01,7,Autodromo Nazionale di Monza,Italy,1117,4702,R,Race,False,3,16,Lando,Norris,NOR,4,117,McLaren,3534,1,53,t
46462,830,75,2024,1117,Italian Grand Prix,16,2024-09-01,7,Autodromo Nazionale di Monza,Italy,1117,4702,R,Race,False,4,12,Carlos,Sainz,SAI,55,6,Ferrari,3531,5,53,t
46466,795,75,2024,1117,Italian Grand Prix,16,2024-09-01,7,Autodromo Nazionale di Monza,Italy,1117,4702,R,Race,False,5,10,Lewis,Hamilton,HAM,44,48,Mercedes,3535,6,53,t
46470,831,75,2024,1117,Italian Grand Prix,16,2024-09-01,7,Autodromo Nazionale di Monza,Italy,1117,4702,R,Race,False,6,8,Max,Verstappen,VER,1,191,Red Bull,3529,7,53,t
46474,847,75,2024,1117,Italian Grand Prix,16,2024-09-01,7,Autodromo Nazionale di Monza,Italy,1117,4702,R,Race,False,7,6,George,Russell,RUS,63,48,Mercedes,3533,3,53,t
46478,815,75,2024,1117,Italian Grand Prix,16,2024-09-01,7,Autodromo Nazionale di Monza,Italy,1117,4702,R,Race,False,8,4,Sergio,Pérez,PER,11,191,Red Bull,3530,8,53,t
46482,846,75,2024,1117,Italian Grand Prix,16,2024-09-01,7,Autodromo Nazionale di Monza,Italy,1117,4702,R,Race,False,9,2,Alexander,Albon,ALB,23,141,Williams,3543,9,53,t
46486,824,75,2024,1117,Italian Grand Prix,16,2024-09-01,7,Autodromo Nazionale di Monza,Italy,1117,4702,R,Race,False,10,1,Kevin,Magnussen,MAG,20,207,Haas F1 Team,3540,13,53,t
46489,763,75,2024,1117,Italian Grand Prix,16,2024-09-01,7,Autodromo Nazionale di Monza,Italy,1117,4702,R,Race,False,11,0,Fernando,Alonso,ALO,14,64,Aston Martin,3537,11,53,t
46492,860,75,2024,1117,Italian Grand Prix,16,2024-09-01,7,Autodromo Nazionale di Monza,Italy,1117,4702,R,Race,False,12,0,Franco,Colapinto,COL,43,141,Williams,3550,18,53,t
46494,816,75,2024,1117,Italian Grand Prix,16,2024-09-01,7,Autodromo Nazionale di Monza,Italy,1117,4702,R,Race,False,13,0,Daniel,Ricciardo,RIC,3,211,RB F1 Team,3541,12,53,t
46497,838,75,2024,1117,Italian Grand Prix,16,2024-09-01,7,Autodromo Nazionale di Monza,Italy,1117,4702,R,Race,False,14,0,Esteban,Ocon,OCO,31,210,Alpine F1 Team,3545,15,52,t
46500,841,75,2024,1117,Italian Grand Prix,16,2024-09-01,7,Autodromo Nazionale di Monza,Italy,1117,4702,R,Race,False,15,0,Pierre,Gasly,GAS,10,210,Alpine F1 Team,3546,14,52,t
46503,820,75,2024,1117,Italian Grand Prix,16,2024-09-01,7,Autodromo Nazionale di Monza,Italy,1117,4702,R,Race,False,16,0,Valtteri,Bottas,BOT,77,182,Sauber,3547,19,52,t
46505,807,75,2024,1117,Italian Grand Prix,16,2024-09-01,7,Autodromo Nazionale di Monza,Italy,1117,4702,R,Race,False,17,0,Nico,Hülkenberg,HUL,27,207,Haas F1 Team,3544,10,52,t
46509,854,75,2024,1117,Italian Grand Prix,16,2024-09-01,7,Autodromo Nazionale di Monza,Italy,1117,4702,R,Race,False,18,0,Guanyu,Zhou,ZHO,24,182,Sauber,3539,20,52,t
46511,840,75,2024,1117,Italian Grand Prix,16,2024-09-01,7,Autodromo Nazionale di Monza,Italy,1117,4702,R,Race,False,19,0,Lance,Stroll,STR,18,64,Aston Martin,3538,17,52,t
46513,851,75,2024,1117,Italian Grand Prix,16,2024-09-01,7,Autodromo Nazionale di Monza,Italy,1117,4702,R,Race,False,20,0,Yuki,Tsunoda,TSU,22,211,RB F1 Team,3542,16,7,f
46515,857,75,2024,1118,Azerbaijan Grand Prix,17,2024-09-15,71,Baku City Circuit,Azerbaijan,1118,4709,R,Race,False,1,25,Oscar,Piastri,PIA,81,117,McLaren,3536,2,51,t
46519,843,75,2024,1118,Azerbaijan Grand Prix,17,2024-09-15,71,Baku City Circuit,Azerbaijan,1118,4709,R,Race,False,2,18,Charles,Leclerc,LEC,16,6,Ferrari,3532,1,51,t
46523,847,75,2024,1118,Azerbaijan Grand Prix,17,2024-09-15,71,Baku City Circuit,Azerbaijan,1118,4709,R,Race,False,3,15,George,Russell,RUS,63,48,Mercedes,3533,5,51,t
46527,845,75,2024,1118,Azerbaijan Grand Prix,17,2024-09-15,71,Baku City Circuit,Azerbaijan,1118,4709,R,Race,False,4,13,Lando,Norris,NOR,4,117,McLaren,3534,15,51,t
46529,831,75,2024,1118,Azerbaijan Grand Prix,17,2024-09-15,71,Baku City Circuit,Azerbaijan,1118,4709,R,Race,False,5,10,Max,Verstappen,VER,1,191,Red Bull,3529,6,51,t
46533,763,75,2024,1118,Azerbaijan Grand Prix,17,2024-09-15,71,Baku City Circuit,Azerbaijan,1118,4709,R,Race,False,6,8,Fernando,Alonso,ALO,14,64,Aston Martin,3537,7,51,t
46537,846,75,2024,1118,Azerbaijan Grand Prix,17,2024-09-15,71,Baku City Circuit,Azerbaijan,1118,4709,R,Race,False,7,6,Alexander,Albon,ALB,23,141,Williams,3543,9,51,t
46541,860,75,2024,1118,Azerbaijan Grand Prix,17,2024-09-15,71,Baku City Circuit,Azerbaijan,1118,4709,R,Race,False,8,4,Franco,Colapinto,COL,43,141,Williams,3550,8,51,t
46545,795,75,2024,1118,Azerbaijan Grand Prix,17,2024-09-15,71,Baku City Circuit,Azerbaijan,1118,4709,R,Race,False,9,2,Lewis,Hamilton,HAM,44,48,Mercedes,3535,19,51,t
46549,859,75,2024,1118,Azerbaijan Grand Prix,17,2024-09-15,71,Baku City Circuit,Azerbaijan,1118,4709,R,Race,False,10,1,Oliver,Bearman,BEA,50,207,Haas F1 Team,3551,10,51,t
46552,807,75,2024,1118,Azerbaijan Grand Prix,17,2024-09-15,71,Baku City Circuit,Azerbaijan,1118,4709,R,Race,False,11,0,Nico,Hülkenberg,HUL,27,207,Haas F1 Team,3544,12,51,t
46555,841,75,2024,1118,Azerbaijan Grand Prix,17,2024-09-15,71,Baku City Circuit,Azerbaijan,1118,4709,R,Race,False,12,0,Pierre,Gasly,GAS,10,210,Alpine F1 Team,3546,18,51,t
46558,816,75,2024,1118,Azerbaijan Grand Prix,17,2024-09-15,71,Baku City Circuit,Azerbaijan,1118,4709,R,Race,False,13,0,Daniel,Ricciardo,RIC,3,211,RB F1 Team,3541,14,51,t
46560,854,75,2024,1118,Azerbaijan Grand Prix,17,2024-09-15,71,Baku City Circuit,Azerbaijan,1118,4709,R,Race,False,14,0,Guanyu,Zhou,ZHO,24,182,Sauber,3539,17,51,t
46562,838,75,2024,1118,Azerbaijan Grand Prix,17,2024-09-15,71,Baku City Circuit,Azerbaijan,1118,4709,R,Race,False,15,0,Esteban,Ocon,OCO,31,210,Alpine F1 Team,3545,20,50,t
46564,820,75,2024,1118,Azerbaijan Grand Prix,17,2024-09-15,71,Baku City Circuit,Azerbaijan,1118,4709,R,Race,False,16,0,Valtteri,Bottas,BOT,77,182,Sauber,3547,16,50,t
46566,815,75,2024,1118,Azerbaijan Grand Prix,17,2024-09-15,71,Baku City Circuit,Azerbaijan,1118,4709,R,Race,False,17,0,Sergio,Pérez,PER,11,191,Red Bull,3530,4,49,t
46570,830,75,2024,1118,Azerbaijan Grand Prix,17,2024-09-15,71,Baku City Circuit,Azerbaijan,1118,4709,R,Race,False,18,0,Carlos,Sainz,SAI,55,6,Ferrari,3531,3,49,t
46574,840,75,2024,1118,Azerbaijan Grand Prix,17,2024-09-15,71,Baku City Circuit,Azerbaijan,1118,4709,R,Race,False,19,0,Lance,Stroll,STR,18,64,Aston Martin,3538,13,45,t
46577,851,75,2024,1118,Azerbaijan Grand Prix,17,2024-09-15,71,Baku City Circuit,Azerbaijan,1118,4709,R,Race,False,20,0,Yuki,Tsunoda,TSU,22,211,RB F1 Team,3542,11,14,f
46580,845,75,2024,1119,Singapore Grand Prix,18,2024-09-22,65,Marina Bay Street Circuit,Singapore,1119,4716,R,Race,False,1,25,Lando,Norris,NOR,4,117,McLaren,3534,1,62,t
46584,831,75,2024,1119,Singapore Grand Prix,18,2024-09-22,65,Marina Bay Street Circuit,Singapore,1119,4716,R,Race,False,2,18,Max,Verstappen,VER,1,191,Red Bull,3529,2,62,t
46588,857,75,2024,1119,Singapore Grand Prix,18,2024-09-22,65,Marina Bay Street Circuit,Singapore,1119,4716,R,Race,False,3,15,Oscar,Piastri,PIA,81,117,McLaren,3536,5,62,t
46592,847,75,2024,1119,Singapore Grand Prix,18,2024-09-22,65,Marina Bay Street Circuit,Singapore,1119,4716,R,Race,False,4,12,George,Russell,RUS,63,48,Mercedes,3533,4,62,t
46596,843,75,2024,1119,Singapore Grand Prix,18,2024-09-22,65,Marina Bay Street Circuit,Singapore,1119,4716,R,Race,False,5,10,Charles,Leclerc,LEC,16,6,Ferrari,3532,9,62,t
46599,795,75,2024,1119,Singapore Grand Prix,18,2024-09-22,65,Marina Bay Street Circuit,Singapore,1119,4716,R,Race,False,6,8,Lewis,Hamilton,HAM,44,48,Mercedes,3535,3,62,t
46603,830,75,2024,1119,Singapore Grand Prix,18,2024-09-22,65,Marina Bay Street Circuit,Singapore,1119,4716,R,Race,False,7,6,Carlos,Sainz,SAI,55,6,Ferrari,3531,10,62,t
46606,763,75,2024,1119,Singapore Grand Prix,18,2024-09-22,65,Marina Bay Street Circuit,Singapore,1119,4716,R,Race,False,8,4,Fernando,Alonso,ALO,14,64,Aston Martin,3537,7,61,t
46610,807,75,2024,1119,Singapore Grand Prix,18,2024-09-22,65,Marina Bay Street Circuit,Singapore,1119,4716,R,Race,False,9,2,Nico,Hülkenberg,HUL,27,207,Haas F1 Team,3544,6,61,t
46614,815,75,2024,1119,Singapore Grand Prix,18,2024-09-22,65,Marina Bay Street Circuit,Singapore,1119,4716,R,Race,False,10,1,Sergio,Pérez,PER,11,191,Red Bull,3530,13,61,t
46617,860,75,2024,1119,Singapore Grand Prix,18,2024-09-22,65,Marina Bay Street Circuit,Singapore,1119,4716,R,Race,False,11,0,Franco,Colapinto,COL,43,141,Williams,3550,12,61,t
46620,851,75,2024,1119,Singapore Grand Prix,18,2024-09-22,65,Marina Bay Street Circuit,Singapore,1119,4716,R,Race,False,12,0,Yuki,Tsunoda,TSU,22,211,RB F1 Team,3542,8,61,t
46624,838,75,2024,1119,Singapore Grand Prix,18,2024-09-22,65,Marina Bay Street Circuit,Singapore,1119,4716,R,Race,False,13,0,Esteban,Ocon,OCO,31,210,Alpine F1 Team,3545,15,61,t
46627,840,75,2024,1119,Singapore Grand Prix,18,2024-09-22,65,Marina Bay Street Circuit,Singapore,1119,4716,R,Race,False,14,0,Lance,Stroll,STR,18,64,Aston Martin,3538,17,61,t
46629,854,75,2024,1119,Singapore Grand Prix,18,2024-09-22,65,Marina Bay Street Circuit,Singapore,1119,4716,R,Race,False,15,0,Guanyu,Zhou,ZHO,24,182,Sauber,3539,20,61,t
46631,820,75,2024,1119,Singapore Grand Prix,18,2024-09-22,65,Marina Bay Street Circuit,Singapore,1119,4716,R,Race,False,16,0,Valtteri,Bottas,BOT,77,182,Sauber,3547,19,61,t
46633,841,75,2024,1119,Singapore Grand Prix,18,2024-09-22,65,Marina Bay Street Circuit,Singapore,1119,4716,R,Race,False,17,0,Pierre,Gasly,GAS,10,210,Alpine F1 Team,3546,18,61,t
46635,816,75,2024,1119,Singapore Grand Prix,18,2024-09-22,65,Marina Bay Street Circuit,Singapore,1119,4716,R,Race,False,18,0,Daniel,Ricciardo,RIC,3,211,RB F1 Team,3541,16,61,t
46637,824,75,2024,1119,Singapore Grand Prix,18,2024-09-22,65,Marina Bay Street Circuit,Singapore,1119,4716,R,Race,False,19,0,Kevin,Magnussen,MAG,20,207,Haas F1 Team,3540,14,57,t
46640,846,75,2024,1119,Singapore Grand Prix,18,2024-09-22,65,Marina Bay Street Circuit,Singapore,1119,4716,R,Race,False,20,0,Alexander,Albon,ALB,23,141,Williams,3543,11,15,f
46657,831,75,2024,1120,United States Grand Prix,19,2024-10-20,69,Circuit of the Americas,USA,1120,4731,SR,Sprint,True,1,8,Max,Verstappen,VER,1,191,Red Bull,3529,1,19,t
46652,830,75,2024,1120,United States Grand Prix,19,2024-10-20,69,Circuit of the Americas,USA,1120,4731,SR,Sprint,True,2,7,Carlos,Sainz,SAI,55,6,Ferrari,3531,5,19,t
46662,845,75,2024,1120,United States Grand Prix,19,2024-10-20,69,Circuit of the Americas,USA,1120,4731,SR,Sprint,True,3,6,Lando,Norris,NOR,4,117,McLaren,3534,4,19,t
46647,843,75,2024,1120,United States Grand Prix,19,2024-10-20,69,Circuit of the Americas,USA,1120,4731,SR,Sprint,True,4,5,Charles,Leclerc,LEC,16,6,Ferrari,3532,3,19,t
46672,847,75,2024,1120,United States Grand Prix,19,2024-10-20,69,Circuit of the Americas,USA,1120,4731,SR,Sprint,True,5,4,George,Russell,RUS,63,48,Mercedes,3533,2,19,t
46725,795,75,2024,1120,United States Grand Prix,19,2024-10-20,69,Circuit of the Americas,USA,1120,4731,SR,Sprint,True,6,3,Lewis,Hamilton,HAM,44,48,Mercedes,3535,7,19,t
46691,824,75,2024,1120,United States Grand Prix,19,2024-10-20,69,Circuit of the Americas,USA,1120,4731,SR,Sprint,True,7,2,Kevin,Magnussen,MAG,20,207,Haas F1 Team,3540,8,19,t
46680,807,75,2024,1120,United States Grand Prix,19,2024-10-20,69,Circuit of the Americas,USA,1120,4731,SR,Sprint,True,8,1,Nico,Hülkenberg,HUL,27,207,Haas F1 Team,3544,6,19,t
46676,815,75,2024,1120,United States Grand Prix,19,2024-10-20,69,Circuit of the Americas,USA,1120,4731,SR,Sprint,True,9,0,Sergio,Pérez,PER,11,191,Red Bull,3530,11,19,t
46667,857,75,2024,1120,United States Grand Prix,19,2024-10-20,69,Circuit of the Americas,USA,1120,4731,SR,Sprint,True,10,0,Oscar,Piastri,PIA,81,117,McLaren,3536,16,19,t
46705,851,75,2024,1120,United States Grand Prix,19,2024-10-20,69,Circuit of the Americas,USA,1120,4731,SR,Sprint,True,11,0,Yuki,Tsunoda,TSU,22,211,RB F1 Team,3542,9,19,t
46686,860,75,2024,1120,United States Grand Prix,19,2024-10-20,69,Circuit of the Americas,USA,1120,4731,SR,Sprint,True,12,0,Franco,Colapinto,COL,43,141,Williams,3550,10,19,t
46709,840,75,2024,1120,United States Grand Prix,19,2024-10-20,69,Circuit of the Americas,USA,1120,4731,SR,Sprint,True,13,0,Lance,Stroll,STR,18,64,Aston Martin,3538,13,19,t
46696,841,75,2024,1120,United States Grand Prix,19,2024-10-20,69,Circuit of the Americas,USA,1120,4731,SR,Sprint,True,14,0,Pierre,Gasly,GAS,10,210,Alpine F1 Team,3546,12,19,t
46719,838,75,2024,1120,United States Grand Prix,19,2024-10-20,69,Circuit of the Americas,USA,1120,4731,SR,Sprint,True,15,0,Esteban,Ocon,OCO,31,210,Alpine F1 Team,3545,17,19,t
46683,858,75,2024,1120,United States Grand Prix,19,2024-10-20,69,Circuit of the Americas,USA,1120,4731,SR,Sprint,True,16,0,Liam,Lawson,LAW,30,211,RB F1 Team,3552,15,19,t
46712,846,75,2024,1120,United States Grand Prix,19,2024-10-20,69,Circuit of the Americas,USA,1120,4731,SR,Sprint,True,17,0,Alexander,Albon,ALB,23,141,Williams,3543,20,19,t
46701,763,75,2024,1120,United States Grand Prix,19,2024-10-20,69,Circuit of the Americas,USA,1120,4731,SR,Sprint,True,18,0,Fernando,Alonso,ALO,14,64,Aston Martin,3537,14,19,t
46722,854,75,2024,1120,United States Grand Prix,19,2024-10-20,69,Circuit of the Americas,USA,1120,4731,SR,Sprint,True,19,0,Guanyu,Zhou,ZHO,24,182,Sauber,3539,19,19,t
46715,820,75,2024,1120,United States Grand Prix,19,2024-10-20,69,Circuit of the Americas,USA,1120,4731,SR,Sprint,True,20,0,Valtteri,Bottas,BOT,77,182,Sauber,3547,18,19,t
46643,843,75,2024,1120,United States Grand Prix,19,2024-10-20,69,Circuit of the Americas,USA,1120,4723,R,Race,False,1,25,Charles,Leclerc,LEC,16,6,Ferrari,3532,4,56,t
46648,830,75,2024,1120,United States Grand Prix,19,2024-10-20,69,Circuit of the Americas,USA,1120,4723,R,Race,False,2,18,Carlos,Sainz,SAI,55,6,Ferrari,3531,3,56,t
46653,831,75,2024,1120,United States Grand Prix,19,2024-10-20,69,Circuit of the Americas,USA,1120,4723,R,Race,False,3,15,Max,Verstappen,VER,1,191,Red Bull,3529,2,56,t
46658,845,75,2024,1120,United States Grand Prix,19,2024-10-20,69,Circuit of the Americas,USA,1120,4723,R,Race,False,4,12,Lando,Norris,NOR,4,117,McLaren,3534,1,56,t
46663,857,75,2024,1120,United States Grand Prix,19,2024-10-20,69,Circuit of the Americas,USA,1120,4723,R,Race,False,5,10,Oscar,Piastri,PIA,81,117,McLaren,3536,5,56,t
46668,847,75,2024,1120,United States Grand Prix,19,2024-10-20,69,Circuit of the Americas,USA,1120,4723,R,Race,False,6,8,George,Russell,RUS,63,48,Mercedes,3533,20,56,t
46673,815,75,2024,1120,United States Grand Prix,19,2024-10-20,69,Circuit of the Americas,USA,1120,4723,R,Race,False,7,6,Sergio,Pérez,PER,11,191,Red Bull,3530,9,56,t
46677,807,75,2024,1120,United States Grand Prix,19,2024-10-20,69,Circuit of the Americas,USA,1120,4723,R,Race,False,8,4,Nico,Hülkenberg,HUL,27,207,Haas F1 Team,3544,11,56,t
46681,858,75,2024,1120,United States Grand Prix,19,2024-10-20,69,Circuit of the Americas,USA,1120,4723,R,Race,False,9,2,Liam,Lawson,LAW,30,211,RB F1 Team,3552,19,56,t
46684,860,75,2024,1120,United States Grand Prix,19,2024-10-20,69,Circuit of the Americas,USA,1120,4723,R,Race,False,10,1,Franco,Colapinto,COL,43,141,Williams,3550,15,56,t
46687,824,75,2024,1120,United States Grand Prix,19,2024-10-20,69,Circuit of the Americas,USA,1120,4723,R,Race,False,11,0,Kevin,Magnussen,MAG,20,207,Haas F1 Team,3540,8,56,t
46692,841,75,2024,1120,United States Grand Prix,19,2024-10-20,69,Circuit of the Americas,USA,1120,4723,R,Race,False,12,0,Pierre,Gasly,GAS,10,210,Alpine F1 Team,3546,6,56,t
46697,763,75,2024,1120,United States Grand Prix,19,2024-10-20,69,Circuit of the Americas,USA,1120,4723,R,Race,False,13,0,Fernando,Alonso,ALO,14,64,Aston Martin,3537,7,55,t
46702,851,75,2024,1120,United States Grand Prix,19,2024-10-20,69,Circuit of the Americas,USA,1120,4723,R,Race,False,14,0,Yuki,Tsunoda,TSU,22,211,RB F1 Team,3542,10,55,t
46706,840,75,2024,1120,United States Grand Prix,19,2024-10-20,69,Circuit of the Americas,USA,1120,4723,R,Race,False,15,0,Lance,Stroll,STR,18,64,Aston Martin,3538,13,55,t
46710,846,75,2024,1120,United States Grand Prix,19,2024-10-20,69,Circuit of the Americas,USA,1120,4723,R,Race,False,16,0,Alexander,Albon,ALB,23,141,Williams,3543,14,55,t
46713,820,75,2024,1120,United States Grand Prix,19,2024-10-20,69,Circuit of the Americas,USA,1120,4723,R,Race,False,17,0,Valtteri,Bottas,BOT,77,182,Sauber,3547,16,55,t
46716,838,75,2024,1120,United States Grand Prix,19,2024-10-20,69,Circuit of the Americas,USA,1120,4723,R,Race,False,18,0,Esteban,Ocon,OCO,31,210,Alpine F1 Team,3545,12,55,t
46720,854,75,2024,1120,United States Grand Prix,19,2024-10-20,69,Circuit of the Americas,USA,1120,4723,R,Race,False,19,0,Guanyu,Zhou,ZHO,24,182,Sauber,3539,18,55,t
46723,795,75,2024,1120,United States Grand Prix,19,2024-10-20,69,Circuit of the Americas,USA,1120,4723,R,Race,False,20,0,Lewis,Hamilton,HAM,44,48,Mercedes,3535,17,1,f
46726,830,75,2024,1121,Mexico City Grand Prix,20,2024-10-27,23,Autódromo Hermanos Rodríguez,Mexico,1121,4732,R,Race,False,1,25,Carlos,Sainz,SAI,55,6,Ferrari,3531,1,71,t
46730,845,75,2024,1121,Mexico City Grand Prix,20,2024-10-27,23,Autódromo Hermanos Rodríguez,Mexico,1121,4732,R,Race,False,2,18,Lando,Norris,NOR,4,117,McLaren,3534,3,71,t
46734,843,75,2024,1121,Mexico City Grand Prix,20,2024-10-27,23,Autódromo Hermanos Rodríguez,Mexico,1121,4732,R,Race,False,3,16,Charles,Leclerc,LEC,16,6,Ferrari,3532,4,71,t
46738,795,75,2024,1121,Mexico City Grand Prix,20,2024-10-27,23,Autódromo Hermanos Rodríguez,Mexico,1121,4732,R,Race,False,4,12,Lewis,Hamilton,HAM,44,48,Mercedes,3535,6,71,t
46742,847,75,2024,1121,Mexico City Grand Prix,20,2024-10-27,23,Autódromo Hermanos Rodríguez,Mexico,1121,4732,R,Race,False,5,10,George,Russell,RUS,63,48,Mercedes,3533,5,71,t
46746,831,75,2024,1121,Mexico City Grand Prix,20,2024-10-27,23,Autódromo Hermanos Rodríguez,Mexico,1121,4732,R,Race,False,6,8,Max,Verstappen,VER,1,191,Red Bull,3529,2,71,t
46750,824,75,2024,1121,Mexico City Grand Prix,20,2024-10-27,23,Autódromo Hermanos Rodríguez,Mexico,1121,4732,R,Race,False,7,6,Kevin,Magnussen,MAG,20,207,Haas F1 Team,3540,7,71,t
46754,857,75,2024,1121,Mexico City Grand Prix,20,2024-10-27,23,Autódromo Hermanos Rodríguez,Mexico,1121,4732,R,Race,False,8,4,Oscar,Piastri,PIA,81,117,McLaren,3536,17,71,t
46756,807,75,2024,1121,Mexico City Grand Prix,20,2024-10-27,23,Autódromo Hermanos Rodríguez,Mexico,1121,4732,R,Race,False,9,2,Nico,Hülkenberg,HUL,27,207,Haas F1 Team,3544,10,70,t
46760,841,75,2024,1121,Mexico City Grand Prix,20,2024-10-27,23,Autódromo Hermanos Rodríguez,Mexico,1121,4732,R,Race,False,10,1,Pierre,Gasly,GAS,10,210,Alpine F1 Team,3546,8,70,t
46764,840,75,2024,1121,Mexico City Grand Prix,20,2024-10-27,23,Autódromo Hermanos Rodríguez,Mexico,1121,4732,R,Race,False,11,0,Lance,Stroll,STR,18,64,Aston Martin,3538,14,70,t
46767,860,75,2024,1121,Mexico City Grand Prix,20,2024-10-27,23,Autódromo Hermanos Rodríguez,Mexico,1121,4732,R,Race,False,12,0,Franco,Colapinto,COL,43,141,Williams,3550,16,70,t
46769,838,75,2024,1121,Mexico City Grand Prix,20,2024-10-27,23,Autódromo Hermanos Rodríguez,Mexico,1121,4732,R,Race,False,13,0,Esteban,Ocon,OCO,31,210,Alpine F1 Team,3545,0,70,t
46771,820,75,2024,1121,Mexico City Grand Prix,20,2024-10-27,23,Autódromo Hermanos Rodríguez,Mexico,1121,4732,R,Race,False,14,0,Valtteri,Bottas,BOT,77,182,Sauber,3547,15,70,t
46774,854,75,2024,1121,Mexico City Grand Prix,20,2024-10-27,23,Autódromo Hermanos Rodríguez,Mexico,1121,4732,R,Race,False,15,0,Guanyu,Zhou,ZHO,24,182,Sauber,3539,19,70,t
46776,858,75,2024,1121,Mexico City Grand Prix,20,2024-10-27,23,Autódromo Hermanos Rodríguez,Mexico,1121,4732,R,Race,False,16,0,Liam,Lawson,LAW,30,211,RB F1 Team,3552,12,70,t
46779,815,75,2024,1121,Mexico City Grand Prix,20,2024-10-27,23,Autódromo Hermanos Rodríguez,Mexico,1121,4732,R,Race,False,17,0,Sergio,Pérez,PER,11,191,Red Bull,3530,18,70,t
46781,763,75,2024,1121,Mexico City Grand Prix,20,2024-10-27,23,Autódromo Hermanos Rodríguez,Mexico,1121,4732,R,Race,False,18,0,Fernando,Alonso,ALO,14,64,Aston Martin,3537,13,15,f
46784,846,75,2024,1121,Mexico City Grand Prix,20,2024-10-27,23,Autódromo Hermanos Rodríguez,Mexico,1121,4732,R,Race,False,19,0,Alexander,Albon,ALB,23,141,Williams,3543,9,0,f
46788,851,75,2024,1121,Mexico City Grand Prix,20,2024-10-27,23,Autódromo Hermanos Rodríguez,Mexico,1121,4732,R,Race,False,20,0,Yuki,Tsunoda,TSU,22,211,RB F1 Team,3542,11,0,f
46818,845,75,2024,1122,São Paulo Grand Prix,21,2024-11-03,37,Autódromo José Carlos Pace,Brazil,1122,4747,SR,Sprint,True,1,8,Lando,Norris,NOR,4,117,McLaren,3534,2,24,t
46828,857,75,2024,1122,São Paulo Grand Prix,21,2024-11-03,37,Autódromo José Carlos Pace,Brazil,1122,4747,SR,Sprint,True,2,7,Oscar,Piastri,PIA,81,117,McLaren,3536,1,24,t
46813,843,75,2024,1122,São Paulo Grand Prix,21,2024-11-03,37,Autódromo José Carlos Pace,Brazil,1122,4747,SR,Sprint,True,3,6,Charles,Leclerc,LEC,16,6,Ferrari,3532,3,24,t
46794,831,75,2024,1122,São Paulo Grand Prix,21,2024-11-03,37,Autódromo José Carlos Pace,Brazil,1122,4747,SR,Sprint,True,4,5,Max,Verstappen,VER,1,191,Red Bull,3529,4,24,t
46859,830,75,2024,1122,São Paulo Grand Prix,21,2024-11-03,37,Autódromo José Carlos Pace,Brazil,1122,4747,SR,Sprint,True,5,4,Carlos,Sainz,SAI,55,6,Ferrari,3531,5,24,t
46808,847,75,2024,1122,São Paulo Grand Prix,21,2024-11-03,37,Autódromo José Carlos Pace,Brazil,1122,4747,SR,Sprint,True,6,3,George,Russell,RUS,63,48,Mercedes,3533,6,24,t
46803,841,75,2024,1122,São Paulo Grand Prix,21,2024-11-03,37,Autódromo José Carlos Pace,Brazil,1122,4747,SR,Sprint,True,7,2,Pierre,Gasly,GAS,10,210,Alpine F1 Team,3546,7,24,t
46840,815,75,2024,1122,São Paulo Grand Prix,21,2024-11-03,37,Autódromo José Carlos Pace,Brazil,1122,4747,SR,Sprint,True,8,1,Sergio,Pérez,PER,11,191,Red Bull,3530,13,24,t
46833,858,75,2024,1122,São Paulo Grand Prix,21,2024-11-03,37,Autódromo José Carlos Pace,Brazil,1122,4747,SR,Sprint,True,9,0,Liam,Lawson,LAW,30,211,RB F1 Team,3552,8,24,t
46867,846,75,2024,1122,São Paulo Grand Prix,21,2024-11-03,37,Autódromo José Carlos Pace,Brazil,1122,4747,SR,Sprint,True,10,0,Alexander,Albon,ALB,23,141,Williams,3543,9,24,t
46836,795,75,2024,1122,São Paulo Grand Prix,21,2024-11-03,37,Autódromo José Carlos Pace,Brazil,1122,4747,SR,Sprint,True,11,0,Lewis,Hamilton,HAM,44,48,Mercedes,3535,11,24,t
46862,860,75,2024,1122,São Paulo Grand Prix,21,2024-11-03,37,Autódromo José Carlos Pace,Brazil,1122,4747,SR,Sprint,True,12,0,Franco,Colapinto,COL,43,141,Williams,3550,14,24,t
46799,838,75,2024,1122,São Paulo Grand Prix,21,2024-11-03,37,Autódromo José Carlos Pace,Brazil,1122,4747,SR,Sprint,True,13,0,Esteban,Ocon,OCO,31,210,Alpine F1 Team,3545,16,24,t
46843,859,75,2024,1122,São Paulo Grand Prix,21,2024-11-03,37,Autódromo José Carlos Pace,Brazil,1122,4747,SR,Sprint,True,14,0,Oliver,Bearman,BEA,50,207,Haas F1 Team,3551,10,24,t
46823,851,75,2024,1122,São Paulo Grand Prix,21,2024-11-03,37,Autódromo José Carlos Pace,Brazil,1122,4747,SR,Sprint,True,15,0,Yuki,Tsunoda,TSU,22,211,RB F1 Team,3542,17,24,t
46847,820,75,2024,1122,São Paulo Grand Prix,21,2024-11-03,37,Autódromo José Carlos Pace,Brazil,1122,4747,SR,Sprint,True,16,0,Valtteri,Bottas,BOT,77,182,Sauber,3547,15,24,t
46855,854,75,2024,1122,São Paulo Grand Prix,21,2024-11-03,37,Autódromo José Carlos Pace,Brazil,1122,4747,SR,Sprint,True,17,0,Guanyu,Zhou,ZHO,24,182,Sauber,3539,20,24,t
46852,763,75,2024,1122,São Paulo Grand Prix,21,2024-11-03,37,Autódromo José Carlos Pace,Brazil,1122,4747,SR,Sprint,True,18,0,Fernando,Alonso,ALO,14,64,Aston Martin,3537,18,24,t
46871,840,75,2024,1122,São Paulo Grand Prix,21,2024-11-03,37,Autódromo José Carlos Pace,Brazil,1122,4747,SR,Sprint,True,19,0,Lance,Stroll,STR,18,64,Aston Martin,3538,19,24,t
46874,807,75,2024,1122,São Paulo Grand Prix,21,2024-11-03,37,Autódromo José Carlos Pace,Brazil,1122,4747,SR,Sprint,True,20,0,Nico,Hülkenberg,HUL,27,207,Haas F1 Team,3544,12,19,f
46791,831,75,2024,1122,São Paulo Grand Prix,21,2024-11-03,37,Autódromo José Carlos Pace,Brazil,1122,4739,R,Race,False,1,26,Max,Verstappen,VER,1,191,Red Bull,3529,17,69,t
46795,838,75,2024,1122,São Paulo Grand Prix,21,2024-11-03,37,Autódromo José Carlos Pace,Brazil,1122,4739,R,Race,False,2,18,Esteban,Ocon,OCO,31,210,Alpine F1 Team,3545,4,69,t
46800,841,75,2024,1122,São Paulo Grand Prix,21,2024-11-03,37,Autódromo José Carlos Pace,Brazil,1122,4739,R,Race,False,3,15,Pierre,Gasly,GAS,10,210,Alpine F1 Team,3546,13,69,t
46804,847,75,2024,1122,São Paulo Grand Prix,21,2024-11-03,37,Autódromo José Carlos Pace,Brazil,1122,4739,R,Race,False,4,12,George,Russell,RUS,63,48,Mercedes,3533,2,69,t
46809,843,75,2024,1122,São Paulo Grand Prix,21,2024-11-03,37,Autódromo José Carlos Pace,Brazil,1122,4739,R,Race,False,5,10,Charles,Leclerc,LEC,16,6,Ferrari,3532,6,69,t
46814,845,75,2024,1122,São Paulo Grand Prix,21,2024-11-03,37,Autódromo José Carlos Pace,Brazil,1122,4739,R,Race,False,6,8,Lando,Norris,NOR,4,117,McLaren,3534,1,69,t
46819,851,75,2024,1122,São Paulo Grand Prix,21,2024-11-03,37,Autódromo José Carlos Pace,Brazil,1122,4739,R,Race,False,7,6,Yuki,Tsunoda,TSU,22,211,RB F1 Team,3542,3,69,t
46824,857,75,2024,1122,São Paulo Grand Prix,21,2024-11-03,37,Autódromo José Carlos Pace,Brazil,1122,4739,R,Race,False,8,4,Oscar,Piastri,PIA,81,117,McLaren,3536,8,69,t
46829,858,75,2024,1122,São Paulo Grand Prix,21,2024-11-03,37,Autódromo José Carlos Pace,Brazil,1122,4739,R,Race,False,9,2,Liam,Lawson,LAW,30,211,RB F1 Team,3552,5,69,t
46834,795,75,2024,1122,São Paulo Grand Prix,21,2024-11-03,37,Autódromo José Carlos Pace,Brazil,1122,4739,R,Race,False,10,1,Lewis,Hamilton,HAM,44,48,Mercedes,3535,14,69,t
46837,815,75,2024,1122,São Paulo Grand Prix,21,2024-11-03,37,Autódromo José Carlos Pace,Brazil,1122,4739,R,Race,False,11,0,Sergio,Pérez,PER,11,191,Red Bull,3530,12,69,t
46841,859,75,2024,1122,São Paulo Grand Prix,21,2024-11-03,37,Autódromo José Carlos Pace,Brazil,1122,4739,R,Race,False,12,0,Oliver,Bearman,BEA,50,207,Haas F1 Team,3551,15,69,t
46844,820,75,2024,1122,São Paulo Grand Prix,21,2024-11-03,37,Autódromo José Carlos Pace,Brazil,1122,4739,R,Race,False,13,0,Valtteri,Bottas,BOT,77,182,Sauber,3547,11,69,t
46848,763,75,2024,1122,São Paulo Grand Prix,21,2024-11-03,37,Autódromo José Carlos Pace,Brazil,1122,4739,R,Race,False,14,0,Fernando,Alonso,ALO,14,64,Aston Martin,3537,9,69,t
46853,854,75,2024,1122,São Paulo Grand Prix,21,2024-11-03,37,Autódromo José Carlos Pace,Brazil,1122,4739,R,Race,False,15,0,Guanyu,Zhou,ZHO,24,182,Sauber,3539,19,69,t
46856,830,75,2024,1122,São Paulo Grand Prix,21,2024-11-03,37,Autódromo José Carlos Pace,Brazil,1122,4739,R,Race,False,16,0,Carlos,Sainz,SAI,55,6,Ferrari,3531,20,38,f
46860,860,75,2024,1122,São Paulo Grand Prix,21,2024-11-03,37,Autódromo José Carlos Pace,Brazil,1122,4739,R,Race,False,17,0,Franco,Colapinto,COL,43,141,Williams,3550,16,30,f
46863,846,75,2024,1122,São Paulo Grand Prix,21,2024-11-03,37,Autódromo José Carlos Pace,Brazil,1122,4739,R,Race,False,18,0,Alexander,Albon,ALB,23,141,Williams,3543,7,0,f
46868,840,75,2024,1122,São Paulo Grand Prix,21,2024-11-03,37,Autódromo José Carlos Pace,Brazil,1122,4739,R,Race,False,19,0,Lance,Stroll,STR,18,64,Aston Martin,3538,10,0,f
46872,807,75,2024,1122,São Paulo Grand Prix,21,2024-11-03,37,Autódromo José Carlos Pace,Brazil,1122,4739,R,Race,False,20,0,Nico,Hülkenberg,HUL,27,207,Haas F1 Team,3544,18,0,f
46875,847,75,2024,1123,Las Vegas Grand Prix,22,2024-11-23,77,Las Vegas Strip Street Circuit,USA,1123,4748,R,Race,False,1,25,George,Russell,RUS,63,48,Mercedes,3533,1,50,t
46879,795,75,2024,1123,Las Vegas Grand Prix,22,2024-11-23,77,Las Vegas Strip Street Circuit,USA,1123,4748,R,Race,False,2,18,Lewis,Hamilton,HAM,44,48,Mercedes,3535,10,50,t
46883,830,75,2024,1123,Las Vegas Grand Prix,22,2024-11-23,77,Las Vegas Strip Street Circuit,USA,1123,4748,R,Race,False,3,15,Carlos,Sainz,SAI,55,6,Ferrari,3531,2,50,t
46887,843,75,2024,1123,Las Vegas Grand Prix,22,2024-11-23,77,Las Vegas Strip Street Circuit,USA,1123,4748,R,Race,False,4,12,Charles,Leclerc,LEC,16,6,Ferrari,3532,4,50,t
46891,831,75,2024,1123,Las Vegas Grand Prix,22,2024-11-23,77,Las Vegas Strip Street Circuit,USA,1123,4748,R,Race,False,5,10,Max,Verstappen,VER,1,191,Red Bull,3529,5,50,t
46895,845,75,2024,1123,Las Vegas Grand Prix,22,2024-11-23,77,Las Vegas Strip Street Circuit,USA,1123,4748,R,Race,False,6,9,Lando,Norris,NOR,4,117,McLaren,3534,6,50,t
46899,857,75,2024,1123,Las Vegas Grand Prix,22,2024-11-23,77,Las Vegas Strip Street Circuit,USA,1123,4748,R,Race,False,7,6,Oscar,Piastri,PIA,81,117,McLaren,3536,8,50,t
46903,807,75,2024,1123,Las Vegas Grand Prix,22,2024-11-23,77,Las Vegas Strip Street Circuit,USA,1123,4748,R,Race,False,8,4,Nico,Hülkenberg,HUL,27,207,Haas F1 Team,3544,9,50,t
46907,851,75,2024,1123,Las Vegas Grand Prix,22,2024-11-23,77,Las Vegas Strip Street Circuit,USA,1123,4748,R,Race,False,9,2,Yuki,Tsunoda,TSU,22,211,RB F1 Team,3542,7,50,t
46911,815,75,2024,1123,Las Vegas Grand Prix,22,2024-11-23,77,Las Vegas Strip Street Circuit,USA,1123,4748,R,Race,False,10,1,Sergio,Pérez,PER,11,191,Red Bull,3530,15,50,t
46913,763,75,2024,1123,Las Vegas Grand Prix,22,2024-11-23,77,Las Vegas Strip Street Circuit,USA,1123,4748,R,Race,False,11,0,Fernando,Alonso,ALO,14,64,Aston Martin,3537,16,50,t
46915,824,75,2024,1123,Las Vegas Grand Prix,22,2024-11-23,77,Las Vegas Strip Street Circuit,USA,1123,4748,R,Race,False,12,0,Kevin,Magnussen,MAG,20,207,Haas F1 Team,3540,12,50,t
46918,854,75,2024,1123,Las Vegas Grand Prix,22,2024-11-23,77,Las Vegas Strip Street Circuit,USA,1123,4748,R,Race,False,13,0,Guanyu,Zhou,ZHO,24,182,Sauber,3539,13,50,t
46921,860,75,2024,1123,Las Vegas Grand Prix,22,2024-11-23,77,Las Vegas Strip Street Circuit,USA,1123,4748,R,Race,False,14,0,Franco,Colapinto,COL,43,141,Williams,3550,20,50,t
46924,840,75,2024,1123,Las Vegas Grand Prix,22,2024-11-23,77,Las Vegas Strip Street Circuit,USA,1123,4748,R,Race,False,15,0,Lance,Stroll,STR,18,64,Aston Martin,3538,18,50,t
46926,858,75,2024,1123,Las Vegas Grand Prix,22,2024-11-23,77,Las Vegas Strip Street Circuit,USA,1123,4748,R,Race,False,16,0,Liam,Lawson,LAW,30,211,RB F1 Team,3552,14,50,t
46929,838,75,2024,1123,Las Vegas Grand Prix,22,2024-11-23,77,Las Vegas Strip Street Circuit,USA,1123,4748,R,Race,False,17,0,Esteban,Ocon,OCO,31,210,Alpine F1 Team,3545,11,49,t
46932,820,75,2024,1123,Las Vegas Grand Prix,22,2024-11-23,77,Las Vegas Strip Street Circuit,USA,1123,4748,R,Race,False,18,0,Valtteri,Bottas,BOT,77,182,Sauber,3547,19,49,t
46934,846,75,2024,1123,Las Vegas Grand Prix,22,2024-11-23,77,Las Vegas Strip Street Circuit,USA,1123,4748,R,Race,False,19,0,Alexander,Albon,ALB,23,141,Williams,3543,17,25,f
46936,841,75,2024,1123,Las Vegas Grand Prix,22,2024-11-23,77,Las Vegas Strip Street Circuit,USA,1123,4748,R,Race,False,20,0,Pierre,Gasly,GAS,10,210,Alpine F1 Team,3546,3,15,f
46954,857,75,2024,1124,Qatar Grand Prix,23,2024-12-01,74,Losail International Circuit,Qatar,1124,4763,SR,Sprint,True,1,8,Oscar,Piastri,PIA,81,117,McLaren,3536,3,19,t
46987,845,75,2024,1124,Qatar Grand Prix,23,2024-12-01,74,Losail International Circuit,Qatar,1124,4763,SR,Sprint,True,2,7,Lando,Norris,NOR,4,117,McLaren,3534,1,19,t
46959,847,75,2024,1124,Qatar Grand Prix,23,2024-12-01,74,Losail International Circuit,Qatar,1124,4763,SR,Sprint,True,3,6,George,Russell,RUS,63,48,Mercedes,3533,2,19,t
46968,830,75,2024,1124,Qatar Grand Prix,23,2024-12-01,74,Losail International Circuit,Qatar,1124,4763,SR,Sprint,True,4,5,Carlos,Sainz,SAI,55,6,Ferrari,3531,4,19,t
46949,843,75,2024,1124,Qatar Grand Prix,23,2024-12-01,74,Losail International Circuit,Qatar,1124,4763,SR,Sprint,True,5,4,Charles,Leclerc,LEC,16,6,Ferrari,3532,5,19,t
46996,795,75,2024,1124,Qatar Grand Prix,23,2024-12-01,74,Losail International Circuit,Qatar,1124,4763,SR,Sprint,True,6,3,Lewis,Hamilton,HAM,44,48,Mercedes,3535,7,19,t
47009,807,75,2024,1124,Qatar Grand Prix,23,2024-12-01,74,Losail International Circuit,Qatar,1124,4763,SR,Sprint,True,7,2,Nico,Hülkenberg,HUL,27,207,Haas F1 Team,3544,9,19,t
46944,831,75,2024,1124,Qatar Grand Prix,23,2024-12-01,74,Losail International Circuit,Qatar,1124,4763,SR,Sprint,True,8,1,Max,Verstappen,VER,1,191,Red Bull,3529,6,19,t
46963,841,75,2024,1124,Qatar Grand Prix,23,2024-12-01,74,Losail International Circuit,Qatar,1124,4763,SR,Sprint,True,9,0,Pierre,Gasly,GAS,10,210,Alpine F1 Team,3546,8,19,t
46982,824,75,2024,1124,Qatar Grand Prix,23,2024-12-01,74,Losail International Circuit,Qatar,1124,4763,SR,Sprint,True,10,0,Kevin,Magnussen,MAG,20,207,Haas F1 Team,3540,15,19,t
46973,763,75,2024,1124,Qatar Grand Prix,23,2024-12-01,74,Losail International Circuit,Qatar,1124,4763,SR,Sprint,True,11,0,Fernando,Alonso,ALO,14,64,Aston Martin,3537,11,19,t
46991,820,75,2024,1124,Qatar Grand Prix,23,2024-12-01,74,Losail International Circuit,Qatar,1124,4763,SR,Sprint,True,12,0,Valtteri,Bottas,BOT,77,182,Sauber,3547,13,19,t
47018,840,75,2024,1124,Qatar Grand Prix,23,2024-12-01,74,Losail International Circuit,Qatar,1124,4763,SR,Sprint,True,13,0,Lance,Stroll,STR,18,64,Aston Martin,3538,14,19,t
47024,838,75,2024,1124,Qatar Grand Prix,23,2024-12-01,74,Losail International Circuit,Qatar,1124,4763,SR,Sprint,True,14,0,Esteban,Ocon,OCO,31,210,Alpine F1 Team,3545,17,19,t
47006,846,75,2024,1124,Qatar Grand Prix,23,2024-12-01,74,Losail International Circuit,Qatar,1124,4763,SR,Sprint,True,15,0,Alexander,Albon,ALB,23,141,Williams,3543,12,19,t
47003,858,75,2024,1124,Qatar Grand Prix,23,2024-12-01,74,Losail International Circuit,Qatar,1124,4763,SR,Sprint,True,16,0,Liam,Lawson,LAW,30,211,RB F1 Team,3552,10,19,t
47000,851,75,2024,1124,Qatar Grand Prix,23,2024-12-01,74,Losail International Circuit,Qatar,1124,4763,SR,Sprint,True,17,0,Yuki,Tsunoda,TSU,22,211,RB F1 Team,3542,16,19,t
47021,860,75,2024,1124,Qatar Grand Prix,23,2024-12-01,74,Losail International Circuit,Qatar,1124,4763,SR,Sprint,True,18,0,Franco,Colapinto,COL,43,141,Williams,3550,20,19,t
46977,854,75,2024,1124,Qatar Grand Prix,23,2024-12-01,74,Losail International Circuit,Qatar,1124,4763,SR,Sprint,True,19,0,Guanyu,Zhou,ZHO,24,182,Sauber,3539,18,19,t
47014,815,75,2024,1124,Qatar Grand Prix,23,2024-12-01,74,Losail International Circuit,Qatar,1124,4763,SR,Sprint,True,20,0,Sergio,Pérez,PER,11,191,Red Bull,3530,19,19,t
46940,831,75,2024,1124,Qatar Grand Prix,23,2024-12-01,74,Losail International Circuit,Qatar,1124,4755,R,Race,False,1,25,Max,Verstappen,VER,1,191,Red Bull,3529,2,57,t
46945,843,75,2024,1124,Qatar Grand Prix,23,2024-12-01,74,Losail International Circuit,Qatar,1124,4755,R,Race,False,2,18,Charles,Leclerc,LEC,16,6,Ferrari,3532,5,57,t
46950,857,75,2024,1124,Qatar Grand Prix,23,2024-12-01,74,Losail International Circuit,Qatar,1124,4755,R,Race,False,3,15,Oscar,Piastri,PIA,81,117,McLaren,3536,4,57,t
46955,847,75,2024,1124,Qatar Grand Prix,23,2024-12-01,74,Losail International Circuit,Qatar,1124,4755,R,Race,False,4,12,George,Russell,RUS,63,48,Mercedes,3533,1,57,t
46960,841,75,2024,1124,Qatar Grand Prix,23,2024-12-01,74,Losail International Circuit,Qatar,1124,4755,R,Race,False,5,10,Pierre,Gasly,GAS,10,210,Alpine F1 Team,3546,11,57,t
46964,830,75,2024,1124,Qatar Grand Prix,23,2024-12-01,74,Losail International Circuit,Qatar,1124,4755,R,Race,False,6,8,Carlos,Sainz,SAI,55,6,Ferrari,3531,7,57,t
46969,763,75,2024,1124,Qatar Grand Prix,23,2024-12-01,74,Losail International Circuit,Qatar,1124,4755,R,Race,False,7,6,Fernando,Alonso,ALO,14,64,Aston Martin,3537,8,57,t
46974,854,75,2024,1124,Qatar Grand Prix,23,2024-12-01,74,Losail International Circuit,Qatar,1124,4755,R,Race,False,8,4,Guanyu,Zhou,ZHO,24,182,Sauber,3539,12,57,t
46978,824,75,2024,1124,Qatar Grand Prix,23,2024-12-01,74,Losail International Circuit,Qatar,1124,4755,R,Race,False,9,2,Kevin,Magnussen,MAG,20,207,Haas F1 Team,3540,10,57,t
46983,845,75,2024,1124,Qatar Grand Prix,23,2024-12-01,74,Losail International Circuit,Qatar,1124,4755,R,Race,False,10,2,Lando,Norris,NOR,4,117,McLaren,3534,3,57,t
46988,820,75,2024,1124,Qatar Grand Prix,23,2024-12-01,74,Losail International Circuit,Qatar,1124,4755,R,Race,False,11,0,Valtteri,Bottas,BOT,77,182,Sauber,3547,13,57,t
46992,795,75,2024,1124,Qatar Grand Prix,23,2024-12-01,74,Losail International Circuit,Qatar,1124,4755,R,Race,False,12,0,Lewis,Hamilton,HAM,44,48,Mercedes,3535,6,57,t
46997,851,75,2024,1124,Qatar Grand Prix,23,2024-12-01,74,Losail International Circuit,Qatar,1124,4755,R,Race,False,13,0,Yuki,Tsunoda,TSU,22,211,RB F1 Team,3542,14,57,t
47001,858,75,2024,1124,Qatar Grand Prix,23,2024-12-01,74,Losail International Circuit,Qatar,1124,4755,R,Race,False,14,0,Liam,Lawson,LAW,30,211,RB F1 Team,3552,17,57,t
47004,846,75,2024,1124,Qatar Grand Prix,23,2024-12-01,74,Losail International Circuit,Qatar,1124,4755,R,Race,False,15,0,Alexander,Albon,ALB,23,141,Williams,3543,16,56,t
47007,807,75,2024,1124,Qatar Grand Prix,23,2024-12-01,74,Losail International Circuit,Qatar,1124,4755,R,Race,False,16,0,Nico,Hülkenberg,HUL,27,207,Haas F1 Team,3544,18,39,f
47010,815,75,2024,1124,Qatar Grand Prix,23,2024-12-01,74,Losail International Circuit,Qatar,1124,4755,R,Race,False,17,0,Sergio,Pérez,PER,11,191,Red Bull,3530,9,38,f
47015,840,75,2024,1124,Qatar Grand Prix,23,2024-12-01,74,Losail International Circuit,Qatar,1124,4755,R,Race,False,18,0,Lance,Stroll,STR,18,64,Aston Martin,3538,15,8,f
47019,860,75,2024,1124,Qatar Grand Prix,23,2024-12-01,74,Losail International Circuit,Qatar,1124,4755,R,Race,False,19,0,Franco,Colapinto,COL,43,141,Williams,3550,19,0,f
47022,838,75,2024,1124,Qatar Grand Prix,23,2024-12-01,74,Losail International Circuit,Qatar,1124,4755,R,Race,False,20,0,Esteban,Ocon,OCO,31,210,Alpine F1 Team,3545,20,0,f
47025,845,75,2024,1125,Abu Dhabi Grand Prix,24,2024-12-08,66,Yas Marina Circuit,UAE,1125,4764,R,Race,False,1,25,Lando,Norris,NOR,4,117,McLaren,3534,1,58,t
47029,830,75,2024,1125,Abu Dhabi Grand Prix,24,2024-12-08,66,Yas Marina Circuit,UAE,1125,4764,R,Race,False,2,18,Carlos,Sainz,SAI,55,6,Ferrari,3531,3,58,t
47033,843,75,2024,1125,Abu Dhabi Grand Prix,24,2024-12-08,66,Yas Marina Circuit,UAE,1125,4764,R,Race,False,3,15,Charles,Leclerc,LEC,16,6,Ferrari,3532,19,58,t
47036,795,75,2024,1125,Abu Dhabi Grand Prix,24,2024-12-08,66,Yas Marina Circuit,UAE,1125,4764,R,Race,False,4,12,Lewis,Hamilton,HAM,44,48,Mercedes,3535,16,58,t
47038,847,75,2024,1125,Abu Dhabi Grand Prix,24,2024-12-08,66,Yas Marina Circuit,UAE,1125,4764,R,Race,False,5,10,George,Russell,RUS,63,48,Mercedes,3533,6,58,t
47042,831,75,2024,1125,Abu Dhabi Grand Prix,24,2024-12-08,66,Yas Marina Circuit,UAE,1125,4764,R,Race,False,6,8,Max,Verstappen,VER,1,191,Red Bull,3529,4,58,t
47046,841,75,2024,1125,Abu Dhabi Grand Prix,24,2024-12-08,66,Yas Marina Circuit,UAE,1125,4764,R,Race,False,7,6,Pierre,Gasly,GAS,10,210,Alpine F1 Team,3546,5,58,t
47050,807,75,2024,1125,Abu Dhabi Grand Prix,24,2024-12-08,66,Yas Marina Circuit,UAE,1125,4764,R,Race,False,8,4,Nico,Hülkenberg,HUL,27,207,Haas F1 Team,3544,7,58,t
47054,763,75,2024,1125,Abu Dhabi Grand Prix,24,2024-12-08,66,Yas Marina Circuit,UAE,1125,4764,R,Race,False,9,2,Fernando,Alonso,ALO,14,64,Aston Martin,3537,8,58,t
47058,857,75,2024,1125,Abu Dhabi Grand Prix,24,2024-12-08,66,Yas Marina Circuit,UAE,1125,4764,R,Race,False,10,1,Oscar,Piastri,PIA,81,117,McLaren,3536,2,58,t
47062,846,75,2024,1125,Abu Dhabi Grand Prix,24,2024-12-08,66,Yas Marina Circuit,UAE,1125,4764,R,Race,False,11,0,Alexander,Albon,ALB,23,141,Williams,3543,18,57,t
47064,851,75,2024,1125,Abu Dhabi Grand Prix,24,2024-12-08,66,Yas Marina Circuit,UAE,1125,4764,R,Race,False,12,0,Yuki,Tsunoda,TSU,22,211,RB F1 Team,3542,11,57,t
47067,854,75,2024,1125,Abu Dhabi Grand Prix,24,2024-12-08,66,Yas Marina Circuit,UAE,1125,4764,R,Race,False,13,0,Guanyu,Zhou,ZHO,24,182,Sauber,3539,15,57,t
47069,840,75,2024,1125,Abu Dhabi Grand Prix,24,2024-12-08,66,Yas Marina Circuit,UAE,1125,4764,R,Race,False,14,0,Lance,Stroll,STR,18,64,Aston Martin,3538,13,57,t
47072,861,75,2024,1125,Abu Dhabi Grand Prix,24,2024-12-08,66,Yas Marina Circuit,UAE,1125,4764,R,Race,False,15,0,Jack,Doohan,DOO,61,210,Alpine F1 Team,3553,17,57,t
47074,824,75,2024,1125,Abu Dhabi Grand Prix,24,2024-12-08,66,Yas Marina Circuit,UAE,1125,4764,R,Race,False,16,0,Kevin,Magnussen,MAG,20,207,Haas F1 Team,3540,14,57,t
47077,858,75,2024,1125,Abu Dhabi Grand Prix,24,2024-12-08,66,Yas Marina Circuit,UAE,1125,4764,R,Race,False,17,0,Liam,Lawson,LAW,30,211,RB F1 Team,3552,12,55,t
47080,820,75,2024,1125,Abu Dhabi Grand Prix,24,2024-12-08,66,Yas Marina Circuit,UAE,1125,4764,R,Race,False,18,0,Valtteri,Bottas,BOT,77,182,Sauber,3547,9,30,f
47084,860,75,2024,1125,Abu Dhabi Grand Prix,24,2024-12-08,66,Yas Marina Circuit,UAE,1125,4764,R,Race,False,19,0,Franco,Colapinto,COL,43,141,Williams,3550,20,26,f
47086,815,75,2024,1125,Abu Dhabi Grand Prix,24,2024-12-08,66,Yas Marina Circuit,UAE,1125,4764,R,Race,False,20,0,Sergio,Pérez,PER,11,191,Red Bull,3530,10,0,f
48715,845,76,2025,1126,Australian Grand Prix,1,2025-03-16,59,Albert Park Grand Prix Circuit,Australia,1126,4777,R,Race,False,1,25,Lando,Norris,NOR,4,117,McLaren,3563,1,57,t
48716,831,76,2025,1126,Australian Grand Prix,1,2025-03-16,59,Albert Park Grand Prix Circuit,Australia,1126,4777,R,Race,False,2,18,Max,Verstappen,VER,1,191,Red Bull,3569,3,57,t
48717,847,76,2025,1126,Australian Grand Prix,1,2025-03-16,59,Albert Park Grand Prix Circuit,Australia,1126,4777,R,Race,False,3,15,George,Russell,RUS,63,48,Mercedes,3566,4,57,t
48719,863,76,2025,1126,Australian Grand Prix,1,2025-03-16,59,Albert Park Grand Prix Circuit,Australia,1126,4777,R,Race,False,4,12,Andrea Kimi,Antonelli,ANT,12,48,Mercedes,3565,16,57,t
48718,846,76,2025,1126,Australian Grand Prix,1,2025-03-16,59,Albert Park Grand Prix Circuit,Australia,1126,4777,R,Race,False,5,10,Alexander,Albon,ALB,23,141,Williams,3571,6,57,t
48720,840,76,2025,1126,Australian Grand Prix,1,2025-03-16,59,Albert Park Grand Prix Circuit,Australia,1126,4777,R,Race,False,6,8,Lance,Stroll,STR,18,64,Aston Martin,3557,13,57,t
48721,807,76,2025,1126,Australian Grand Prix,1,2025-03-16,59,Albert Park Grand Prix Circuit,Australia,1126,4777,R,Race,False,7,6,Nico,Hülkenberg,HUL,27,182,Sauber,3573,17,57,t
48722,843,76,2025,1126,Australian Grand Prix,1,2025-03-16,59,Albert Park Grand Prix Circuit,Australia,1126,4777,R,Race,False,8,4,Charles,Leclerc,LEC,16,6,Ferrari,3558,7,57,t
48723,857,76,2025,1126,Australian Grand Prix,1,2025-03-16,59,Albert Park Grand Prix Circuit,Australia,1126,4777,R,Race,False,9,2,Oscar,Piastri,PIA,81,117,McLaren,3564,2,57,t
48724,795,76,2025,1126,Australian Grand Prix,1,2025-03-16,59,Albert Park Grand Prix Circuit,Australia,1126,4777,R,Race,False,10,1,Lewis,Hamilton,HAM,44,6,Ferrari,3559,8,57,t
48725,841,76,2025,1126,Australian Grand Prix,1,2025-03-16,59,Albert Park Grand Prix Circuit,Australia,1126,4777,R,Race,False,11,0,Pierre,Gasly,GAS,10,210,Alpine F1 Team,3555,9,57,t
48726,851,76,2025,1126,Australian Grand Prix,1,2025-03-16,59,Albert Park Grand Prix Circuit,Australia,1126,4777,R,Race,False,12,0,Yuki,Tsunoda,TSU,22,211,RB F1 Team,3568,5,57,t
48727,838,76,2025,1126,Australian Grand Prix,1,2025-03-16,59,Albert Park Grand Prix Circuit,Australia,1126,4777,R,Race,False,13,0,Esteban,Ocon,OCO,31,207,Haas F1 Team,3560,19,57,t
48728,859,76,2025,1126,Australian Grand Prix,1,2025-03-16,59,Albert Park Grand Prix Circuit,Australia,1126,4777,R,Race,False,14,0,Oliver,Bearman,BEA,87,207,Haas F1 Team,3561,20,57,t
48729,858,76,2025,1126,Australian Grand Prix,1,2025-03-16,59,Albert Park Grand Prix Circuit,Australia,1126,4777,R,Race,False,15,0,Liam,Lawson,LAW,30,191,Red Bull,3570,18,46,f
48730,862,76,2025,1126,Australian Grand Prix,1,2025-03-16,59,Albert Park Grand Prix Circuit,Australia,1126,4777,R,Race,False,16,0,Gabriel,Bortoleto,BOR,5,182,Sauber,3562,15,45,f
48731,763,76,2025,1126,Australian Grand Prix,1,2025-03-16,59,Albert Park Grand Prix Circuit,Australia,1126,4777,R,Race,False,17,0,Fernando,Alonso,ALO,14,64,Aston Martin,3556,12,32,f
48732,830,76,2025,1126,Australian Grand Prix,1,2025-03-16,59,Albert Park Grand Prix Circuit,Australia,1126,4777,R,Race,False,18,0,Carlos,Sainz,SAI,55,141,Williams,3572,10,0,f
48733,861,76,2025,1126,Australian Grand Prix,1,2025-03-16,59,Albert Park Grand Prix Circuit,Australia,1126,4777,R,Race,False,19,0,Jack,Doohan,DOO,7,210,Alpine F1 Team,3554,14,0,f
48734,864,76,2025,1126,Australian Grand Prix,1,2025-03-16,59,Albert Park Grand Prix Circuit,Australia,1126,4777,R,Race,False,20,0,Isack,Hadjar,HAD,6,211,RB F1 Team,3567,11,0,f
48861,795,76,2025,1127,Chinese Grand Prix,2,2025-03-23,62,Shanghai International Circuit,China,1127,4782,SR,Sprint,True,1,8,Lewis,Hamilton,HAM,44,6,Ferrari,3559,1,19,t
48862,857,76,2025,1127,Chinese Grand Prix,2,2025-03-23,62,Shanghai International Circuit,China,1127,4782,SR,Sprint,True,2,7,Oscar,Piastri,PIA,81,117,McLaren,3564,3,19,t
48863,831,76,2025,1127,Chinese Grand Prix,2,2025-03-23,62,Shanghai International Circuit,China,1127,4782,SR,Sprint,True,3,6,Max,Verstappen,VER,1,191,Red Bull,3569,2,19,t
48864,847,76,2025,1127,Chinese Grand Prix,2,2025-03-23,62,Shanghai International Circuit,China,1127,4782,SR,Sprint,True,4,5,George,Russell,RUS,63,48,Mercedes,3566,5,19,t
48865,843,76,2025,1127,Chinese Grand Prix,2,2025-03-23,62,Shanghai International Circuit,China,1127,4782,SR,Sprint,True,5,4,Charles,Leclerc,LEC,16,6,Ferrari,3558,4,19,t
48866,851,76,2025,1127,Chinese Grand Prix,2,2025-03-23,62,Shanghai International Circuit,China,1127,4782,SR,Sprint,True,6,3,Yuki,Tsunoda,TSU,22,211,RB F1 Team,3568,8,19,t
48867,863,76,2025,1127,Chinese Grand Prix,2,2025-03-23,62,Shanghai International Circuit,China,1127,4782,SR,Sprint,True,7,2,Andrea Kimi,Antonelli,ANT,12,48,Mercedes,3565,7,19,t
48868,845,76,2025,1127,Chinese Grand Prix,2,2025-03-23,62,Shanghai International Circuit,China,1127,4782,SR,Sprint,True,8,1,Lando,Norris,NOR,4,117,McLaren,3563,6,19,t
48869,840,76,2025,1127,Chinese Grand Prix,2,2025-03-23,62,Shanghai International Circuit,China,1127,4782,SR,Sprint,True,9,0,Lance,Stroll,STR,18,64,Aston Martin,3557,10,19,t
48870,763,76,2025,1127,Chinese Grand Prix,2,2025-03-23,62,Shanghai International Circuit,China,1127,4782,SR,Sprint,True,10,0,Fernando,Alonso,ALO,14,64,Aston Martin,3556,11,19,t
48871,846,76,2025,1127,Chinese Grand Prix,2,2025-03-23,62,Shanghai International Circuit,China,1127,4782,SR,Sprint,True,11,0,Alexander,Albon,ALB,23,141,Williams,3571,9,19,t
48872,841,76,2025,1127,Chinese Grand Prix,2,2025-03-23,62,Shanghai International Circuit,China,1127,4782,SR,Sprint,True,12,0,Pierre,Gasly,GAS,10,210,Alpine F1 Team,3555,17,19,t
48873,864,76,2025,1127,Chinese Grand Prix,2,2025-03-23,62,Shanghai International Circuit,China,1127,4782,SR,Sprint,True,13,0,Isack,Hadjar,HAD,6,211,RB F1 Team,3567,15,19,t
48874,858,76,2025,1127,Chinese Grand Prix,2,2025-03-23,62,Shanghai International Circuit,China,1127,4782,SR,Sprint,True,14,0,Liam,Lawson,LAW,30,191,Red Bull,3570,19,19,t
48875,859,76,2025,1127,Chinese Grand Prix,2,2025-03-23,62,Shanghai International Circuit,China,1127,4782,SR,Sprint,True,15,0,Oliver,Bearman,BEA,87,207,Haas F1 Team,3561,12,19,t
48876,838,76,2025,1127,Chinese Grand Prix,2,2025-03-23,62,Shanghai International Circuit,China,1127,4782,SR,Sprint,True,16,0,Esteban,Ocon,OCO,31,207,Haas F1 Team,3560,18,19,t
48877,830,76,2025,1127,Chinese Grand Prix,2,2025-03-23,62,Shanghai International Circuit,China,1127,4782,SR,Sprint,True,17,0,Carlos,Sainz,SAI,55,141,Williams,3572,13,19,t
48878,862,76,2025,1127,Chinese Grand Prix,2,2025-03-23,62,Shanghai International Circuit,China,1127,4782,SR,Sprint,True,18,0,Gabriel,Bortoleto,BOR,5,182,Sauber,3562,14,19,t
48879,807,76,2025,1127,Chinese Grand Prix,2,2025-03-23,62,Shanghai International Circuit,China,1127,4782,SR,Sprint,True,19,0,Nico,Hülkenberg,HUL,27,182,Sauber,3573,20,19,t
48880,861,76,2025,1127,Chinese Grand Prix,2,2025-03-23,62,Shanghai International Circuit,China,1127,4782,SR,Sprint,True,20,0,Jack,Doohan,DOO,7,210,Alpine F1 Team,3554,16,19,t
48971,857,76,2025,1127,Chinese Grand Prix,2,2025-03-23,62,Shanghai International Circuit,China,1127,4786,R,Race,False,1,25,Oscar,Piastri,PIA,81,117,McLaren,3564,1,56,t
48972,845,76,2025,1127,Chinese Grand Prix,2,2025-03-23,62,Shanghai International Circuit,China,1127,4786,R,Race,False,2,18,Lando,Norris,NOR,4,117,McLaren,3563,3,56,t
48973,847,76,2025,1127,Chinese Grand Prix,2,2025-03-23,62,Shanghai International Circuit,China,1127,4786,R,Race,False,3,15,George,Russell,RUS,63,48,Mercedes,3566,2,56,t
48974,831,76,2025,1127,Chinese Grand Prix,2,2025-03-23,62,Shanghai International Circuit,China,1127,4786,R,Race,False,4,12,Max,Verstappen,VER,1,191,Red Bull,3569,4,56,t
48975,838,76,2025,1127,Chinese Grand Prix,2,2025-03-23,62,Shanghai International Circuit,China,1127,4786,R,Race,False,5,10,Esteban,Ocon,OCO,31,207,Haas F1 Team,3560,11,56,t
48976,863,76,2025,1127,Chinese Grand Prix,2,2025-03-23,62,Shanghai International Circuit,China,1127,4786,R,Race,False,6,8,Andrea Kimi,Antonelli,ANT,12,48,Mercedes,3565,8,56,t
48977,846,76,2025,1127,Chinese Grand Prix,2,2025-03-23,62,Shanghai International Circuit,China,1127,4786,R,Race,False,7,6,Alexander,Albon,ALB,23,141,Williams,3571,10,56,t
48978,859,76,2025,1127,Chinese Grand Prix,2,2025-03-23,62,Shanghai International Circuit,China,1127,4786,R,Race,False,8,4,Oliver,Bearman,BEA,87,207,Haas F1 Team,3561,17,56,t
48979,840,76,2025,1127,Chinese Grand Prix,2,2025-03-23,62,Shanghai International Circuit,China,1127,4786,R,Race,False,9,2,Lance,Stroll,STR,18,64,Aston Martin,3557,14,56,t
48980,830,76,2025,1127,Chinese Grand Prix,2,2025-03-23,62,Shanghai International Circuit,China,1127,4786,R,Race,False,10,1,Carlos,Sainz,SAI,55,141,Williams,3572,15,56,t
48981,864,76,2025,1127,Chinese Grand Prix,2,2025-03-23,62,Shanghai International Circuit,China,1127,4786,R,Race,False,11,0,Isack,Hadjar,HAD,6,211,RB F1 Team,3567,7,56,t
48982,858,76,2025,1127,Chinese Grand Prix,2,2025-03-23,62,Shanghai International Circuit,China,1127,4786,R,Race,False,12,0,Liam,Lawson,LAW,30,191,Red Bull,3570,20,56,t
48983,861,76,2025,1127,Chinese Grand Prix,2,2025-03-23,62,Shanghai International Circuit,China,1127,4786,R,Race,False,13,0,Jack,Doohan,DOO,7,210,Alpine F1 Team,3554,18,56,t
48984,862,76,2025,1127,Chinese Grand Prix,2,2025-03-23,62,Shanghai International Circuit,China,1127,4786,R,Race,False,14,0,Gabriel,Bortoleto,BOR,5,182,Sauber,3562,19,55,t
48985,807,76,2025,1127,Chinese Grand Prix,2,2025-03-23,62,Shanghai International Circuit,China,1127,4786,R,Race,False,15,0,Nico,Hülkenberg,HUL,27,182,Sauber,3573,12,55,t
48986,851,76,2025,1127,Chinese Grand Prix,2,2025-03-23,62,Shanghai International Circuit,China,1127,4786,R,Race,False,16,0,Yuki,Tsunoda,TSU,22,211,RB F1 Team,3568,9,55,t
48987,763,76,2025,1127,Chinese Grand Prix,2,2025-03-23,62,Shanghai International Circuit,China,1127,4786,R,Race,False,17,0,Fernando,Alonso,ALO,14,64,Aston Martin,3556,13,4,f
48988,843,76,2025,1127,Chinese Grand Prix,2,2025-03-23,62,Shanghai International Circuit,China,1127,4786,R,Race,False,18,0,Charles,Leclerc,LEC,16,6,Ferrari,3558,6,0,f
48989,795,76,2025,1127,Chinese Grand Prix,2,2025-03-23,62,Shanghai International Circuit,China,1127,4786,R,Race,False,19,0,Lewis,Hamilton,HAM,44,6,Ferrari,3559,5,0,f
48990,841,76,2025,1127,Chinese Grand Prix,2,2025-03-23,62,Shanghai International Circuit,China,1127,4786,R,Race,False,20,0,Pierre,Gasly,GAS,10,210,Alpine F1 Team,3555,16,0,f
49101,831,76,2025,1128,Japanese Grand Prix,3,2025-04-06,53,Suzuka Circuit,Japan,1128,4793,R,Race,False,1,25,Max,Verstappen,VER,1,191,Red Bull,3569,1,53,t
49102,845,76,2025,1128,Japanese Grand Prix,3,2025-04-06,53,Suzuka Circuit,Japan,1128,4793,R,Race,False,2,18,Lando,Norris,NOR,4,117,McLaren,3563,2,53,t
49103,857,76,2025,1128,Japanese Grand Prix,3,2025-04-06,53,Suzuka Circuit,Japan,1128,4793,R,Race,False,3,15,Oscar,Piastri,PIA,81,117,McLaren,3564,3,53,t
49104,843,76,2025,1128,Japanese Grand Prix,3,2025-04-06,53,Suzuka Circuit,Japan,1128,4793,R,Race,False,4,12,Charles,Leclerc,LEC,16,6,Ferrari,3558,4,53,t
49105,847,76,2025,1128,Japanese Grand Prix,3,2025-04-06,53,Suzuka Circuit,Japan,1128,4793,R,Race,False,5,10,George,Russell,RUS,63,48,Mercedes,3566,5,53,t
49106,863,76,2025,1128,Japanese Grand Prix,3,2025-04-06,53,Suzuka Circuit,Japan,1128,4793,R,Race,False,6,8,Andrea Kimi,Antonelli,ANT,12,48,Mercedes,3565,6,53,t
49107,795,76,2025,1128,Japanese Grand Prix,3,2025-04-06,53,Suzuka Circuit,Japan,1128,4793,R,Race,False,7,6,Lewis,Hamilton,HAM,44,6,Ferrari,3559,8,53,t
49108,864,76,2025,1128,Japanese Grand Prix,3,2025-04-06,53,Suzuka Circuit,Japan,1128,4793,R,Race,False,8,4,Isack,Hadjar,HAD,6,211,RB F1 Team,3567,7,53,t
49109,846,76,2025,1128,Japanese Grand Prix,3,2025-04-06,53,Suzuka Circuit,Japan,1128,4793,R,Race,False,9,2,Alexander,Albon,ALB,23,141,Williams,3571,9,53,t
49110,859,76,2025,1128,Japanese Grand Prix,3,2025-04-06,53,Suzuka Circuit,Japan,1128,4793,R,Race,False,10,1,Oliver,Bearman,BEA,87,207,Haas F1 Team,3561,10,53,t
49111,763,76,2025,1128,Japanese Grand Prix,3,2025-04-06,53,Suzuka Circuit,Japan,1128,4793,R,Race,False,11,0,Fernando,Alonso,ALO,14,64,Aston Martin,3556,12,53,t
49112,851,76,2025,1128,Japanese Grand Prix,3,2025-04-06,53,Suzuka Circuit,Japan,1128,4793,R,Race,False,12,0,Yuki,Tsunoda,TSU,22,191,Red Bull,3578,14,53,t
49113,841,76,2025,1128,Japanese Grand Prix,3,2025-04-06,53,Suzuka Circuit,Japan,1128,4793,R,Race,False,13,0,Pierre,Gasly,GAS,10,210,Alpine F1 Team,3555,11,53,t
49114,830,76,2025,1128,Japanese Grand Prix,3,2025-04-06,53,Suzuka Circuit,Japan,1128,4793,R,Race,False,14,0,Carlos,Sainz,SAI,55,141,Williams,3572,15,53,t
49115,861,76,2025,1128,Japanese Grand Prix,3,2025-04-06,53,Suzuka Circuit,Japan,1128,4793,R,Race,False,15,0,Jack,Doohan,DOO,7,210,Alpine F1 Team,3554,19,53,t
49116,807,76,2025,1128,Japanese Grand Prix,3,2025-04-06,53,Suzuka Circuit,Japan,1128,4793,R,Race,False,16,0,Nico,Hülkenberg,HUL,27,182,Sauber,3573,16,53,t
49117,858,76,2025,1128,Japanese Grand Prix,3,2025-04-06,53,Suzuka Circuit,Japan,1128,4793,R,Race,False,17,0,Liam,Lawson,LAW,30,211,RB F1 Team,3577,13,53,t
49118,838,76,2025,1128,Japanese Grand Prix,3,2025-04-06,53,Suzuka Circuit,Japan,1128,4793,R,Race,False,18,0,Esteban,Ocon,OCO,31,207,Haas F1 Team,3560,18,53,t
49119,862,76,2025,1128,Japanese Grand Prix,3,2025-04-06,53,Suzuka Circuit,Japan,1128,4793,R,Race,False,19,0,Gabriel,Bortoleto,BOR,5,182,Sauber,3562,17,53,t
49120,840,76,2025,1128,Japanese Grand Prix,3,2025-04-06,53,Suzuka Circuit,Japan,1128,4793,R,Race,False,20,0,Lance,Stroll,STR,18,64,Aston Martin,3557,20,52,t
49265,857,76,2025,1129,Bahrain Grand Prix,4,2025-04-13,61,Bahrain International Circuit,Bahrain,1129,4800,R,Race,False,1,25,Oscar,Piastri,PIA,81,117,McLaren,3564,1,57,t
49266,847,76,2025,1129,Bahrain Grand Prix,4,2025-04-13,61,Bahrain International Circuit,Bahrain,1129,4800,R,Race,False,2,18,George,Russell,RUS,63,48,Mercedes,3566,3,57,t
49267,845,76,2025,1129,Bahrain Grand Prix,4,2025-04-13,61,Bahrain International Circuit,Bahrain,1129,4800,R,Race,False,3,15,Lando,Norris,NOR,4,117,McLaren,3563,6,57,t
49268,843,76,2025,1129,Bahrain Grand Prix,4,2025-04-13,61,Bahrain International Circuit,Bahrain,1129,4800,R,Race,False,4,12,Charles,Leclerc,LEC,16,6,Ferrari,3558,2,57,t
49269,795,76,2025,1129,Bahrain Grand Prix,4,2025-04-13,61,Bahrain International Circuit,Bahrain,1129,4800,R,Race,False,5,10,Lewis,Hamilton,HAM,44,6,Ferrari,3559,9,57,t
49270,831,76,2025,1129,Bahrain Grand Prix,4,2025-04-13,61,Bahrain International Circuit,Bahrain,1129,4800,R,Race,False,6,8,Max,Verstappen,VER,1,191,Red Bull,3569,7,57,t
49271,841,76,2025,1129,Bahrain Grand Prix,4,2025-04-13,61,Bahrain International Circuit,Bahrain,1129,4800,R,Race,False,7,6,Pierre,Gasly,GAS,10,210,Alpine F1 Team,3555,4,57,t
49272,838,76,2025,1129,Bahrain Grand Prix,4,2025-04-13,61,Bahrain International Circuit,Bahrain,1129,4800,R,Race,False,8,4,Esteban,Ocon,OCO,31,207,Haas F1 Team,3560,14,57,t
49273,851,76,2025,1129,Bahrain Grand Prix,4,2025-04-13,61,Bahrain International Circuit,Bahrain,1129,4800,R,Race,False,9,2,Yuki,Tsunoda,TSU,22,191,Red Bull,3578,10,57,t
49274,859,76,2025,1129,Bahrain Grand Prix,4,2025-04-13,61,Bahrain International Circuit,Bahrain,1129,4800,R,Race,False,10,1,Oliver,Bearman,BEA,87,207,Haas F1 Team,3561,20,57,t
49275,863,76,2025,1129,Bahrain Grand Prix,4,2025-04-13,61,Bahrain International Circuit,Bahrain,1129,4800,R,Race,False,11,0,Andrea Kimi,Antonelli,ANT,12,48,Mercedes,3565,5,57,t
49276,846,76,2025,1129,Bahrain Grand Prix,4,2025-04-13,61,Bahrain International Circuit,Bahrain,1129,4800,R,Race,False,12,0,Alexander,Albon,ALB,23,141,Williams,3571,15,57,t
49277,864,76,2025,1129,Bahrain Grand Prix,4,2025-04-13,61,Bahrain International Circuit,Bahrain,1129,4800,R,Race,False,13,0,Isack,Hadjar,HAD,6,211,RB F1 Team,3567,12,57,t
49278,861,76,2025,1129,Bahrain Grand Prix,4,2025-04-13,61,Bahrain International Circuit,Bahrain,1129,4800,R,Race,False,14,0,Jack,Doohan,DOO,7,210,Alpine F1 Team,3554,11,57,t
49279,763,76,2025,1129,Bahrain Grand Prix,4,2025-04-13,61,Bahrain International Circuit,Bahrain,1129,4800,R,Race,False,15,0,Fernando,Alonso,ALO,14,64,Aston Martin,3556,13,57,t
49280,858,76,2025,1129,Bahrain Grand Prix,4,2025-04-13,61,Bahrain International Circuit,Bahrain,1129,4800,R,Race,False,16,0,Liam,Lawson,LAW,30,211,RB F1 Team,3577,17,57,t
49281,840,76,2025,1129,Bahrain Grand Prix,4,2025-04-13,61,Bahrain International Circuit,Bahrain,1129,4800,R,Race,False,17,0,Lance,Stroll,STR,18,64,Aston Martin,3557,19,57,t
49282,862,76,2025,1129,Bahrain Grand Prix,4,2025-04-13,61,Bahrain International Circuit,Bahrain,1129,4800,R,Race,False,18,0,Gabriel,Bortoleto,BOR,5,182,Sauber,3562,18,57,t
49283,830,76,2025,1129,Bahrain Grand Prix,4,2025-04-13,61,Bahrain International Circuit,Bahrain,1129,4800,R,Race,False,19,0,Carlos,Sainz,SAI,55,141,Williams,3572,8,45,f
49284,807,76,2025,1129,Bahrain Grand Prix,4,2025-04-13,61,Bahrain International Circuit,Bahrain,1129,4800,R,Race,False,20,0,Nico,Hülkenberg,HUL,27,182,Sauber,3573,16,0,f
49472,857,76,2025,1130,Saudi Arabian Grand Prix,5,2025-04-20,75,Jeddah Corniche Circuit,Saudi Arabia,1130,4807,R,Race,False,1,25,Oscar,Piastri,PIA,81,117,McLaren,3564,2,50,t
49473,831,76,2025,1130,Saudi Arabian Grand Prix,5,2025-04-20,75,Jeddah Corniche Circuit,Saudi Arabia,1130,4807,R,Race,False,2,18,Max,Verstappen,VER,1,191,Red Bull,3569,1,50,t
49474,843,76,2025,1130,Saudi Arabian Grand Prix,5,2025-04-20,75,Jeddah Corniche Circuit,Saudi Arabia,1130,4807,R,Race,False,3,15,Charles,Leclerc,LEC,16,6,Ferrari,3558,4,50,t
49475,845,76,2025,1130,Saudi Arabian Grand Prix,5,2025-04-20,75,Jeddah Corniche Circuit,Saudi Arabia,1130,4807,R,Race,False,4,12,Lando,Norris,NOR,4,117,McLaren,3563,10,50,t
49476,847,76,2025,1130,Saudi Arabian Grand Prix,5,2025-04-20,75,Jeddah Corniche Circuit,Saudi Arabia,1130,4807,R,Race,False,5,10,George,Russell,RUS,63,48,Mercedes,3566,3,50,t
49477,863,76,2025,1130,Saudi Arabian Grand Prix,5,2025-04-20,75,Jeddah Corniche Circuit,Saudi Arabia,1130,4807,R,Race,False,6,8,Andrea Kimi,Antonelli,ANT,12,48,Mercedes,3565,5,50,t
49478,795,76,2025,1130,Saudi Arabian Grand Prix,5,2025-04-20,75,Jeddah Corniche Circuit,Saudi Arabia,1130,4807,R,Race,False,7,6,Lewis,Hamilton,HAM,44,6,Ferrari,3559,7,50,t
49479,830,76,2025,1130,Saudi Arabian Grand Prix,5,2025-04-20,75,Jeddah Corniche Circuit,Saudi Arabia,1130,4807,R,Race,False,8,4,Carlos,Sainz,SAI,55,141,Williams,3572,6,50,t
49480,846,76,2025,1130,Saudi Arabian Grand Prix,5,2025-04-20,75,Jeddah Corniche Circuit,Saudi Arabia,1130,4807,R,Race,False,9,2,Alexander,Albon,ALB,23,141,Williams,3571,11,50,t
49481,864,76,2025,1130,Saudi Arabian Grand Prix,5,2025-04-20,75,Jeddah Corniche Circuit,Saudi Arabia,1130,4807,R,Race,False,10,1,Isack,Hadjar,HAD,6,211,RB F1 Team,3567,14,50,t
49482,763,76,2025,1130,Saudi Arabian Grand Prix,5,2025-04-20,75,Jeddah Corniche Circuit,Saudi Arabia,1130,4807,R,Race,False,11,0,Fernando,Alonso,ALO,14,64,Aston Martin,3556,13,50,t
49483,858,76,2025,1130,Saudi Arabian Grand Prix,5,2025-04-20,75,Jeddah Corniche Circuit,Saudi Arabia,1130,4807,R,Race,False,12,0,Liam,Lawson,LAW,30,211,RB F1 Team,3577,12,50,t
49484,859,76,2025,1130,Saudi Arabian Grand Prix,5,2025-04-20,75,Jeddah Corniche Circuit,Saudi Arabia,1130,4807,R,Race,False,13,0,Oliver,Bearman,BEA,87,207,Haas F1 Team,3561,15,50,t
49485,838,76,2025,1130,Saudi Arabian Grand Prix,5,2025-04-20,75,Jeddah Corniche Circuit,Saudi Arabia,1130,4807,R,Race,False,14,0,Esteban,Ocon,OCO,31,207,Haas F1 Team,3560,19,50,t
49486,807,76,2025,1130,Saudi Arabian Grand Prix,5,2025-04-20,75,Jeddah Corniche Circuit,Saudi Arabia,1130,4807,R,Race,False,15,0,Nico,Hülkenberg,HUL,27,182,Sauber,3573,18,49,t
49487,840,76,2025,1130,Saudi Arabian Grand Prix,5,2025-04-20,75,Jeddah Corniche Circuit,Saudi Arabia,1130,4807,R,Race,False,16,0,Lance,Stroll,STR,18,64,Aston Martin,3557,16,49,t
49488,861,76,2025,1130,Saudi Arabian Grand Prix,5,2025-04-20,75,Jeddah Corniche Circuit,Saudi Arabia,1130,4807,R,Race,False,17,0,Jack,Doohan,DOO,7,210,Alpine F1 Team,3554,17,49,t
49489,862,76,2025,1130,Saudi Arabian Grand Prix,5,2025-04-20,75,Jeddah Corniche Circuit,Saudi Arabia,1130,4807,R,Race,False,18,0,Gabriel,Bortoleto,BOR,5,182,Sauber,3562,20,49,t
49490,851,76,2025,1130,Saudi Arabian Grand Prix,5,2025-04-20,75,Jeddah Corniche Circuit,Saudi Arabia,1130,4807,R,Race,False,19,0,Yuki,Tsunoda,TSU,22,191,Red Bull,3578,8,1,f
49491,841,76,2025,1130,Saudi Arabian Grand Prix,5,2025-04-20,75,Jeddah Corniche Circuit,Saudi Arabia,1130,4807,R,Race,False,20,0,Pierre,Gasly,GAS,10,210,Alpine F1 Team,3555,9,0,f
49614,845,76,2025,1131,Miami Grand Prix,6,2025-05-04,76,Miami International Autodrome,USA,1131,4812,SR,Sprint,True,1,8,Lando,Norris,NOR,4,117,McLaren,3563,3,18,t
49615,857,76,2025,1131,Miami Grand Prix,6,2025-05-04,76,Miami International Autodrome,USA,1131,4812,SR,Sprint,True,2,7,Oscar,Piastri,PIA,81,117,McLaren,3564,2,18,t
49616,795,76,2025,1131,Miami Grand Prix,6,2025-05-04,76,Miami International Autodrome,USA,1131,4812,SR,Sprint,True,3,6,Lewis,Hamilton,HAM,44,6,Ferrari,3559,7,18,t
49617,847,76,2025,1131,Miami Grand Prix,6,2025-05-04,76,Miami International Autodrome,USA,1131,4812,SR,Sprint,True,4,5,George,Russell,RUS,63,48,Mercedes,3566,5,18,t
49618,840,76,2025,1131,Miami Grand Prix,6,2025-05-04,76,Miami International Autodrome,USA,1131,4812,SR,Sprint,True,5,4,Lance,Stroll,STR,18,64,Aston Martin,3557,16,18,t
49619,851,76,2025,1131,Miami Grand Prix,6,2025-05-04,76,Miami International Autodrome,USA,1131,4812,SR,Sprint,True,6,3,Yuki,Tsunoda,TSU,22,191,Red Bull,3578,20,18,t
49620,863,76,2025,1131,Miami Grand Prix,6,2025-05-04,76,Miami International Autodrome,USA,1131,4812,SR,Sprint,True,7,2,Andrea Kimi,Antonelli,ANT,12,48,Mercedes,3565,1,18,t
49621,841,76,2025,1131,Miami Grand Prix,6,2025-05-04,76,Miami International Autodrome,USA,1131,4812,SR,Sprint,True,8,1,Pierre,Gasly,GAS,10,210,Alpine F1 Team,3555,13,18,t
49622,807,76,2025,1131,Miami Grand Prix,6,2025-05-04,76,Miami International Autodrome,USA,1131,4812,SR,Sprint,True,9,0,Nico,Hülkenberg,HUL,27,182,Sauber,3573,11,18,t
49623,864,76,2025,1131,Miami Grand Prix,6,2025-05-04,76,Miami International Autodrome,USA,1131,4812,SR,Sprint,True,10,0,Isack,Hadjar,HAD,6,211,RB F1 Team,3567,9,18,t
49624,846,76,2025,1131,Miami Grand Prix,6,2025-05-04,76,Miami International Autodrome,USA,1131,4812,SR,Sprint,True,11,0,Alexander,Albon,ALB,23,141,Williams,3571,8,18,t
49625,838,76,2025,1131,Miami Grand Prix,6,2025-05-04,76,Miami International Autodrome,USA,1131,4812,SR,Sprint,True,12,0,Esteban,Ocon,OCO,31,207,Haas F1 Team,3560,12,18,t
49626,858,76,2025,1131,Miami Grand Prix,6,2025-05-04,76,Miami International Autodrome,USA,1131,4812,SR,Sprint,True,13,0,Liam,Lawson,LAW,30,211,RB F1 Team,3577,14,18,t
49627,859,76,2025,1131,Miami Grand Prix,6,2025-05-04,76,Miami International Autodrome,USA,1131,4812,SR,Sprint,True,14,0,Oliver,Bearman,BEA,87,207,Haas F1 Team,3561,19,18,t
49628,862,76,2025,1131,Miami Grand Prix,6,2025-05-04,76,Miami International Autodrome,USA,1131,4812,SR,Sprint,True,15,0,Gabriel,Bortoleto,BOR,5,182,Sauber,3562,18,18,t
49629,861,76,2025,1131,Miami Grand Prix,6,2025-05-04,76,Miami International Autodrome,USA,1131,4812,SR,Sprint,True,16,0,Jack,Doohan,DOO,7,210,Alpine F1 Team,3554,17,18,t
49630,831,76,2025,1131,Miami Grand Prix,6,2025-05-04,76,Miami International Autodrome,USA,1131,4812,SR,Sprint,True,17,0,Max,Verstappen,VER,1,191,Red Bull,3569,4,18,t
49631,763,76,2025,1131,Miami Grand Prix,6,2025-05-04,76,Miami International Autodrome,USA,1131,4812,SR,Sprint,True,18,0,Fernando,Alonso,ALO,14,64,Aston Martin,3556,10,13,f
49632,830,76,2025,1131,Miami Grand Prix,6,2025-05-04,76,Miami International Autodrome,USA,1131,4812,SR,Sprint,True,19,0,Carlos,Sainz,SAI,55,141,Williams,3572,15,12,f
49633,843,76,2025,1131,Miami Grand Prix,6,2025-05-04,76,Miami International Autodrome,USA,1131,4812,SR,Sprint,True,20,0,Charles,Leclerc,LEC,16,6,Ferrari,3558,6,0,f
49654,857,76,2025,1131,Miami Grand Prix,6,2025-05-04,76,Miami International Autodrome,USA,1131,4816,R,Race,False,1,25,Oscar,Piastri,PIA,81,117,McLaren,3564,4,57,t
49655,845,76,2025,1131,Miami Grand Prix,6,2025-05-04,76,Miami International Autodrome,USA,1131,4816,R,Race,False,2,18,Lando,Norris,NOR,4,117,McLaren,3563,2,57,t
49656,847,76,2025,1131,Miami Grand Prix,6,2025-05-04,76,Miami International Autodrome,USA,1131,4816,R,Race,False,3,15,George,Russell,RUS,63,48,Mercedes,3566,5,57,t
49657,831,76,2025,1131,Miami Grand Prix,6,2025-05-04,76,Miami International Autodrome,USA,1131,4816,R,Race,False,4,12,Max,Verstappen,VER,1,191,Red Bull,3569,1,57,t
49658,846,76,2025,1131,Miami Grand Prix,6,2025-05-04,76,Miami International Autodrome,USA,1131,4816,R,Race,False,5,10,Alexander,Albon,ALB,23,141,Williams,3571,7,57,t
49659,863,76,2025,1131,Miami Grand Prix,6,2025-05-04,76,Miami International Autodrome,USA,1131,4816,R,Race,False,6,8,Andrea Kimi,Antonelli,ANT,12,48,Mercedes,3565,3,57,t
49660,843,76,2025,1131,Miami Grand Prix,6,2025-05-04,76,Miami International Autodrome,USA,1131,4816,R,Race,False,7,6,Charles,Leclerc,LEC,16,6,Ferrari,3558,8,57,t
49661,795,76,2025,1131,Miami Grand Prix,6,2025-05-04,76,Miami International Autodrome,USA,1131,4816,R,Race,False,8,4,Lewis,Hamilton,HAM,44,6,Ferrari,3559,12,57,t
49662,830,76,2025,1131,Miami Grand Prix,6,2025-05-04,76,Miami International Autodrome,USA,1131,4816,R,Race,False,9,2,Carlos,Sainz,SAI,55,141,Williams,3572,6,57,t
49663,851,76,2025,1131,Miami Grand Prix,6,2025-05-04,76,Miami International Autodrome,USA,1131,4816,R,Race,False,10,1,Yuki,Tsunoda,TSU,22,191,Red Bull,3578,10,57,t
49664,864,76,2025,1131,Miami Grand Prix,6,2025-05-04,76,Miami International Autodrome,USA,1131,4816,R,Race,False,11,0,Isack,Hadjar,HAD,6,211,RB F1 Team,3567,11,57,t
49665,838,76,2025,1131,Miami Grand Prix,6,2025-05-04,76,Miami International Autodrome,USA,1131,4816,R,Race,False,12,0,Esteban,Ocon,OCO,31,207,Haas F1 Team,3560,9,57,t
49666,841,76,2025,1131,Miami Grand Prix,6,2025-05-04,76,Miami International Autodrome,USA,1131,4816,R,Race,False,13,0,Pierre,Gasly,GAS,10,210,Alpine F1 Team,3555,20,57,t
49667,807,76,2025,1131,Miami Grand Prix,6,2025-05-04,76,Miami International Autodrome,USA,1131,4816,R,Race,False,14,0,Nico,Hülkenberg,HUL,27,182,Sauber,3573,16,56,t
49668,763,76,2025,1131,Miami Grand Prix,6,2025-05-04,76,Miami International Autodrome,USA,1131,4816,R,Race,False,15,0,Fernando,Alonso,ALO,14,64,Aston Martin,3556,17,56,t
49669,840,76,2025,1131,Miami Grand Prix,6,2025-05-04,76,Miami International Autodrome,USA,1131,4816,R,Race,False,16,0,Lance,Stroll,STR,18,64,Aston Martin,3557,18,56,t
49670,858,76,2025,1131,Miami Grand Prix,6,2025-05-04,76,Miami International Autodrome,USA,1131,4816,R,Race,False,17,0,Liam,Lawson,LAW,30,211,RB F1 Team,3577,15,36,f
49671,862,76,2025,1131,Miami Grand Prix,6,2025-05-04,76,Miami International Autodrome,USA,1131,4816,R,Race,False,18,0,Gabriel,Bortoleto,BOR,5,182,Sauber,3562,13,30,f
49672,859,76,2025,1131,Miami Grand Prix,6,2025-05-04,76,Miami International Autodrome,USA,1131,4816,R,Race,False,19,0,Oliver,Bearman,BEA,87,207,Haas F1 Team,3561,19,27,f
49673,861,76,2025,1131,Miami Grand Prix,6,2025-05-04,76,Miami International Autodrome,USA,1131,4816,R,Race,False,20,0,Jack,Doohan,DOO,7,210,Alpine F1 Team,3554,14,0,f
49751,831,76,2025,1132,Emilia Romagna Grand Prix,7,2025-05-18,45,Autodromo Enzo e Dino Ferrari,Italy,1132,4823,R,Race,False,1,25,Max,Verstappen,VER,1,191,Red Bull,3569,2,63,t
49752,845,76,2025,1132,Emilia Romagna Grand Prix,7,2025-05-18,45,Autodromo Enzo e Dino Ferrari,Italy,1132,4823,R,Race,False,2,18,Lando,Norris,NOR,4,117,McLaren,3563,4,63,t
49753,857,76,2025,1132,Emilia Romagna Grand Prix,7,2025-05-18,45,Autodromo Enzo e Dino Ferrari,Italy,1132,4823,R,Race,False,3,15,Oscar,Piastri,PIA,81,117,McLaren,3564,1,63,t
49754,795,76,2025,1132,Emilia Romagna Grand Prix,7,2025-05-18,45,Autodromo Enzo e Dino Ferrari,Italy,1132,4823,R,Race,False,4,12,Lewis,Hamilton,HAM,44,6,Ferrari,3559,12,63,t
49755,846,76,2025,1132,Emilia Romagna Grand Prix,7,2025-05-18,45,Autodromo Enzo e Dino Ferrari,Italy,1132,4823,R,Race,False,5,10,Alexander,Albon,ALB,23,141,Williams,3571,7,63,t
49756,843,76,2025,1132,Emilia Romagna Grand Prix,7,2025-05-18,45,Autodromo Enzo e Dino Ferrari,Italy,1132,4823,R,Race,False,6,8,Charles,Leclerc,LEC,16,6,Ferrari,3558,11,63,t
49757,847,76,2025,1132,Emilia Romagna Grand Prix,7,2025-05-18,45,Autodromo Enzo e Dino Ferrari,Italy,1132,4823,R,Race,False,7,6,George,Russell,RUS,63,48,Mercedes,3566,3,63,t
49758,830,76,2025,1132,Emilia Romagna Grand Prix,7,2025-05-18,45,Autodromo Enzo e Dino Ferrari,Italy,1132,4823,R,Race,False,8,4,Carlos,Sainz,SAI,55,141,Williams,3572,6,63,t
49759,864,76,2025,1132,Emilia Romagna Grand Prix,7,2025-05-18,45,Autodromo Enzo e Dino Ferrari,Italy,1132,4823,R,Race,False,9,2,Isack,Hadjar,HAD,6,211,RB F1 Team,3567,9,63,t
49760,851,76,2025,1132,Emilia Romagna Grand Prix,7,2025-05-18,45,Autodromo Enzo e Dino Ferrari,Italy,1132,4823,R,Race,False,10,1,Yuki,Tsunoda,TSU,22,191,Red Bull,3578,20,63,t
49761,763,76,2025,1132,Emilia Romagna Grand Prix,7,2025-05-18,45,Autodromo Enzo e Dino Ferrari,Italy,1132,4823,R,Race,False,11,0,Fernando,Alonso,ALO,14,64,Aston Martin,3556,5,63,t
49762,807,76,2025,1132,Emilia Romagna Grand Prix,7,2025-05-18,45,Autodromo Enzo e Dino Ferrari,Italy,1132,4823,R,Race,False,12,0,Nico,Hülkenberg,HUL,27,182,Sauber,3573,17,63,t
49763,841,76,2025,1132,Emilia Romagna Grand Prix,7,2025-05-18,45,Autodromo Enzo e Dino Ferrari,Italy,1132,4823,R,Race,False,13,0,Pierre,Gasly,GAS,10,210,Alpine F1 Team,3555,10,63,t
49764,858,76,2025,1132,Emilia Romagna Grand Prix,7,2025-05-18,45,Autodromo Enzo e Dino Ferrari,Italy,1132,4823,R,Race,False,14,0,Liam,Lawson,LAW,30,211,RB F1 Team,3577,15,63,t
49765,840,76,2025,1132,Emilia Romagna Grand Prix,7,2025-05-18,45,Autodromo Enzo e Dino Ferrari,Italy,1132,4823,R,Race,False,15,0,Lance,Stroll,STR,18,64,Aston Martin,3557,8,63,t
49766,860,76,2025,1132,Emilia Romagna Grand Prix,7,2025-05-18,45,Autodromo Enzo e Dino Ferrari,Italy,1132,4823,R,Race,False,16,0,Franco,Colapinto,COL,43,210,Alpine F1 Team,3613,16,63,t
49767,859,76,2025,1132,Emilia Romagna Grand Prix,7,2025-05-18,45,Autodromo Enzo e Dino Ferrari,Italy,1132,4823,R,Race,False,17,0,Oliver,Bearman,BEA,87,207,Haas F1 Team,3561,19,63,t
49768,862,76,2025,1132,Emilia Romagna Grand Prix,7,2025-05-18,45,Autodromo Enzo e Dino Ferrari,Italy,1132,4823,R,Race,False,18,0,Gabriel,Bortoleto,BOR,5,182,Sauber,3562,14,63,t
49769,863,76,2025,1132,Emilia Romagna Grand Prix,7,2025-05-18,45,Autodromo Enzo e Dino Ferrari,Italy,1132,4823,R,Race,False,19,0,Andrea Kimi,Antonelli,ANT,12,48,Mercedes,3565,13,44,f
49770,838,76,2025,1132,Emilia Romagna Grand Prix,7,2025-05-18,45,Autodromo Enzo e Dino Ferrari,Italy,1132,4823,R,Race,False,20,0,Esteban,Ocon,OCO,31,207,Haas F1 Team,3560,18,27,f
49848,845,76,2025,1133,Monaco Grand Prix,8,2025-05-25,2,Circuit de Monaco,Monaco,1133,4830,R,Race,False,1,25,Lando,Norris,NOR,4,117,McLaren,3563,1,78,t
49849,843,76,2025,1133,Monaco Grand Prix,8,2025-05-25,2,Circuit de Monaco,Monaco,1133,4830,R,Race,False,2,18,Charles,Leclerc,LEC,16,6,Ferrari,3558,2,78,t
49850,857,76,2025,1133,Monaco Grand Prix,8,2025-05-25,2,Circuit de Monaco,Monaco,1133,4830,R,Race,False,3,15,Oscar,Piastri,PIA,81,117,McLaren,3564,3,78,t
49851,831,76,2025,1133,Monaco Grand Prix,8,2025-05-25,2,Circuit de Monaco,Monaco,1133,4830,R,Race,False,4,12,Max,Verstappen,VER,1,191,Red Bull,3569,4,78,t
49852,795,76,2025,1133,Monaco Grand Prix,8,2025-05-25,2,Circuit de Monaco,Monaco,1133,4830,R,Race,False,5,10,Lewis,Hamilton,HAM,44,6,Ferrari,3559,7,78,t
49853,864,76,2025,1133,Monaco Grand Prix,8,2025-05-25,2,Circuit de Monaco,Monaco,1133,4830,R,Race,False,6,8,Isack,Hadjar,HAD,6,211,RB F1 Team,3567,5,77,t
49854,838,76,2025,1133,Monaco Grand Prix,8,2025-05-25,2,Circuit de Monaco,Monaco,1133,4830,R,Race,False,7,6,Esteban,Ocon,OCO,31,207,Haas F1 Team,3560,8,77,t
49855,858,76,2025,1133,Monaco Grand Prix,8,2025-05-25,2,Circuit de Monaco,Monaco,1133,4830,R,Race,False,8,4,Liam,Lawson,LAW,30,211,RB F1 Team,3577,9,77,t
49856,846,76,2025,1133,Monaco Grand Prix,8,2025-05-25,2,Circuit de Monaco,Monaco,1133,4830,R,Race,False,9,2,Alexander,Albon,ALB,23,141,Williams,3571,10,76,t
49857,830,76,2025,1133,Monaco Grand Prix,8,2025-05-25,2,Circuit de Monaco,Monaco,1133,4830,R,Race,False,10,1,Carlos,Sainz,SAI,55,141,Williams,3572,11,76,t
49858,847,76,2025,1133,Monaco Grand Prix,8,2025-05-25,2,Circuit de Monaco,Monaco,1133,4830,R,Race,False,11,0,George,Russell,RUS,63,48,Mercedes,3566,14,76,t
49859,859,76,2025,1133,Monaco Grand Prix,8,2025-05-25,2,Circuit de Monaco,Monaco,1133,4830,R,Race,False,12,0,Oliver,Bearman,BEA,87,207,Haas F1 Team,3561,20,76,t
49860,860,76,2025,1133,Monaco Grand Prix,8,2025-05-25,2,Circuit de Monaco,Monaco,1133,4830,R,Race,False,13,0,Franco,Colapinto,COL,43,210,Alpine F1 Team,3613,18,76,t
49861,862,76,2025,1133,Monaco Grand Prix,8,2025-05-25,2,Circuit de Monaco,Monaco,1133,4830,R,Race,False,14,0,Gabriel,Bortoleto,BOR,5,182,Sauber,3562,16,76,t
49862,840,76,2025,1133,Monaco Grand Prix,8,2025-05-25,2,Circuit de Monaco,Monaco,1133,4830,R,Race,False,15,0,Lance,Stroll,STR,18,64,Aston Martin,3557,19,76,t
49863,807,76,2025,1133,Monaco Grand Prix,8,2025-05-25,2,Circuit de Monaco,Monaco,1133,4830,R,Race,False,16,0,Nico,Hülkenberg,HUL,27,182,Sauber,3573,13,76,t
49864,851,76,2025,1133,Monaco Grand Prix,8,2025-05-25,2,Circuit de Monaco,Monaco,1133,4830,R,Race,False,17,0,Yuki,Tsunoda,TSU,22,191,Red Bull,3578,12,76,t
49865,863,76,2025,1133,Monaco Grand Prix,8,2025-05-25,2,Circuit de Monaco,Monaco,1133,4830,R,Race,False,18,0,Andrea Kimi,Antonelli,ANT,12,48,Mercedes,3565,15,75,t
49866,763,76,2025,1133,Monaco Grand Prix,8,2025-05-25,2,Circuit de Monaco,Monaco,1133,4830,R,Race,False,19,0,Fernando,Alonso,ALO,14,64,Aston Martin,3556,6,36,f
49867,841,76,2025,1133,Monaco Grand Prix,8,2025-05-25,2,Circuit de Monaco,Monaco,1133,4830,R,Race,False,20,0,Pierre,Gasly,GAS,10,210,Alpine F1 Team,3555,17,7,f
49945,857,76,2025,1134,Spanish Grand Prix,9,2025-06-01,56,Circuit de Barcelona-Catalunya,Spain,1134,4837,R,Race,False,1,25,Oscar,Piastri,PIA,81,117,McLaren,3564,1,66,t
49946,845,76,2025,1134,Spanish Grand Prix,9,2025-06-01,56,Circuit de Barcelona-Catalunya,Spain,1134,4837,R,Race,False,2,18,Lando,Norris,NOR,4,117,McLaren,3563,2,66,t
49947,843,76,2025,1134,Spanish Grand Prix,9,2025-06-01,56,Circuit de Barcelona-Catalunya,Spain,1134,4837,R,Race,False,3,15,Charles,Leclerc,LEC,16,6,Ferrari,3558,7,66,t
49948,847,76,2025,1134,Spanish Grand Prix,9,2025-06-01,56,Circuit de Barcelona-Catalunya,Spain,1134,4837,R,Race,False,4,12,George,Russell,RUS,63,48,Mercedes,3566,4,66,t
49949,807,76,2025,1134,Spanish Grand Prix,9,2025-06-01,56,Circuit de Barcelona-Catalunya,Spain,1134,4837,R,Race,False,5,10,Nico,Hülkenberg,HUL,27,182,Sauber,3573,15,66,t
49950,795,76,2025,1134,Spanish Grand Prix,9,2025-06-01,56,Circuit de Barcelona-Catalunya,Spain,1134,4837,R,Race,False,6,8,Lewis,Hamilton,HAM,44,6,Ferrari,3559,5,66,t
49951,864,76,2025,1134,Spanish Grand Prix,9,2025-06-01,56,Circuit de Barcelona-Catalunya,Spain,1134,4837,R,Race,False,7,6,Isack,Hadjar,HAD,6,211,RB F1 Team,3567,9,66,t
49952,841,76,2025,1134,Spanish Grand Prix,9,2025-06-01,56,Circuit de Barcelona-Catalunya,Spain,1134,4837,R,Race,False,8,4,Pierre,Gasly,GAS,10,210,Alpine F1 Team,3555,8,66,t
49953,763,76,2025,1134,Spanish Grand Prix,9,2025-06-01,56,Circuit de Barcelona-Catalunya,Spain,1134,4837,R,Race,False,9,2,Fernando,Alonso,ALO,14,64,Aston Martin,3556,10,66,t
49954,831,76,2025,1134,Spanish Grand Prix,9,2025-06-01,56,Circuit de Barcelona-Catalunya,Spain,1134,4837,R,Race,False,10,1,Max,Verstappen,VER,1,191,Red Bull,3569,3,66,t
49955,858,76,2025,1134,Spanish Grand Prix,9,2025-06-01,56,Circuit de Barcelona-Catalunya,Spain,1134,4837,R,Race,False,11,0,Liam,Lawson,LAW,30,211,RB F1 Team,3577,13,66,t
49956,862,76,2025,1134,Spanish Grand Prix,9,2025-06-01,56,Circuit de Barcelona-Catalunya,Spain,1134,4837,R,Race,False,12,0,Gabriel,Bortoleto,BOR,5,182,Sauber,3562,12,66,t
49957,851,76,2025,1134,Spanish Grand Prix,9,2025-06-01,56,Circuit de Barcelona-Catalunya,Spain,1134,4837,R,Race,False,13,0,Yuki,Tsunoda,TSU,22,191,Red Bull,3578,19,66,t
49958,830,76,2025,1134,Spanish Grand Prix,9,2025-06-01,56,Circuit de Barcelona-Catalunya,Spain,1134,4837,R,Race,False,14,0,Carlos,Sainz,SAI,55,141,Williams,3572,17,66,t
49959,860,76,2025,1134,Spanish Grand Prix,9,2025-06-01,56,Circuit de Barcelona-Catalunya,Spain,1134,4837,R,Race,False,15,0,Franco,Colapinto,COL,43,210,Alpine F1 Team,3613,18,66,t
49960,838,76,2025,1134,Spanish Grand Prix,9,2025-06-01,56,Circuit de Barcelona-Catalunya,Spain,1134,4837,R,Race,False,16,0,Esteban,Ocon,OCO,31,207,Haas F1 Team,3560,16,66,t
49961,859,76,2025,1134,Spanish Grand Prix,9,2025-06-01,56,Circuit de Barcelona-Catalunya,Spain,1134,4837,R,Race,False,17,0,Oliver,Bearman,BEA,87,207,Haas F1 Team,3561,14,66,t
49962,863,76,2025,1134,Spanish Grand Prix,9,2025-06-01,56,Circuit de Barcelona-Catalunya,Spain,1134,4837,R,Race,False,18,0,Andrea Kimi,Antonelli,ANT,12,48,Mercedes,3565,6,53,f
49963,846,76,2025,1134,Spanish Grand Prix,9,2025-06-01,56,Circuit de Barcelona-Catalunya,Spain,1134,4837,R,Race,False,19,0,Alexander,Albon,ALB,23,141,Williams,3571,11,27,f
50041,847,76,2025,1135,Canadian Grand Prix,10,2025-06-15,44,Circuit Gilles Villeneuve,Canada,1135,4844,R,Race,False,1,25,George,Russell,RUS,63,48,Mercedes,3566,1,70,t
50042,831,76,2025,1135,Canadian Grand Prix,10,2025-06-15,44,Circuit Gilles Villeneuve,Canada,1135,4844,R,Race,False,2,18,Max,Verstappen,VER,1,191,Red Bull,3569,2,70,t
50043,863,76,2025,1135,Canadian Grand Prix,10,2025-06-15,44,Circuit Gilles Villeneuve,Canada,1135,4844,R,Race,False,3,15,Andrea Kimi,Antonelli,ANT,12,48,Mercedes,3565,4,70,t
50044,857,76,2025,1135,Canadian Grand Prix,10,2025-06-15,44,Circuit Gilles Villeneuve,Canada,1135,4844,R,Race,False,4,12,Oscar,Piastri,PIA,81,117,McLaren,3564,3,70,t
50045,843,76,2025,1135,Canadian Grand Prix,10,2025-06-15,44,Circuit Gilles Villeneuve,Canada,1135,4844,R,Race,False,5,10,Charles,Leclerc,LEC,16,6,Ferrari,3558,8,70,t
50046,795,76,2025,1135,Canadian Grand Prix,10,2025-06-15,44,Circuit Gilles Villeneuve,Canada,1135,4844,R,Race,False,6,8,Lewis,Hamilton,HAM,44,6,Ferrari,3559,5,70,t
50047,763,76,2025,1135,Canadian Grand Prix,10,2025-06-15,44,Circuit Gilles Villeneuve,Canada,1135,4844,R,Race,False,7,6,Fernando,Alonso,ALO,14,64,Aston Martin,3556,6,70,t
50048,807,76,2025,1135,Canadian Grand Prix,10,2025-06-15,44,Circuit Gilles Villeneuve,Canada,1135,4844,R,Race,False,8,4,Nico,Hülkenberg,HUL,27,182,Sauber,3573,11,70,t
50049,838,76,2025,1135,Canadian Grand Prix,10,2025-06-15,44,Circuit Gilles Villeneuve,Canada,1135,4844,R,Race,False,9,2,Esteban,Ocon,OCO,31,207,Haas F1 Team,3560,14,69,t
50050,830,76,2025,1135,Canadian Grand Prix,10,2025-06-15,44,Circuit Gilles Villeneuve,Canada,1135,4844,R,Race,False,10,1,Carlos,Sainz,SAI,55,141,Williams,3572,16,69,t
50051,859,76,2025,1135,Canadian Grand Prix,10,2025-06-15,44,Circuit Gilles Villeneuve,Canada,1135,4844,R,Race,False,11,0,Oliver,Bearman,BEA,87,207,Haas F1 Team,3561,13,69,t
50052,851,76,2025,1135,Canadian Grand Prix,10,2025-06-15,44,Circuit Gilles Villeneuve,Canada,1135,4844,R,Race,False,12,0,Yuki,Tsunoda,TSU,22,191,Red Bull,3578,18,69,t
50053,860,76,2025,1135,Canadian Grand Prix,10,2025-06-15,44,Circuit Gilles Villeneuve,Canada,1135,4844,R,Race,False,13,0,Franco,Colapinto,COL,43,210,Alpine F1 Team,3613,10,69,t
50054,862,76,2025,1135,Canadian Grand Prix,10,2025-06-15,44,Circuit Gilles Villeneuve,Canada,1135,4844,R,Race,False,14,0,Gabriel,Bortoleto,BOR,5,182,Sauber,3562,15,69,t
50055,841,76,2025,1135,Canadian Grand Prix,10,2025-06-15,44,Circuit Gilles Villeneuve,Canada,1135,4844,R,Race,False,15,0,Pierre,Gasly,GAS,10,210,Alpine F1 Team,3555,20,69,t
50056,864,76,2025,1135,Canadian Grand Prix,10,2025-06-15,44,Circuit Gilles Villeneuve,Canada,1135,4844,R,Race,False,16,0,Isack,Hadjar,HAD,6,211,RB F1 Team,3567,12,69,t
50057,840,76,2025,1135,Canadian Grand Prix,10,2025-06-15,44,Circuit Gilles Villeneuve,Canada,1135,4844,R,Race,False,17,0,Lance,Stroll,STR,18,64,Aston Martin,3557,17,69,t
50058,845,76,2025,1135,Canadian Grand Prix,10,2025-06-15,44,Circuit Gilles Villeneuve,Canada,1135,4844,R,Race,False,18,0,Lando,Norris,NOR,4,117,McLaren,3563,7,66,t
50059,858,76,2025,1135,Canadian Grand Prix,10,2025-06-15,44,Circuit Gilles Villeneuve,Canada,1135,4844,R,Race,False,19,0,Liam,Lawson,LAW,30,211,RB F1 Team,3577,19,53,f
50060,846,76,2025,1135,Canadian Grand Prix,10,2025-06-15,44,Circuit Gilles Villeneuve,Canada,1135,4844,R,Race,False,20,0,Alexander,Albon,ALB,23,141,Williams,3571,9,46,f
50170,845,76,2025,1136,Austrian Grand Prix,11,2025-06-29,34,Red Bull Ring,Austria,1136,4851,R,Race,False,1,25,Lando,Norris,NOR,4,117,McLaren,3563,1,70,t
50171,857,76,2025,1136,Austrian Grand Prix,11,2025-06-29,34,Red Bull Ring,Austria,1136,4851,R,Race,False,2,18,Oscar,Piastri,PIA,81,117,McLaren,3564,3,70,t
50172,843,76,2025,1136,Austrian Grand Prix,11,2025-06-29,34,Red Bull Ring,Austria,1136,4851,R,Race,False,3,15,Charles,Leclerc,LEC,16,6,Ferrari,3558,2,70,t
50173,795,76,2025,1136,Austrian Grand Prix,11,2025-06-29,34,Red Bull Ring,Austria,1136,4851,R,Race,False,4,12,Lewis,Hamilton,HAM,44,6,Ferrari,3559,4,70,t
50174,847,76,2025,1136,Austrian Grand Prix,11,2025-06-29,34,Red Bull Ring,Austria,1136,4851,R,Race,False,5,10,George,Russell,RUS,63,48,Mercedes,3566,5,70,t
50175,858,76,2025,1136,Austrian Grand Prix,11,2025-06-29,34,Red Bull Ring,Austria,1136,4851,R,Race,False,6,8,Liam,Lawson,LAW,30,211,RB F1 Team,3577,6,70,t
50176,763,76,2025,1136,Austrian Grand Prix,11,2025-06-29,34,Red Bull Ring,Austria,1136,4851,R,Race,False,7,6,Fernando,Alonso,ALO,14,64,Aston Martin,3556,11,69,t
50177,862,76,2025,1136,Austrian Grand Prix,11,2025-06-29,34,Red Bull Ring,Austria,1136,4851,R,Race,False,8,4,Gabriel,Bortoleto,BOR,5,182,Sauber,3562,8,69,t
50178,807,76,2025,1136,Austrian Grand Prix,11,2025-06-29,34,Red Bull Ring,Austria,1136,4851,R,Race,False,9,2,Nico,Hülkenberg,HUL,27,182,Sauber,3573,20,69,t
50179,838,76,2025,1136,Austrian Grand Prix,11,2025-06-29,34,Red Bull Ring,Austria,1136,4851,R,Race,False,10,1,Esteban,Ocon,OCO,31,207,Haas F1 Team,3560,17,69,t
50180,859,76,2025,1136,Austrian Grand Prix,11,2025-06-29,34,Red Bull Ring,Austria,1136,4851,R,Race,False,11,0,Oliver,Bearman,BEA,87,207,Haas F1 Team,3561,15,69,t
50181,864,76,2025,1136,Austrian Grand Prix,11,2025-06-29,34,Red Bull Ring,Austria,1136,4851,R,Race,False,12,0,Isack,Hadjar,HAD,6,211,RB F1 Team,3567,13,69,t
50182,841,76,2025,1136,Austrian Grand Prix,11,2025-06-29,34,Red Bull Ring,Austria,1136,4851,R,Race,False,13,0,Pierre,Gasly,GAS,10,210,Alpine F1 Team,3555,10,69,t
50183,840,76,2025,1136,Austrian Grand Prix,11,2025-06-29,34,Red Bull Ring,Austria,1136,4851,R,Race,False,14,0,Lance,Stroll,STR,18,64,Aston Martin,3557,16,69,t
50184,860,76,2025,1136,Austrian Grand Prix,11,2025-06-29,34,Red Bull Ring,Austria,1136,4851,R,Race,False,15,0,Franco,Colapinto,COL,43,210,Alpine F1 Team,3613,14,69,t
50185,851,76,2025,1136,Austrian Grand Prix,11,2025-06-29,34,Red Bull Ring,Austria,1136,4851,R,Race,False,16,0,Yuki,Tsunoda,TSU,22,191,Red Bull,3578,18,68,t
50186,846,76,2025,1136,Austrian Grand Prix,11,2025-06-29,34,Red Bull Ring,Austria,1136,4851,R,Race,False,17,0,Alexander,Albon,ALB,23,141,Williams,3571,12,15,f
50187,831,76,2025,1136,Austrian Grand Prix,11,2025-06-29,34,Red Bull Ring,Austria,1136,4851,R,Race,False,18,0,Max,Verstappen,VER,1,191,Red Bull,3569,7,0,f
50188,863,76,2025,1136,Austrian Grand Prix,11,2025-06-29,34,Red Bull Ring,Austria,1136,4851,R,Race,False,19,0,Andrea Kimi,Antonelli,ANT,12,48,Mercedes,3565,9,0,f
50189,830,76,2025,1136,Austrian Grand Prix,11,2025-06-29,34,Red Bull Ring,Austria,1136,4851,R,Race,False,20,0,Carlos,Sainz,SAI,55,141,Williams,3572,19,0,f
50299,845,76,2025,1137,British Grand Prix,12,2025-07-06,1,Silverstone Circuit,UK,1137,4858,R,Race,False,1,25,Lando,Norris,NOR,4,117,McLaren,3563,3,52,t
50300,857,76,2025,1137,British Grand Prix,12,2025-07-06,1,Silverstone Circuit,UK,1137,4858,R,Race,False,2,18,Oscar,Piastri,PIA,81,117,McLaren,3564,2,52,t
50301,807,76,2025,1137,British Grand Prix,12,2025-07-06,1,Silverstone Circuit,UK,1137,4858,R,Race,False,3,15,Nico,Hülkenberg,HUL,27,182,Sauber,3573,19,52,t
50302,795,76,2025,1137,British Grand Prix,12,2025-07-06,1,Silverstone Circuit,UK,1137,4858,R,Race,False,4,12,Lewis,Hamilton,HAM,44,6,Ferrari,3559,5,52,t
50303,831,76,2025,1137,British Grand Prix,12,2025-07-06,1,Silverstone Circuit,UK,1137,4858,R,Race,False,5,10,Max,Verstappen,VER,1,191,Red Bull,3569,1,52,t
50304,841,76,2025,1137,British Grand Prix,12,2025-07-06,1,Silverstone Circuit,UK,1137,4858,R,Race,False,6,8,Pierre,Gasly,GAS,10,210,Alpine F1 Team,3555,8,52,t
50305,840,76,2025,1137,British Grand Prix,12,2025-07-06,1,Silverstone Circuit,UK,1137,4858,R,Race,False,7,6,Lance,Stroll,STR,18,64,Aston Martin,3557,17,52,t
50306,846,76,2025,1137,British Grand Prix,12,2025-07-06,1,Silverstone Circuit,UK,1137,4858,R,Race,False,8,4,Alexander,Albon,ALB,23,141,Williams,3571,13,52,t
50307,763,76,2025,1137,British Grand Prix,12,2025-07-06,1,Silverstone Circuit,UK,1137,4858,R,Race,False,9,2,Fernando,Alonso,ALO,14,64,Aston Martin,3556,7,52,t
50308,847,76,2025,1137,British Grand Prix,12,2025-07-06,1,Silverstone Circuit,UK,1137,4858,R,Race,False,10,1,George,Russell,RUS,63,48,Mercedes,3566,4,52,t
50309,859,76,2025,1137,British Grand Prix,12,2025-07-06,1,Silverstone Circuit,UK,1137,4858,R,Race,False,11,0,Oliver,Bearman,BEA,87,207,Haas F1 Team,3561,18,52,t
50310,830,76,2025,1137,British Grand Prix,12,2025-07-06,1,Silverstone Circuit,UK,1137,4858,R,Race,False,12,0,Carlos,Sainz,SAI,55,141,Williams,3572,9,52,t
50311,838,76,2025,1137,British Grand Prix,12,2025-07-06,1,Silverstone Circuit,UK,1137,4858,R,Race,False,13,0,Esteban,Ocon,OCO,31,207,Haas F1 Team,3560,14,52,t
50312,843,76,2025,1137,British Grand Prix,12,2025-07-06,1,Silverstone Circuit,UK,1137,4858,R,Race,False,14,0,Charles,Leclerc,LEC,16,6,Ferrari,3558,6,52,t
50313,851,76,2025,1137,British Grand Prix,12,2025-07-06,1,Silverstone Circuit,UK,1137,4858,R,Race,False,15,0,Yuki,Tsunoda,TSU,22,191,Red Bull,3578,11,51,t
50314,863,76,2025,1137,British Grand Prix,12,2025-07-06,1,Silverstone Circuit,UK,1137,4858,R,Race,False,16,0,Andrea Kimi,Antonelli,ANT,12,48,Mercedes,3565,10,23,f
50315,864,76,2025,1137,British Grand Prix,12,2025-07-06,1,Silverstone Circuit,UK,1137,4858,R,Race,False,17,0,Isack,Hadjar,HAD,6,211,RB F1 Team,3567,12,17,f
50316,862,76,2025,1137,British Grand Prix,12,2025-07-06,1,Silverstone Circuit,UK,1137,4858,R,Race,False,18,0,Gabriel,Bortoleto,BOR,5,182,Sauber,3562,16,3,f
50317,858,76,2025,1137,British Grand Prix,12,2025-07-06,1,Silverstone Circuit,UK,1137,4858,R,Race,False,19,0,Liam,Lawson,LAW,30,211,RB F1 Team,3577,15,0,f
50318,860,76,2025,1137,British Grand Prix,12,2025-07-06,1,Silverstone Circuit,UK,1137,4858,R,Race,False,20,0,Franco,Colapinto,COL,43,210,Alpine F1 Team,3613,20,0,f
50396,831,76,2025,1138,Belgian Grand Prix,13,2025-07-27,5,Circuit de Spa-Francorchamps,Belgium,1138,4863,SR,Sprint,True,1,8,Max,Verstappen,VER,1,191,Red Bull,3569,2,15,t
50397,857,76,2025,1138,Belgian Grand Prix,13,2025-07-27,5,Circuit de Spa-Francorchamps,Belgium,1138,4863,SR,Sprint,True,2,7,Oscar,Piastri,PIA,81,117,McLaren,3564,1,15,t
50398,845,76,2025,1138,Belgian Grand Prix,13,2025-07-27,5,Circuit de Spa-Francorchamps,Belgium,1138,4863,SR,Sprint,True,3,6,Lando,Norris,NOR,4,117,McLaren,3563,3,15,t
50399,843,76,2025,1138,Belgian Grand Prix,13,2025-07-27,5,Circuit de Spa-Francorchamps,Belgium,1138,4863,SR,Sprint,True,4,5,Charles,Leclerc,LEC,16,6,Ferrari,3558,4,15,t
50400,838,76,2025,1138,Belgian Grand Prix,13,2025-07-27,5,Circuit de Spa-Francorchamps,Belgium,1138,4863,SR,Sprint,True,5,4,Esteban,Ocon,OCO,31,207,Haas F1 Team,3560,5,15,t
50401,830,76,2025,1138,Belgian Grand Prix,13,2025-07-27,5,Circuit de Spa-Francorchamps,Belgium,1138,4863,SR,Sprint,True,6,3,Carlos,Sainz,SAI,55,141,Williams,3572,6,15,t
50402,859,76,2025,1138,Belgian Grand Prix,13,2025-07-27,5,Circuit de Spa-Francorchamps,Belgium,1138,4863,SR,Sprint,True,7,2,Oliver,Bearman,BEA,87,207,Haas F1 Team,3561,7,15,t
50403,864,76,2025,1138,Belgian Grand Prix,13,2025-07-27,5,Circuit de Spa-Francorchamps,Belgium,1138,4863,SR,Sprint,True,8,1,Isack,Hadjar,HAD,6,211,RB F1 Team,3567,9,15,t
50404,862,76,2025,1138,Belgian Grand Prix,13,2025-07-27,5,Circuit de Spa-Francorchamps,Belgium,1138,4863,SR,Sprint,True,9,0,Gabriel,Bortoleto,BOR,5,182,Sauber,3562,10,15,t
50405,858,76,2025,1138,Belgian Grand Prix,13,2025-07-27,5,Circuit de Spa-Francorchamps,Belgium,1138,4863,SR,Sprint,True,10,0,Liam,Lawson,LAW,30,211,RB F1 Team,3577,11,15,t
50406,851,76,2025,1138,Belgian Grand Prix,13,2025-07-27,5,Circuit de Spa-Francorchamps,Belgium,1138,4863,SR,Sprint,True,11,0,Yuki,Tsunoda,TSU,22,191,Red Bull,3578,12,15,t
50407,847,76,2025,1138,Belgian Grand Prix,13,2025-07-27,5,Circuit de Spa-Francorchamps,Belgium,1138,4863,SR,Sprint,True,12,0,George,Russell,RUS,63,48,Mercedes,3566,13,15,t
50408,840,76,2025,1138,Belgian Grand Prix,13,2025-07-27,5,Circuit de Spa-Francorchamps,Belgium,1138,4863,SR,Sprint,True,13,0,Lance,Stroll,STR,18,64,Aston Martin,3557,15,15,t
50409,763,76,2025,1138,Belgian Grand Prix,13,2025-07-27,5,Circuit de Spa-Francorchamps,Belgium,1138,4863,SR,Sprint,True,14,0,Fernando,Alonso,ALO,14,64,Aston Martin,3556,14,15,t
50410,795,76,2025,1138,Belgian Grand Prix,13,2025-07-27,5,Circuit de Spa-Francorchamps,Belgium,1138,4863,SR,Sprint,True,15,0,Lewis,Hamilton,HAM,44,6,Ferrari,3559,18,15,t
50411,846,76,2025,1138,Belgian Grand Prix,13,2025-07-27,5,Circuit de Spa-Francorchamps,Belgium,1138,4863,SR,Sprint,True,16,0,Alexander,Albon,ALB,23,141,Williams,3571,16,15,t
50412,863,76,2025,1138,Belgian Grand Prix,13,2025-07-27,5,Circuit de Spa-Francorchamps,Belgium,1138,4863,SR,Sprint,True,17,0,Andrea Kimi,Antonelli,ANT,12,48,Mercedes,3565,19,15,t
50413,807,76,2025,1138,Belgian Grand Prix,13,2025-07-27,5,Circuit de Spa-Francorchamps,Belgium,1138,4863,SR,Sprint,True,18,0,Nico,Hülkenberg,HUL,27,182,Sauber,3573,17,15,t
50414,860,76,2025,1138,Belgian Grand Prix,13,2025-07-27,5,Circuit de Spa-Francorchamps,Belgium,1138,4863,SR,Sprint,True,19,0,Franco,Colapinto,COL,43,210,Alpine F1 Team,3613,20,15,t
50415,841,76,2025,1138,Belgian Grand Prix,13,2025-07-27,5,Circuit de Spa-Francorchamps,Belgium,1138,4863,SR,Sprint,True,20,0,Pierre,Gasly,GAS,10,210,Alpine F1 Team,3555,8,12,f
50461,857,76,2025,1138,Belgian Grand Prix,13,2025-07-27,5,Circuit de Spa-Francorchamps,Belgium,1138,4867,R,Race,False,1,25,Oscar,Piastri,PIA,81,117,McLaren,3564,2,44,t
50462,845,76,2025,1138,Belgian Grand Prix,13,2025-07-27,5,Circuit de Spa-Francorchamps,Belgium,1138,4867,R,Race,False,2,18,Lando,Norris,NOR,4,117,McLaren,3563,1,44,t
50463,843,76,2025,1138,Belgian Grand Prix,13,2025-07-27,5,Circuit de Spa-Francorchamps,Belgium,1138,4867,R,Race,False,3,15,Charles,Leclerc,LEC,16,6,Ferrari,3558,3,44,t
50464,831,76,2025,1138,Belgian Grand Prix,13,2025-07-27,5,Circuit de Spa-Francorchamps,Belgium,1138,4867,R,Race,False,4,12,Max,Verstappen,VER,1,191,Red Bull,3569,4,44,t
50465,847,76,2025,1138,Belgian Grand Prix,13,2025-07-27,5,Circuit de Spa-Francorchamps,Belgium,1138,4867,R,Race,False,5,10,George,Russell,RUS,63,48,Mercedes,3566,6,44,t
50466,846,76,2025,1138,Belgian Grand Prix,13,2025-07-27,5,Circuit de Spa-Francorchamps,Belgium,1138,4867,R,Race,False,6,8,Alexander,Albon,ALB,23,141,Williams,3571,5,44,t
50467,795,76,2025,1138,Belgian Grand Prix,13,2025-07-27,5,Circuit de Spa-Francorchamps,Belgium,1138,4867,R,Race,False,7,6,Lewis,Hamilton,HAM,44,6,Ferrari,3559,18,44,t
50468,858,76,2025,1138,Belgian Grand Prix,13,2025-07-27,5,Circuit de Spa-Francorchamps,Belgium,1138,4867,R,Race,False,8,4,Liam,Lawson,LAW,30,211,RB F1 Team,3577,9,44,t
50469,862,76,2025,1138,Belgian Grand Prix,13,2025-07-27,5,Circuit de Spa-Francorchamps,Belgium,1138,4867,R,Race,False,9,2,Gabriel,Bortoleto,BOR,5,182,Sauber,3562,10,44,t
50470,841,76,2025,1138,Belgian Grand Prix,13,2025-07-27,5,Circuit de Spa-Francorchamps,Belgium,1138,4867,R,Race,False,10,1,Pierre,Gasly,GAS,10,210,Alpine F1 Team,3555,13,44,t
50471,859,76,2025,1138,Belgian Grand Prix,13,2025-07-27,5,Circuit de Spa-Francorchamps,Belgium,1138,4867,R,Race,False,11,0,Oliver,Bearman,BEA,87,207,Haas F1 Team,3561,12,44,t
50472,807,76,2025,1138,Belgian Grand Prix,13,2025-07-27,5,Circuit de Spa-Francorchamps,Belgium,1138,4867,R,Race,False,12,0,Nico,Hülkenberg,HUL,27,182,Sauber,3573,14,44,t
50473,851,76,2025,1138,Belgian Grand Prix,13,2025-07-27,5,Circuit de Spa-Francorchamps,Belgium,1138,4867,R,Race,False,13,0,Yuki,Tsunoda,TSU,22,191,Red Bull,3578,7,44,t
50474,840,76,2025,1138,Belgian Grand Prix,13,2025-07-27,5,Circuit de Spa-Francorchamps,Belgium,1138,4867,R,Race,False,14,0,Lance,Stroll,STR,18,64,Aston Martin,3557,16,44,t
50475,838,76,2025,1138,Belgian Grand Prix,13,2025-07-27,5,Circuit de Spa-Francorchamps,Belgium,1138,4867,R,Race,False,15,0,Esteban,Ocon,OCO,31,207,Haas F1 Team,3560,11,44,t
50476,863,76,2025,1138,Belgian Grand Prix,13,2025-07-27,5,Circuit de Spa-Francorchamps,Belgium,1138,4867,R,Race,False,16,0,Andrea Kimi,Antonelli,ANT,12,48,Mercedes,3565,19,44,t
50477,763,76,2025,1138,Belgian Grand Prix,13,2025-07-27,5,Circuit de Spa-Francorchamps,Belgium,1138,4867,R,Race,False,17,0,Fernando,Alonso,ALO,14,64,Aston Martin,3556,20,44,t
50478,830,76,2025,1138,Belgian Grand Prix,13,2025-07-27,5,Circuit de Spa-Francorchamps,Belgium,1138,4867,R,Race,False,18,0,Carlos,Sainz,SAI,55,141,Williams,3572,17,44,t
50479,860,76,2025,1138,Belgian Grand Prix,13,2025-07-27,5,Circuit de Spa-Francorchamps,Belgium,1138,4867,R,Race,False,19,0,Franco,Colapinto,COL,43,210,Alpine F1 Team,3613,15,44,t
50480,864,76,2025,1138,Belgian Grand Prix,13,2025-07-27,5,Circuit de Spa-Francorchamps,Belgium,1138,4867,R,Race,False,20,0,Isack,Hadjar,HAD,6,211,RB F1 Team,3567,8,43,t
50558,845,76,2025,1139,Hungarian Grand Prix,14,2025-08-03,52,Hungaroring,Hungary,1139,4874,R,Race,False,1,25,Lando,Norris,NOR,4,117,McLaren,3563,3,70,t
50559,857,76,2025,1139,Hungarian Grand Prix,14,2025-08-03,52,Hungaroring,Hungary,1139,4874,R,Race,False,2,18,Oscar,Piastri,PIA,81,117,McLaren,3564,2,70,t
50560,847,76,2025,1139,Hungarian Grand Prix,14,2025-08-03,52,Hungaroring,Hungary,1139,4874,R,Race,False,3,15,George,Russell,RUS,63,48,Mercedes,3566,4,70,t
50561,843,76,2025,1139,Hungarian Grand Prix,14,2025-08-03,52,Hungaroring,Hungary,1139,4874,R,Race,False,4,12,Charles,Leclerc,LEC,16,6,Ferrari,3558,1,70,t
50562,763,76,2025,1139,Hungarian Grand Prix,14,2025-08-03,52,Hungaroring,Hungary,1139,4874,R,Race,False,5,10,Fernando,Alonso,ALO,14,64,Aston Martin,3556,5,70,t
50563,862,76,2025,1139,Hungarian Grand Prix,14,2025-08-03,52,Hungaroring,Hungary,1139,4874,R,Race,False,6,8,Gabriel,Bortoleto,BOR,5,182,Sauber,3562,7,70,t
50564,840,76,2025,1139,Hungarian Grand Prix,14,2025-08-03,52,Hungaroring,Hungary,1139,4874,R,Race,False,7,6,Lance,Stroll,STR,18,64,Aston Martin,3557,6,70,t
50565,858,76,2025,1139,Hungarian Grand Prix,14,2025-08-03,52,Hungaroring,Hungary,1139,4874,R,Race,False,8,4,Liam,Lawson,LAW,30,211,RB F1 Team,3577,9,70,t
50566,831,76,2025,1139,Hungarian Grand Prix,14,2025-08-03,52,Hungaroring,Hungary,1139,4874,R,Race,False,9,2,Max,Verstappen,VER,1,191,Red Bull,3569,8,70,t
50567,863,76,2025,1139,Hungarian Grand Prix,14,2025-08-03,52,Hungaroring,Hungary,1139,4874,R,Race,False,10,1,Andrea Kimi,Antonelli,ANT,12,48,Mercedes,3565,15,69,t
50568,864,76,2025,1139,Hungarian Grand Prix,14,2025-08-03,52,Hungaroring,Hungary,1139,4874,R,Race,False,11,0,Isack,Hadjar,HAD,6,211,RB F1 Team,3567,10,69,t
50569,795,76,2025,1139,Hungarian Grand Prix,14,2025-08-03,52,Hungaroring,Hungary,1139,4874,R,Race,False,12,0,Lewis,Hamilton,HAM,44,6,Ferrari,3559,12,69,t
50570,807,76,2025,1139,Hungarian Grand Prix,14,2025-08-03,52,Hungaroring,Hungary,1139,4874,R,Race,False,13,0,Nico,Hülkenberg,HUL,27,182,Sauber,3573,18,69,t
50571,830,76,2025,1139,Hungarian Grand Prix,14,2025-08-03,52,Hungaroring,Hungary,1139,4874,R,Race,False,14,0,Carlos,Sainz,SAI,55,141,Williams,3572,13,69,t
50572,846,76,2025,1139,Hungarian Grand Prix,14,2025-08-03,52,Hungaroring,Hungary,1139,4874,R,Race,False,15,0,Alexander,Albon,ALB,23,141,Williams,3571,19,69,t
50573,838,76,2025,1139,Hungarian Grand Prix,14,2025-08-03,52,Hungaroring,Hungary,1139,4874,R,Race,False,16,0,Esteban,Ocon,OCO,31,207,Haas F1 Team,3560,17,69,t
50574,851,76,2025,1139,Hungarian Grand Prix,14,2025-08-03,52,Hungaroring,Hungary,1139,4874,R,Race,False,17,0,Yuki,Tsunoda,TSU,22,191,Red Bull,3578,20,69,t
50575,860,76,2025,1139,Hungarian Grand Prix,14,2025-08-03,52,Hungaroring,Hungary,1139,4874,R,Race,False,18,0,Franco,Colapinto,COL,43,210,Alpine F1 Team,3613,14,69,t
50576,841,76,2025,1139,Hungarian Grand Prix,14,2025-08-03,52,Hungaroring,Hungary,1139,4874,R,Race,False,19,0,Pierre,Gasly,GAS,10,210,Alpine F1 Team,3555,16,69,t
50577,859,76,2025,1139,Hungarian Grand Prix,14,2025-08-03,52,Hungaroring,Hungary,1139,4874,R,Race,False,20,0,Oliver,Bearman,BEA,87,207,Haas F1 Team,3561,11,48,f
50655,857,76,2025,1140,Dutch Grand Prix,15,2025-08-31,11,Circuit Park Zandvoort,Netherlands,1140,4881,R,Race,False,1,25,Oscar,Piastri,PIA,81,117,McLaren,3564,1,72,t
50656,831,76,2025,1140,Dutch Grand Prix,15,2025-08-31,11,Circuit Park Zandvoort,Netherlands,1140,4881,R,Race,False,2,18,Max,Verstappen,VER,1,191,Red Bull,3569,3,72,t
50657,864,76,2025,1140,Dutch Grand Prix,15,2025-08-31,11,Circuit Park Zandvoort,Netherlands,1140,4881,R,Race,False,3,15,Isack,Hadjar,HAD,6,211,RB F1 Team,3567,4,72,t
50658,847,76,2025,1140,Dutch Grand Prix,15,2025-08-31,11,Circuit Park Zandvoort,Netherlands,1140,4881,R,Race,False,4,12,George,Russell,RUS,63,48,Mercedes,3566,5,72,t
50659,846,76,2025,1140,Dutch Grand Prix,15,2025-08-31,11,Circuit Park Zandvoort,Netherlands,1140,4881,R,Race,False,5,10,Alexander,Albon,ALB,23,141,Williams,3571,15,72,t
50660,859,76,2025,1140,Dutch Grand Prix,15,2025-08-31,11,Circuit Park Zandvoort,Netherlands,1140,4881,R,Race,False,6,8,Oliver,Bearman,BEA,87,207,Haas F1 Team,3561,20,72,t
50661,840,76,2025,1140,Dutch Grand Prix,15,2025-08-31,11,Circuit Park Zandvoort,Netherlands,1140,4881,R,Race,False,7,6,Lance,Stroll,STR,18,64,Aston Martin,3557,19,72,t
50662,763,76,2025,1140,Dutch Grand Prix,15,2025-08-31,11,Circuit Park Zandvoort,Netherlands,1140,4881,R,Race,False,8,4,Fernando,Alonso,ALO,14,64,Aston Martin,3556,10,72,t
50663,851,76,2025,1140,Dutch Grand Prix,15,2025-08-31,11,Circuit Park Zandvoort,Netherlands,1140,4881,R,Race,False,9,2,Yuki,Tsunoda,TSU,22,191,Red Bull,3578,12,72,t
50664,838,76,2025,1140,Dutch Grand Prix,15,2025-08-31,11,Circuit Park Zandvoort,Netherlands,1140,4881,R,Race,False,10,1,Esteban,Ocon,OCO,31,207,Haas F1 Team,3560,18,72,t
50665,860,76,2025,1140,Dutch Grand Prix,15,2025-08-31,11,Circuit Park Zandvoort,Netherlands,1140,4881,R,Race,False,11,0,Franco,Colapinto,COL,43,210,Alpine F1 Team,3613,16,72,t
50666,858,76,2025,1140,Dutch Grand Prix,15,2025-08-31,11,Circuit Park Zandvoort,Netherlands,1140,4881,R,Race,False,12,0,Liam,Lawson,LAW,30,211,RB F1 Team,3577,8,72,t
50667,830,76,2025,1140,Dutch Grand Prix,15,2025-08-31,11,Circuit Park Zandvoort,Netherlands,1140,4881,R,Race,False,13,0,Carlos,Sainz,SAI,55,141,Williams,3572,9,72,t
50668,807,76,2025,1140,Dutch Grand Prix,15,2025-08-31,11,Circuit Park Zandvoort,Netherlands,1140,4881,R,Race,False,14,0,Nico,Hülkenberg,HUL,27,182,Sauber,3573,17,72,t
50669,862,76,2025,1140,Dutch Grand Prix,15,2025-08-31,11,Circuit Park Zandvoort,Netherlands,1140,4881,R,Race,False,15,0,Gabriel,Bortoleto,BOR,5,182,Sauber,3562,13,72,t
50670,863,76,2025,1140,Dutch Grand Prix,15,2025-08-31,11,Circuit Park Zandvoort,Netherlands,1140,4881,R,Race,False,16,0,Andrea Kimi,Antonelli,ANT,12,48,Mercedes,3565,11,72,t
50671,841,76,2025,1140,Dutch Grand Prix,15,2025-08-31,11,Circuit Park Zandvoort,Netherlands,1140,4881,R,Race,False,17,0,Pierre,Gasly,GAS,10,210,Alpine F1 Team,3555,14,72,t
50672,845,76,2025,1140,Dutch Grand Prix,15,2025-08-31,11,Circuit Park Zandvoort,Netherlands,1140,4881,R,Race,False,18,0,Lando,Norris,NOR,4,117,McLaren,3563,2,64,t
50673,843,76,2025,1140,Dutch Grand Prix,15,2025-08-31,11,Circuit Park Zandvoort,Netherlands,1140,4881,R,Race,False,19,0,Charles,Leclerc,LEC,16,6,Ferrari,3558,6,52,f
50674,795,76,2025,1140,Dutch Grand Prix,15,2025-08-31,11,Circuit Park Zandvoort,Netherlands,1140,4881,R,Race,False,20,0,Lewis,Hamilton,HAM,44,6,Ferrari,3559,7,22,f
50720,831,76,2025,1141,Italian Grand Prix,16,2025-09-07,7,Autodromo Nazionale di Monza,Italy,1141,4888,R,Race,False,1,25,Max,Verstappen,VER,1,191,Red Bull,3569,1,53,t
50721,845,76,2025,1141,Italian Grand Prix,16,2025-09-07,7,Autodromo Nazionale di Monza,Italy,1141,4888,R,Race,False,2,18,Lando,Norris,NOR,4,117,McLaren,3563,2,53,t
50722,857,76,2025,1141,Italian Grand Prix,16,2025-09-07,7,Autodromo Nazionale di Monza,Italy,1141,4888,R,Race,False,3,15,Oscar,Piastri,PIA,81,117,McLaren,3564,3,53,t
50723,843,76,2025,1141,Italian Grand Prix,16,2025-09-07,7,Autodromo Nazionale di Monza,Italy,1141,4888,R,Race,False,4,12,Charles,Leclerc,LEC,16,6,Ferrari,3558,4,53,t
50724,847,76,2025,1141,Italian Grand Prix,16,2025-09-07,7,Autodromo Nazionale di Monza,Italy,1141,4888,R,Race,False,5,10,George,Russell,RUS,63,48,Mercedes,3566,5,53,t
50725,795,76,2025,1141,Italian Grand Prix,16,2025-09-07,7,Autodromo Nazionale di Monza,Italy,1141,4888,R,Race,False,6,8,Lewis,Hamilton,HAM,44,6,Ferrari,3559,10,53,t
50726,846,76,2025,1141,Italian Grand Prix,16,2025-09-07,7,Autodromo Nazionale di Monza,Italy,1141,4888,R,Race,False,7,6,Alexander,Albon,ALB,23,141,Williams,3571,14,53,t
50727,862,76,2025,1141,Italian Grand Prix,16,2025-09-07,7,Autodromo Nazionale di Monza,Italy,1141,4888,R,Race,False,8,4,Gabriel,Bortoleto,BOR,5,182,Sauber,3562,7,53,t
50728,863,76,2025,1141,Italian Grand Prix,16,2025-09-07,7,Autodromo Nazionale di Monza,Italy,1141,4888,R,Race,False,9,2,Andrea Kimi,Antonelli,ANT,12,48,Mercedes,3565,6,53,t
50729,864,76,2025,1141,Italian Grand Prix,16,2025-09-07,7,Autodromo Nazionale di Monza,Italy,1141,4888,R,Race,False,10,1,Isack,Hadjar,HAD,6,211,RB F1 Team,3567,19,53,t
50730,830,76,2025,1141,Italian Grand Prix,16,2025-09-07,7,Autodromo Nazionale di Monza,Italy,1141,4888,R,Race,False,11,0,Carlos,Sainz,SAI,55,141,Williams,3572,13,53,t
50731,859,76,2025,1141,Italian Grand Prix,16,2025-09-07,7,Autodromo Nazionale di Monza,Italy,1141,4888,R,Race,False,12,0,Oliver,Bearman,BEA,87,207,Haas F1 Team,3561,11,53,t
50732,851,76,2025,1141,Italian Grand Prix,16,2025-09-07,7,Autodromo Nazionale di Monza,Italy,1141,4888,R,Race,False,13,0,Yuki,Tsunoda,TSU,22,191,Red Bull,3578,9,53,t
50733,858,76,2025,1141,Italian Grand Prix,16,2025-09-07,7,Autodromo Nazionale di Monza,Italy,1141,4888,R,Race,False,14,0,Liam,Lawson,LAW,30,211,RB F1 Team,3577,18,53,t
50734,838,76,2025,1141,Italian Grand Prix,16,2025-09-07,7,Autodromo Nazionale di Monza,Italy,1141,4888,R,Race,False,15,0,Esteban,Ocon,OCO,31,207,Haas F1 Team,3560,15,52,t
50735,841,76,2025,1141,Italian Grand Prix,16,2025-09-07,7,Autodromo Nazionale di Monza,Italy,1141,4888,R,Race,False,16,0,Pierre,Gasly,GAS,10,210,Alpine F1 Team,3555,20,52,t
50736,860,76,2025,1141,Italian Grand Prix,16,2025-09-07,7,Autodromo Nazionale di Monza,Italy,1141,4888,R,Race,False,17,0,Franco,Colapinto,COL,43,210,Alpine F1 Team,3613,17,52,t
50737,840,76,2025,1141,Italian Grand Prix,16,2025-09-07,7,Autodromo Nazionale di Monza,Italy,1141,4888,R,Race,False,18,0,Lance,Stroll,STR,18,64,Aston Martin,3557,16,52,t
50738,763,76,2025,1141,Italian Grand Prix,16,2025-09-07,7,Autodromo Nazionale di Monza,Italy,1141,4888,R,Race,False,19,0,Fernando,Alonso,ALO,14,64,Aston Martin,3556,8,24,f
50739,807,76,2025,1141,Italian Grand Prix,16,2025-09-07,7,Autodromo Nazionale di Monza,Italy,1141,4888,R,Race,False,20,0,Nico,Hülkenberg,HUL,27,182,Sauber,3573,12,0,f
50785,831,76,2025,1142,Azerbaijan Grand Prix,17,2025-09-21,71,Baku City Circuit,Azerbaijan,1142,4895,R,Race,False,1,25,Max,Verstappen,VER,1,191,Red Bull,3569,1,51,t
50786,847,76,2025,1142,Azerbaijan Grand Prix,17,2025-09-21,71,Baku City Circuit,Azerbaijan,1142,4895,R,Race,False,2,18,George,Russell,RUS,63,48,Mercedes,3566,5,51,t
50787,830,76,2025,1142,Azerbaijan Grand Prix,17,2025-09-21,71,Baku City Circuit,Azerbaijan,1142,4895,R,Race,False,3,15,Carlos,Sainz,SAI,55,141,Williams,3572,2,51,t
50788,863,76,2025,1142,Azerbaijan Grand Prix,17,2025-09-21,71,Baku City Circuit,Azerbaijan,1142,4895,R,Race,False,4,12,Andrea Kimi,Antonelli,ANT,12,48,Mercedes,3565,4,51,t
50789,858,76,2025,1142,Azerbaijan Grand Prix,17,2025-09-21,71,Baku City Circuit,Azerbaijan,1142,4895,R,Race,False,5,10,Liam,Lawson,LAW,30,211,RB F1 Team,3577,3,51,t
50790,851,76,2025,1142,Azerbaijan Grand Prix,17,2025-09-21,71,Baku City Circuit,Azerbaijan,1142,4895,R,Race,False,6,8,Yuki,Tsunoda,TSU,22,191,Red Bull,3578,6,51,t
50791,845,76,2025,1142,Azerbaijan Grand Prix,17,2025-09-21,71,Baku City Circuit,Azerbaijan,1142,4895,R,Race,False,7,6,Lando,Norris,NOR,4,117,McLaren,3563,7,51,t
50792,795,76,2025,1142,Azerbaijan Grand Prix,17,2025-09-21,71,Baku City Circuit,Azerbaijan,1142,4895,R,Race,False,8,4,Lewis,Hamilton,HAM,44,6,Ferrari,3559,12,51,t
50793,843,76,2025,1142,Azerbaijan Grand Prix,17,2025-09-21,71,Baku City Circuit,Azerbaijan,1142,4895,R,Race,False,9,2,Charles,Leclerc,LEC,16,6,Ferrari,3558,10,51,t
50794,864,76,2025,1142,Azerbaijan Grand Prix,17,2025-09-21,71,Baku City Circuit,Azerbaijan,1142,4895,R,Race,False,10,1,Isack,Hadjar,HAD,6,211,RB F1 Team,3567,8,51,t
50795,862,76,2025,1142,Azerbaijan Grand Prix,17,2025-09-21,71,Baku City Circuit,Azerbaijan,1142,4895,R,Race,False,11,0,Gabriel,Bortoleto,BOR,5,182,Sauber,3562,13,51,t
50796,859,76,2025,1142,Azerbaijan Grand Prix,17,2025-09-21,71,Baku City Circuit,Azerbaijan,1142,4895,R,Race,False,12,0,Oliver,Bearman,BEA,87,207,Haas F1 Team,3561,15,51,t
50797,846,76,2025,1142,Azerbaijan Grand Prix,17,2025-09-21,71,Baku City Circuit,Azerbaijan,1142,4895,R,Race,False,13,0,Alexander,Albon,ALB,23,141,Williams,3571,19,51,t
50798,838,76,2025,1142,Azerbaijan Grand Prix,17,2025-09-21,71,Baku City Circuit,Azerbaijan,1142,4895,R,Race,False,14,0,Esteban,Ocon,OCO,31,207,Haas F1 Team,3560,20,51,t
50799,763,76,2025,1142,Azerbaijan Grand Prix,17,2025-09-21,71,Baku City Circuit,Azerbaijan,1142,4895,R,Race,False,15,0,Fernando,Alonso,ALO,14,64,Aston Martin,3556,11,51,t
50800,807,76,2025,1142,Azerbaijan Grand Prix,17,2025-09-21,71,Baku City Circuit,Azerbaijan,1142,4895,R,Race,False,16,0,Nico,Hülkenberg,HUL,27,182,Sauber,3573,17,51,t
50801,840,76,2025,1142,Azerbaijan Grand Prix,17,2025-09-21,71,Baku City Circuit,Azerbaijan,1142,4895,R,Race,False,17,0,Lance,Stroll,STR,18,64,Aston Martin,3557,14,51,t
50802,841,76,2025,1142,Azerbaijan Grand Prix,17,2025-09-21,71,Baku City Circuit,Azerbaijan,1142,4895,R,Race,False,18,0,Pierre,Gasly,GAS,10,210,Alpine F1 Team,3555,18,50,t
50803,860,76,2025,1142,Azerbaijan Grand Prix,17,2025-09-21,71,Baku City Circuit,Azerbaijan,1142,4895,R,Race,False,19,0,Franco,Colapinto,COL,43,210,Alpine F1 Team,3613,16,50,t
50804,857,76,2025,1142,Azerbaijan Grand Prix,17,2025-09-21,71,Baku City Circuit,Azerbaijan,1142,4895,R,Race,False,20,0,Oscar,Piastri,PIA,81,117,McLaren,3564,9,0,f
50884,847,76,2025,1143,Singapore Grand Prix,18,2025-10-05,65,Marina Bay Street Circuit,Singapore,1143,4902,R,Race,False,1,25,George,Russell,RUS,63,48,Mercedes,3566,1,62,t
50885,831,76,2025,1143,Singapore Grand Prix,18,2025-10-05,65,Marina Bay Street Circuit,Singapore,1143,4902,R,Race,False,2,18,Max,Verstappen,VER,1,191,Red Bull,3569,2,62,t
50886,845,76,2025,1143,Singapore Grand Prix,18,2025-10-05,65,Marina Bay Street Circuit,Singapore,1143,4902,R,Race,False,3,15,Lando,Norris,NOR,4,117,McLaren,3563,5,62,t
50887,857,76,2025,1143,Singapore Grand Prix,18,2025-10-05,65,Marina Bay Street Circuit,Singapore,1143,4902,R,Race,False,4,12,Oscar,Piastri,PIA,81,117,McLaren,3564,3,62,t
50888,863,76,2025,1143,Singapore Grand Prix,18,2025-10-05,65,Marina Bay Street Circuit,Singapore,1143,4902,R,Race,False,5,10,Andrea Kimi,Antonelli,ANT,12,48,Mercedes,3565,4,62,t
50889,843,76,2025,1143,Singapore Grand Prix,18,2025-10-05,65,Marina Bay Street Circuit,Singapore,1143,4902,R,Race,False,6,8,Charles,Leclerc,LEC,16,6,Ferrari,3558,7,62,t
50891,763,76,2025,1143,Singapore Grand Prix,18,2025-10-05,65,Marina Bay Street Circuit,Singapore,1143,4902,R,Race,False,7,6,Fernando,Alonso,ALO,14,64,Aston Martin,3556,10,62,t
50890,795,76,2025,1143,Singapore Grand Prix,18,2025-10-05,65,Marina Bay Street Circuit,Singapore,1143,4902,R,Race,False,8,4,Lewis,Hamilton,HAM,44,6,Ferrari,3559,6,62,t
50892,859,76,2025,1143,Singapore Grand Prix,18,2025-10-05,65,Marina Bay Street Circuit,Singapore,1143,4902,R,Race,False,9,2,Oliver,Bearman,BEA,87,207,Haas F1 Team,3561,9,62,t
50893,830,76,2025,1143,Singapore Grand Prix,18,2025-10-05,65,Marina Bay Street Circuit,Singapore,1143,4902,R,Race,False,10,1,Carlos,Sainz,SAI,55,141,Williams,3572,18,61,t
50894,864,76,2025,1143,Singapore Grand Prix,18,2025-10-05,65,Marina Bay Street Circuit,Singapore,1143,4902,R,Race,False,11,0,Isack,Hadjar,HAD,6,211,RB F1 Team,3567,8,61,t
50895,851,76,2025,1143,Singapore Grand Prix,18,2025-10-05,65,Marina Bay Street Circuit,Singapore,1143,4902,R,Race,False,12,0,Yuki,Tsunoda,TSU,22,191,Red Bull,3578,13,61,t
50896,840,76,2025,1143,Singapore Grand Prix,18,2025-10-05,65,Marina Bay Street Circuit,Singapore,1143,4902,R,Race,False,13,0,Lance,Stroll,STR,18,64,Aston Martin,3557,15,61,t
50897,846,76,2025,1143,Singapore Grand Prix,18,2025-10-05,65,Marina Bay Street Circuit,Singapore,1143,4902,R,Race,False,14,0,Alexander,Albon,ALB,23,141,Williams,3571,20,61,t
50898,858,76,2025,1143,Singapore Grand Prix,18,2025-10-05,65,Marina Bay Street Circuit,Singapore,1143,4902,R,Race,False,15,0,Liam,Lawson,LAW,30,211,RB F1 Team,3577,12,61,t
50899,860,76,2025,1143,Singapore Grand Prix,18,2025-10-05,65,Marina Bay Street Circuit,Singapore,1143,4902,R,Race,False,16,0,Franco,Colapinto,COL,43,210,Alpine F1 Team,3613,16,61,t
50900,862,76,2025,1143,Singapore Grand Prix,18,2025-10-05,65,Marina Bay Street Circuit,Singapore,1143,4902,R,Race,False,17,0,Gabriel,Bortoleto,BOR,5,182,Sauber,3562,14,61,t
50901,838,76,2025,1143,Singapore Grand Prix,18,2025-10-05,65,Marina Bay Street Circuit,Singapore,1143,4902,R,Race,False,18,0,Esteban,Ocon,OCO,31,207,Haas F1 Team,3560,17,61,t
50902,841,76,2025,1143,Singapore Grand Prix,18,2025-10-05,65,Marina Bay Street Circuit,Singapore,1143,4902,R,Race,False,19,0,Pierre,Gasly,GAS,10,210,Alpine F1 Team,3555,19,61,t
50903,807,76,2025,1143,Singapore Grand Prix,18,2025-10-05,65,Marina Bay Street Circuit,Singapore,1143,4902,R,Race,False,20,0,Nico,Hülkenberg,HUL,27,182,Sauber,3573,11,61,t
50981,831,76,2025,1144,United States Grand Prix,19,2025-10-19,69,Circuit of the Americas,USA,1144,4907,SR,Sprint,True,1,8,Max,Verstappen,VER,1,191,Red Bull,3569,1,19,t
50982,847,76,2025,1144,United States Grand Prix,19,2025-10-19,69,Circuit of the Americas,USA,1144,4907,SR,Sprint,True,2,7,George,Russell,RUS,63,48,Mercedes,3566,5,19,t
50983,830,76,2025,1144,United States Grand Prix,19,2025-10-19,69,Circuit of the Americas,USA,1144,4907,SR,Sprint,True,3,6,Carlos,Sainz,SAI,55,141,Williams,3572,7,19,t
50984,795,76,2025,1144,United States Grand Prix,19,2025-10-19,69,Circuit of the Americas,USA,1144,4907,SR,Sprint,True,4,5,Lewis,Hamilton,HAM,44,6,Ferrari,3559,8,19,t
50985,843,76,2025,1144,United States Grand Prix,19,2025-10-19,69,Circuit of the Americas,USA,1144,4907,SR,Sprint,True,5,4,Charles,Leclerc,LEC,16,6,Ferrari,3558,10,19,t
50986,846,76,2025,1144,United States Grand Prix,19,2025-10-19,69,Circuit of the Americas,USA,1144,4907,SR,Sprint,True,6,3,Alexander,Albon,ALB,23,141,Williams,3571,9,19,t
50987,851,76,2025,1144,United States Grand Prix,19,2025-10-19,69,Circuit of the Americas,USA,1144,4907,SR,Sprint,True,7,2,Yuki,Tsunoda,TSU,22,191,Red Bull,3578,18,19,t
50988,863,76,2025,1144,United States Grand Prix,19,2025-10-19,69,Circuit of the Americas,USA,1144,4907,SR,Sprint,True,8,1,Andrea Kimi,Antonelli,ANT,12,48,Mercedes,3565,11,19,t
50989,858,76,2025,1144,United States Grand Prix,19,2025-10-19,69,Circuit of the Americas,USA,1144,4907,SR,Sprint,True,9,0,Liam,Lawson,LAW,30,211,RB F1 Team,3577,15,19,t
50990,841,76,2025,1144,United States Grand Prix,19,2025-10-19,69,Circuit of the Americas,USA,1144,4907,SR,Sprint,True,10,0,Pierre,Gasly,GAS,10,210,Alpine F1 Team,3555,13,19,t
50991,862,76,2025,1144,United States Grand Prix,19,2025-10-19,69,Circuit of the Americas,USA,1144,4907,SR,Sprint,True,11,0,Gabriel,Bortoleto,BOR,5,182,Sauber,3562,20,19,t
50992,864,76,2025,1144,United States Grand Prix,19,2025-10-19,69,Circuit of the Americas,USA,1144,4907,SR,Sprint,True,12,0,Isack,Hadjar,HAD,6,211,RB F1 Team,3567,12,19,t
50993,807,76,2025,1144,United States Grand Prix,19,2025-10-19,69,Circuit of the Americas,USA,1144,4907,SR,Sprint,True,13,0,Nico,Hülkenberg,HUL,27,182,Sauber,3573,4,19,t
50994,860,76,2025,1144,United States Grand Prix,19,2025-10-19,69,Circuit of the Americas,USA,1144,4907,SR,Sprint,True,14,0,Franco,Colapinto,COL,43,210,Alpine F1 Team,3613,17,19,t
50995,859,76,2025,1144,United States Grand Prix,19,2025-10-19,69,Circuit of the Americas,USA,1144,4907,SR,Sprint,True,15,0,Oliver,Bearman,BEA,87,207,Haas F1 Team,3561,16,19,t
50996,838,76,2025,1144,United States Grand Prix,19,2025-10-19,69,Circuit of the Americas,USA,1144,4907,SR,Sprint,True,16,0,Esteban,Ocon,OCO,31,207,Haas F1 Team,3560,19,15,f
50997,840,76,2025,1144,United States Grand Prix,19,2025-10-19,69,Circuit of the Americas,USA,1144,4907,SR,Sprint,True,17,0,Lance,Stroll,STR,18,64,Aston Martin,3557,14,15,f
50998,845,76,2025,1144,United States Grand Prix,19,2025-10-19,69,Circuit of the Americas,USA,1144,4907,SR,Sprint,True,18,0,Lando,Norris,NOR,4,117,McLaren,3563,2,0,f
50999,857,76,2025,1144,United States Grand Prix,19,2025-10-19,69,Circuit of the Americas,USA,1144,4907,SR,Sprint,True,19,0,Oscar,Piastri,PIA,81,117,McLaren,3564,3,0,f
51000,763,76,2025,1144,United States Grand Prix,19,2025-10-19,69,Circuit of the Americas,USA,1144,4907,SR,Sprint,True,20,0,Fernando,Alonso,ALO,14,64,Aston Martin,3556,6,0,f
51046,831,76,2025,1144,United States Grand Prix,19,2025-10-19,69,Circuit of the Americas,USA,1144,4950,R,Race,False,1,25,Max,Verstappen,VER,1,191,Red Bull,3569,1,56,t
51047,845,76,2025,1144,United States Grand Prix,19,2025-10-19,69,Circuit of the Americas,USA,1144,4950,R,Race,False,2,18,Lando,Norris,NOR,4,117,McLaren,3563,2,56,t
51048,843,76,2025,1144,United States Grand Prix,19,2025-10-19,69,Circuit of the Americas,USA,1144,4950,R,Race,False,3,15,Charles,Leclerc,LEC,16,6,Ferrari,3558,3,56,t
51049,795,76,2025,1144,United States Grand Prix,19,2025-10-19,69,Circuit of the Americas,USA,1144,4950,R,Race,False,4,12,Lewis,Hamilton,HAM,44,6,Ferrari,3559,5,56,t
51050,857,76,2025,1144,United States Grand Prix,19,2025-10-19,69,Circuit of the Americas,USA,1144,4950,R,Race,False,5,10,Oscar,Piastri,PIA,81,117,McLaren,3564,6,56,t
51051,847,76,2025,1144,United States Grand Prix,19,2025-10-19,69,Circuit of the Americas,USA,1144,4950,R,Race,False,6,8,George,Russell,RUS,63,48,Mercedes,3566,4,56,t
51052,851,76,2025,1144,United States Grand Prix,19,2025-10-19,69,Circuit of the Americas,USA,1144,4950,R,Race,False,7,6,Yuki,Tsunoda,TSU,22,191,Red Bull,3578,13,56,t
51053,807,76,2025,1144,United States Grand Prix,19,2025-10-19,69,Circuit of the Americas,USA,1144,4950,R,Race,False,8,4,Nico,Hülkenberg,HUL,27,182,Sauber,3573,11,56,t
51054,859,76,2025,1144,United States Grand Prix,19,2025-10-19,69,Circuit of the Americas,USA,1144,4950,R,Race,False,9,2,Oliver,Bearman,BEA,87,207,Haas F1 Team,3561,8,56,t
51055,763,76,2025,1144,United States Grand Prix,19,2025-10-19,69,Circuit of the Americas,USA,1144,4950,R,Race,False,10,1,Fernando,Alonso,ALO,14,64,Aston Martin,3556,10,56,t
51056,858,76,2025,1144,United States Grand Prix,19,2025-10-19,69,Circuit of the Americas,USA,1144,4950,R,Race,False,11,0,Liam,Lawson,LAW,30,211,RB F1 Team,3577,12,56,t
51057,840,76,2025,1144,United States Grand Prix,19,2025-10-19,69,Circuit of the Americas,USA,1144,4950,R,Race,False,12,0,Lance,Stroll,STR,18,64,Aston Martin,3557,19,56,t
51058,863,76,2025,1144,United States Grand Prix,19,2025-10-19,69,Circuit of the Americas,USA,1144,4950,R,Race,False,13,0,Andrea Kimi,Antonelli,ANT,12,48,Mercedes,3565,7,56,t
51059,846,76,2025,1144,United States Grand Prix,19,2025-10-19,69,Circuit of the Americas,USA,1144,4950,R,Race,False,14,0,Alexander,Albon,ALB,23,141,Williams,3571,18,56,t
51060,838,76,2025,1144,United States Grand Prix,19,2025-10-19,69,Circuit of the Americas,USA,1144,4950,R,Race,False,15,0,Esteban,Ocon,OCO,31,207,Haas F1 Team,3560,17,56,t
51061,864,76,2025,1144,United States Grand Prix,19,2025-10-19,69,Circuit of the Americas,USA,1144,4950,R,Race,False,16,0,Isack,Hadjar,HAD,6,211,RB F1 Team,3567,20,56,t
51062,860,76,2025,1144,United States Grand Prix,19,2025-10-19,69,Circuit of the Americas,USA,1144,4950,R,Race,False,17,0,Franco,Colapinto,COL,43,210,Alpine F1 Team,3613,15,55,t
51063,862,76,2025,1144,United States Grand Prix,19,2025-10-19,69,Circuit of the Americas,USA,1144,4950,R,Race,False,18,0,Gabriel,Bortoleto,BOR,5,182,Sauber,3562,16,55,t
51064,841,76,2025,1144,United States Grand Prix,19,2025-10-19,69,Circuit of the Americas,USA,1144,4950,R,Race,False,19,0,Pierre,Gasly,GAS,10,210,Alpine F1 Team,3555,14,55,t
51065,830,76,2025,1144,United States Grand Prix,19,2025-10-19,69,Circuit of the Americas,USA,1144,4950,R,Race,False,20,0,Carlos,Sainz,SAI,55,141,Williams,3572,9,5,f
51111,845,76,2025,1145,Mexico City Grand Prix,20,2025-10-26,23,Autódromo Hermanos Rodríguez,Mexico,1145,4916,R,Race,False,1,25,Lando,Norris,NOR,4,117,McLaren,3563,1,71,t
51112,843,76,2025,1145,Mexico City Grand Prix,20,2025-10-26,23,Autódromo Hermanos Rodríguez,Mexico,1145,4916,R,Race,False,2,18,Charles,Leclerc,LEC,16,6,Ferrari,3558,2,71,t
51113,831,76,2025,1145,Mexico City Grand Prix,20,2025-10-26,23,Autódromo Hermanos Rodríguez,Mexico,1145,4916,R,Race,False,3,15,Max,Verstappen,VER,1,191,Red Bull,3569,5,71,t
51114,859,76,2025,1145,Mexico City Grand Prix,20,2025-10-26,23,Autódromo Hermanos Rodríguez,Mexico,1145,4916,R,Race,False,4,12,Oliver,Bearman,BEA,87,207,Haas F1 Team,3561,9,71,t
51115,857,76,2025,1145,Mexico City Grand Prix,20,2025-10-26,23,Autódromo Hermanos Rodríguez,Mexico,1145,4916,R,Race,False,5,10,Oscar,Piastri,PIA,81,117,McLaren,3564,7,71,t
51116,863,76,2025,1145,Mexico City Grand Prix,20,2025-10-26,23,Autódromo Hermanos Rodríguez,Mexico,1145,4916,R,Race,False,6,8,Andrea Kimi,Antonelli,ANT,12,48,Mercedes,3565,6,71,t
51117,847,76,2025,1145,Mexico City Grand Prix,20,2025-10-26,23,Autódromo Hermanos Rodríguez,Mexico,1145,4916,R,Race,False,7,6,George,Russell,RUS,63,48,Mercedes,3566,4,71,t
51118,795,76,2025,1145,Mexico City Grand Prix,20,2025-10-26,23,Autódromo Hermanos Rodríguez,Mexico,1145,4916,R,Race,False,8,4,Lewis,Hamilton,HAM,44,6,Ferrari,3559,3,71,t
51119,838,76,2025,1145,Mexico City Grand Prix,20,2025-10-26,23,Autódromo Hermanos Rodríguez,Mexico,1145,4916,R,Race,False,9,2,Esteban,Ocon,OCO,31,207,Haas F1 Team,3560,11,71,t
51120,862,76,2025,1145,Mexico City Grand Prix,20,2025-10-26,23,Autódromo Hermanos Rodríguez,Mexico,1145,4916,R,Race,False,10,1,Gabriel,Bortoleto,BOR,5,182,Sauber,3562,16,71,t
51121,851,76,2025,1145,Mexico City Grand Prix,20,2025-10-26,23,Autódromo Hermanos Rodríguez,Mexico,1145,4916,R,Race,False,11,0,Yuki,Tsunoda,TSU,22,191,Red Bull,3578,10,71,t
51122,846,76,2025,1145,Mexico City Grand Prix,20,2025-10-26,23,Autódromo Hermanos Rodríguez,Mexico,1145,4916,R,Race,False,12,0,Alexander,Albon,ALB,23,141,Williams,3571,17,70,t
51123,864,76,2025,1145,Mexico City Grand Prix,20,2025-10-26,23,Autódromo Hermanos Rodríguez,Mexico,1145,4916,R,Race,False,13,0,Isack,Hadjar,HAD,6,211,RB F1 Team,3567,8,70,t
51124,840,76,2025,1145,Mexico City Grand Prix,20,2025-10-26,23,Autódromo Hermanos Rodríguez,Mexico,1145,4916,R,Race,False,14,0,Lance,Stroll,STR,18,64,Aston Martin,3557,19,70,t
51125,841,76,2025,1145,Mexico City Grand Prix,20,2025-10-26,23,Autódromo Hermanos Rodríguez,Mexico,1145,4916,R,Race,False,15,0,Pierre,Gasly,GAS,10,210,Alpine F1 Team,3555,18,70,t
51126,860,76,2025,1145,Mexico City Grand Prix,20,2025-10-26,23,Autódromo Hermanos Rodríguez,Mexico,1145,4916,R,Race,False,16,0,Franco,Colapinto,COL,43,210,Alpine F1 Team,3613,20,70,t
51127,830,76,2025,1145,Mexico City Grand Prix,20,2025-10-26,23,Autódromo Hermanos Rodríguez,Mexico,1145,4916,R,Race,False,17,0,Carlos,Sainz,SAI,55,141,Williams,3572,12,67,t
51128,763,76,2025,1145,Mexico City Grand Prix,20,2025-10-26,23,Autódromo Hermanos Rodríguez,Mexico,1145,4916,R,Race,False,18,0,Fernando,Alonso,ALO,14,64,Aston Martin,3556,14,34,f
51129,807,76,2025,1145,Mexico City Grand Prix,20,2025-10-26,23,Autódromo Hermanos Rodríguez,Mexico,1145,4916,R,Race,False,19,0,Nico,Hülkenberg,HUL,27,182,Sauber,3573,13,25,f
51130,858,76,2025,1145,Mexico City Grand Prix,20,2025-10-26,23,Autódromo Hermanos Rodríguez,Mexico,1145,4916,R,Race,False,20,0,Liam,Lawson,LAW,30,211,RB F1 Team,3577,15,5,f
51208,845,76,2025,1146,São Paulo Grand Prix,21,2025-11-09,37,Autódromo José Carlos Pace,Brazil,1146,4921,SR,Sprint,True,1,8,Lando,Norris,NOR,4,117,McLaren,3563,1,24,t
51209,863,76,2025,1146,São Paulo Grand Prix,21,2025-11-09,37,Autódromo José Carlos Pace,Brazil,1146,4921,SR,Sprint,True,2,7,Andrea Kimi,Antonelli,ANT,12,48,Mercedes,3565,2,24,t
51210,847,76,2025,1146,São Paulo Grand Prix,21,2025-11-09,37,Autódromo José Carlos Pace,Brazil,1146,4921,SR,Sprint,True,3,6,George,Russell,RUS,63,48,Mercedes,3566,4,24,t
51211,831,76,2025,1146,São Paulo Grand Prix,21,2025-11-09,37,Autódromo José Carlos Pace,Brazil,1146,4921,SR,Sprint,True,4,5,Max,Verstappen,VER,1,191,Red Bull,3569,6,24,t
51212,843,76,2025,1146,São Paulo Grand Prix,21,2025-11-09,37,Autódromo José Carlos Pace,Brazil,1146,4921,SR,Sprint,True,5,4,Charles,Leclerc,LEC,16,6,Ferrari,3558,8,24,t
51213,763,76,2025,1146,São Paulo Grand Prix,21,2025-11-09,37,Autódromo José Carlos Pace,Brazil,1146,4921,SR,Sprint,True,6,3,Fernando,Alonso,ALO,14,64,Aston Martin,3556,5,24,t
51214,795,76,2025,1146,São Paulo Grand Prix,21,2025-11-09,37,Autódromo José Carlos Pace,Brazil,1146,4921,SR,Sprint,True,7,2,Lewis,Hamilton,HAM,44,6,Ferrari,3559,11,24,t
51215,841,76,2025,1146,São Paulo Grand Prix,21,2025-11-09,37,Autódromo José Carlos Pace,Brazil,1146,4921,SR,Sprint,True,8,1,Pierre,Gasly,GAS,10,210,Alpine F1 Team,3555,13,24,t
51216,840,76,2025,1146,São Paulo Grand Prix,21,2025-11-09,37,Autódromo José Carlos Pace,Brazil,1146,4921,SR,Sprint,True,9,0,Lance,Stroll,STR,18,64,Aston Martin,3557,7,24,t
51217,864,76,2025,1146,São Paulo Grand Prix,21,2025-11-09,37,Autódromo José Carlos Pace,Brazil,1146,4921,SR,Sprint,True,10,0,Isack,Hadjar,HAD,6,211,RB F1 Team,3567,9,24,t
51218,838,76,2025,1146,São Paulo Grand Prix,21,2025-11-09,37,Autódromo José Carlos Pace,Brazil,1146,4921,SR,Sprint,True,11,0,Esteban,Ocon,OCO,31,207,Haas F1 Team,3560,18,24,t
51219,859,76,2025,1146,São Paulo Grand Prix,21,2025-11-09,37,Autódromo José Carlos Pace,Brazil,1146,4921,SR,Sprint,True,12,0,Oliver,Bearman,BEA,87,207,Haas F1 Team,3561,15,24,t
51221,851,76,2025,1146,São Paulo Grand Prix,21,2025-11-09,37,Autódromo José Carlos Pace,Brazil,1146,4921,SR,Sprint,True,13,0,Yuki,Tsunoda,TSU,22,191,Red Bull,3578,19,24,t
51222,830,76,2025,1146,São Paulo Grand Prix,21,2025-11-09,37,Autódromo José Carlos Pace,Brazil,1146,4921,SR,Sprint,True,14,0,Carlos,Sainz,SAI,55,141,Williams,3572,20,24,t
51223,807,76,2025,1146,São Paulo Grand Prix,21,2025-11-09,37,Autódromo José Carlos Pace,Brazil,1146,4921,SR,Sprint,True,15,0,Nico,Hülkenberg,HUL,27,182,Sauber,3573,10,24,t
51220,858,76,2025,1146,São Paulo Grand Prix,21,2025-11-09,37,Autódromo José Carlos Pace,Brazil,1146,4921,SR,Sprint,True,16,0,Liam,Lawson,LAW,30,211,RB F1 Team,3577,17,24,t
51224,846,76,2025,1146,São Paulo Grand Prix,21,2025-11-09,37,Autódromo José Carlos Pace,Brazil,1146,4921,SR,Sprint,True,17,0,Alexander,Albon,ALB,23,141,Williams,3571,12,24,t
51225,862,76,2025,1146,São Paulo Grand Prix,21,2025-11-09,37,Autódromo José Carlos Pace,Brazil,1146,4921,SR,Sprint,True,18,0,Gabriel,Bortoleto,BOR,5,182,Sauber,3562,14,23,t
51226,857,76,2025,1146,São Paulo Grand Prix,21,2025-11-09,37,Autódromo José Carlos Pace,Brazil,1146,4921,SR,Sprint,True,19,0,Oscar,Piastri,PIA,81,117,McLaren,3564,3,5,f
51227,860,76,2025,1146,São Paulo Grand Prix,21,2025-11-09,37,Autódromo José Carlos Pace,Brazil,1146,4921,SR,Sprint,True,20,0,Franco,Colapinto,COL,43,210,Alpine F1 Team,3613,16,5,f
51272,845,76,2025,1146,São Paulo Grand Prix,21,2025-11-09,37,Autódromo José Carlos Pace,Brazil,1146,4925,R,Race,False,1,25,Lando,Norris,NOR,4,117,McLaren,3563,1,71,t
51273,863,76,2025,1146,São Paulo Grand Prix,21,2025-11-09,37,Autódromo José Carlos Pace,Brazil,1146,4925,R,Race,False,2,18,Andrea Kimi,Antonelli,ANT,12,48,Mercedes,3565,2,71,t
51274,831,76,2025,1146,São Paulo Grand Prix,21,2025-11-09,37,Autódromo José Carlos Pace,Brazil,1146,4925,R,Race,False,3,15,Max,Verstappen,VER,1,191,Red Bull,3569,19,71,t
51275,847,76,2025,1146,São Paulo Grand Prix,21,2025-11-09,37,Autódromo José Carlos Pace,Brazil,1146,4925,R,Race,False,4,12,George,Russell,RUS,63,48,Mercedes,3566,6,71,t
51276,857,76,2025,1146,São Paulo Grand Prix,21,2025-11-09,37,Autódromo José Carlos Pace,Brazil,1146,4925,R,Race,False,5,10,Oscar,Piastri,PIA,81,117,McLaren,3564,4,71,t
51277,859,76,2025,1146,São Paulo Grand Prix,21,2025-11-09,37,Autódromo José Carlos Pace,Brazil,1146,4925,R,Race,False,6,8,Oliver,Bearman,BEA,87,207,Haas F1 Team,3561,8,71,t
51278,858,76,2025,1146,São Paulo Grand Prix,21,2025-11-09,37,Autódromo José Carlos Pace,Brazil,1146,4925,R,Race,False,7,6,Liam,Lawson,LAW,30,211,RB F1 Team,3577,7,71,t
51279,864,76,2025,1146,São Paulo Grand Prix,21,2025-11-09,37,Autódromo José Carlos Pace,Brazil,1146,4925,R,Race,False,8,4,Isack,Hadjar,HAD,6,211,RB F1 Team,3567,5,71,t
51280,807,76,2025,1146,São Paulo Grand Prix,21,2025-11-09,37,Autódromo José Carlos Pace,Brazil,1146,4925,R,Race,False,9,2,Nico,Hülkenberg,HUL,27,182,Sauber,3573,10,71,t
51281,841,76,2025,1146,São Paulo Grand Prix,21,2025-11-09,37,Autódromo José Carlos Pace,Brazil,1146,4925,R,Race,False,10,1,Pierre,Gasly,GAS,10,210,Alpine F1 Team,3555,9,71,t
51282,846,76,2025,1146,São Paulo Grand Prix,21,2025-11-09,37,Autódromo José Carlos Pace,Brazil,1146,4925,R,Race,False,11,0,Alexander,Albon,ALB,23,141,Williams,3571,12,71,t
51283,838,76,2025,1146,São Paulo Grand Prix,21,2025-11-09,37,Autódromo José Carlos Pace,Brazil,1146,4925,R,Race,False,12,0,Esteban,Ocon,OCO,31,207,Haas F1 Team,3560,20,71,t
51284,830,76,2025,1146,São Paulo Grand Prix,21,2025-11-09,37,Autódromo José Carlos Pace,Brazil,1146,4925,R,Race,False,13,0,Carlos,Sainz,SAI,55,141,Williams,3572,15,71,t
51285,763,76,2025,1146,São Paulo Grand Prix,21,2025-11-09,37,Autódromo José Carlos Pace,Brazil,1146,4925,R,Race,False,14,0,Fernando,Alonso,ALO,14,64,Aston Martin,3556,11,71,t
51286,860,76,2025,1146,São Paulo Grand Prix,21,2025-11-09,37,Autódromo José Carlos Pace,Brazil,1146,4925,R,Race,False,15,0,Franco,Colapinto,COL,43,210,Alpine F1 Team,3613,16,71,t
51287,840,76,2025,1146,São Paulo Grand Prix,21,2025-11-09,37,Autódromo José Carlos Pace,Brazil,1146,4925,R,Race,False,16,0,Lance,Stroll,STR,18,64,Aston Martin,3557,14,71,t
51288,851,76,2025,1146,São Paulo Grand Prix,21,2025-11-09,37,Autódromo José Carlos Pace,Brazil,1146,4925,R,Race,False,17,0,Yuki,Tsunoda,TSU,22,191,Red Bull,3578,17,71,t
51289,795,76,2025,1146,São Paulo Grand Prix,21,2025-11-09,37,Autódromo José Carlos Pace,Brazil,1146,4925,R,Race,False,18,0,Lewis,Hamilton,HAM,44,6,Ferrari,3559,13,37,f
51290,843,76,2025,1146,São Paulo Grand Prix,21,2025-11-09,37,Autódromo José Carlos Pace,Brazil,1146,4925,R,Race,False,19,0,Charles,Leclerc,LEC,16,6,Ferrari,3558,3,5,f
51291,862,76,2025,1146,São Paulo Grand Prix,21,2025-11-09,37,Autódromo José Carlos Pace,Brazil,1146,4925,R,Race,False,20,0,Gabriel,Bortoleto,BOR,5,182,Sauber,3562,18,0,f
51369,831,76,2025,1147,Las Vegas Grand Prix,22,2025-11-22,77,Las Vegas Strip Street Circuit,USA,1147,4932,R,Race,False,1,25,Max,Verstappen,VER,1,191,Red Bull,3569,2,50,t
51371,847,76,2025,1147,Las Vegas Grand Prix,22,2025-11-22,77,Las Vegas Strip Street Circuit,USA,1147,4932,R,Race,False,2,18,George,Russell,RUS,63,48,Mercedes,3566,4,50,t
51373,863,76,2025,1147,Las Vegas Grand Prix,22,2025-11-22,77,Las Vegas Strip Street Circuit,USA,1147,4932,R,Race,False,3,15,Andrea Kimi,Antonelli,ANT,12,48,Mercedes,3565,17,50,t
51374,843,76,2025,1147,Las Vegas Grand Prix,22,2025-11-22,77,Las Vegas Strip Street Circuit,USA,1147,4932,R,Race,False,4,12,Charles,Leclerc,LEC,16,6,Ferrari,3558,9,50,t
51375,830,76,2025,1147,Las Vegas Grand Prix,22,2025-11-22,77,Las Vegas Strip Street Circuit,USA,1147,4932,R,Race,False,5,10,Carlos,Sainz,SAI,55,141,Williams,3572,3,50,t
51376,864,76,2025,1147,Las Vegas Grand Prix,22,2025-11-22,77,Las Vegas Strip Street Circuit,USA,1147,4932,R,Race,False,6,8,Isack,Hadjar,HAD,6,211,RB F1 Team,3567,8,50,t
51377,807,76,2025,1147,Las Vegas Grand Prix,22,2025-11-22,77,Las Vegas Strip Street Circuit,USA,1147,4932,R,Race,False,7,6,Nico,Hülkenberg,HUL,27,182,Sauber,3573,11,50,t
51378,795,76,2025,1147,Las Vegas Grand Prix,22,2025-11-22,77,Las Vegas Strip Street Circuit,USA,1147,4932,R,Race,False,8,4,Lewis,Hamilton,HAM,44,6,Ferrari,3559,19,50,t
51379,838,76,2025,1147,Las Vegas Grand Prix,22,2025-11-22,77,Las Vegas Strip Street Circuit,USA,1147,4932,R,Race,False,9,2,Esteban,Ocon,OCO,31,207,Haas F1 Team,3560,13,50,t
51380,859,76,2025,1147,Las Vegas Grand Prix,22,2025-11-22,77,Las Vegas Strip Street Circuit,USA,1147,4932,R,Race,False,10,1,Oliver,Bearman,BEA,87,207,Haas F1 Team,3561,14,50,t
51381,763,76,2025,1147,Las Vegas Grand Prix,22,2025-11-22,77,Las Vegas Strip Street Circuit,USA,1147,4932,R,Race,False,11,0,Fernando,Alonso,ALO,14,64,Aston Martin,3556,7,50,t
51382,851,76,2025,1147,Las Vegas Grand Prix,22,2025-11-22,77,Las Vegas Strip Street Circuit,USA,1147,4932,R,Race,False,12,0,Yuki,Tsunoda,TSU,22,191,Red Bull,3578,20,50,t
51383,841,76,2025,1147,Las Vegas Grand Prix,22,2025-11-22,77,Las Vegas Strip Street Circuit,USA,1147,4932,R,Race,False,13,0,Pierre,Gasly,GAS,10,210,Alpine F1 Team,3555,10,50,t
51384,858,76,2025,1147,Las Vegas Grand Prix,22,2025-11-22,77,Las Vegas Strip Street Circuit,USA,1147,4932,R,Race,False,14,0,Liam,Lawson,LAW,30,211,RB F1 Team,3577,6,49,t
51385,860,76,2025,1147,Las Vegas Grand Prix,22,2025-11-22,77,Las Vegas Strip Street Circuit,USA,1147,4932,R,Race,False,15,0,Franco,Colapinto,COL,43,210,Alpine F1 Team,3613,15,49,t
51386,846,76,2025,1147,Las Vegas Grand Prix,22,2025-11-22,77,Las Vegas Strip Street Circuit,USA,1147,4932,R,Race,False,16,0,Alexander,Albon,ALB,23,141,Williams,3571,16,35,f
51387,862,76,2025,1147,Las Vegas Grand Prix,22,2025-11-22,77,Las Vegas Strip Street Circuit,USA,1147,4932,R,Race,False,17,0,Gabriel,Bortoleto,BOR,5,182,Sauber,3562,18,2,f
51388,840,76,2025,1147,Las Vegas Grand Prix,22,2025-11-22,77,Las Vegas Strip Street Circuit,USA,1147,4932,R,Race,False,18,0,Lance,Stroll,STR,18,64,Aston Martin,3557,12,0,f
51370,845,76,2025,1147,Las Vegas Grand Prix,22,2025-11-22,77,Las Vegas Strip Street Circuit,USA,1147,4932,R,Race,False,19,0,Lando,Norris,NOR,4,117,McLaren,3563,1,50,f
51372,857,76,2025,1147,Las Vegas Grand Prix,22,2025-11-22,77,Las Vegas Strip Street Circuit,USA,1147,4932,R,Race,False,20,0,Oscar,Piastri,PIA,81,117,McLaren,3564,5,50,f
51434,857,76,2025,1148,Qatar Grand Prix,23,2025-11-30,74,Losail International Circuit,Qatar,1148,4937,SR,Sprint,True,1,8,Oscar,Piastri,PIA,81,117,McLaren,3564,1,19,t
51435,847,76,2025,1148,Qatar Grand Prix,23,2025-11-30,74,Losail International Circuit,Qatar,1148,4937,SR,Sprint,True,2,7,George,Russell,RUS,63,48,Mercedes,3566,2,19,t
51436,845,76,2025,1148,Qatar Grand Prix,23,2025-11-30,74,Losail International Circuit,Qatar,1148,4937,SR,Sprint,True,3,6,Lando,Norris,NOR,4,117,McLaren,3563,3,19,t
51437,831,76,2025,1148,Qatar Grand Prix,23,2025-11-30,74,Losail International Circuit,Qatar,1148,4937,SR,Sprint,True,4,5,Max,Verstappen,VER,1,191,Red Bull,3569,6,19,t
51438,851,76,2025,1148,Qatar Grand Prix,23,2025-11-30,74,Losail International Circuit,Qatar,1148,4937,SR,Sprint,True,5,4,Yuki,Tsunoda,TSU,22,191,Red Bull,3578,5,19,t
51439,863,76,2025,1148,Qatar Grand Prix,23,2025-11-30,74,Losail International Circuit,Qatar,1148,4937,SR,Sprint,True,6,3,Andrea Kimi,Antonelli,ANT,12,48,Mercedes,3565,7,19,t
51440,763,76,2025,1148,Qatar Grand Prix,23,2025-11-30,74,Losail International Circuit,Qatar,1148,4937,SR,Sprint,True,7,2,Fernando,Alonso,ALO,14,64,Aston Martin,3556,4,19,t
51441,830,76,2025,1148,Qatar Grand Prix,23,2025-11-30,74,Losail International Circuit,Qatar,1148,4937,SR,Sprint,True,8,1,Carlos,Sainz,SAI,55,141,Williams,3572,8,19,t
51442,864,76,2025,1148,Qatar Grand Prix,23,2025-11-30,74,Losail International Circuit,Qatar,1148,4937,SR,Sprint,True,9,0,Isack,Hadjar,HAD,6,211,RB F1 Team,3567,11,19,t
51443,846,76,2025,1148,Qatar Grand Prix,23,2025-11-30,74,Losail International Circuit,Qatar,1148,4937,SR,Sprint,True,10,0,Alexander,Albon,ALB,23,141,Williams,3571,10,19,t
51444,862,76,2025,1148,Qatar Grand Prix,23,2025-11-30,74,Losail International Circuit,Qatar,1148,4937,SR,Sprint,True,11,0,Gabriel,Bortoleto,BOR,5,182,Sauber,3562,13,19,t
51445,859,76,2025,1148,Qatar Grand Prix,23,2025-11-30,74,Losail International Circuit,Qatar,1148,4937,SR,Sprint,True,12,0,Oliver,Bearman,BEA,87,207,Haas F1 Team,3561,12,19,t
51446,843,76,2025,1148,Qatar Grand Prix,23,2025-11-30,74,Losail International Circuit,Qatar,1148,4937,SR,Sprint,True,13,0,Charles,Leclerc,LEC,16,6,Ferrari,3558,9,19,t
51447,858,76,2025,1148,Qatar Grand Prix,23,2025-11-30,74,Losail International Circuit,Qatar,1148,4937,SR,Sprint,True,14,0,Liam,Lawson,LAW,30,211,RB F1 Team,3577,16,19,t
51448,838,76,2025,1148,Qatar Grand Prix,23,2025-11-30,74,Losail International Circuit,Qatar,1148,4937,SR,Sprint,True,15,0,Esteban,Ocon,OCO,31,207,Haas F1 Team,3560,15,19,t
51449,807,76,2025,1148,Qatar Grand Prix,23,2025-11-30,74,Losail International Circuit,Qatar,1148,4937,SR,Sprint,True,16,0,Nico,Hülkenberg,HUL,27,182,Sauber,3573,14,19,t
51450,795,76,2025,1148,Qatar Grand Prix,23,2025-11-30,74,Losail International Circuit,Qatar,1148,4937,SR,Sprint,True,17,0,Lewis,Hamilton,HAM,44,6,Ferrari,3559,18,19,t
51451,841,76,2025,1148,Qatar Grand Prix,23,2025-11-30,74,Losail International Circuit,Qatar,1148,4937,SR,Sprint,True,18,0,Pierre,Gasly,GAS,10,210,Alpine F1 Team,3555,19,19,t
51452,840,76,2025,1148,Qatar Grand Prix,23,2025-11-30,74,Losail International Circuit,Qatar,1148,4937,SR,Sprint,True,19,0,Lance,Stroll,STR,18,64,Aston Martin,3557,17,19,t
51453,860,76,2025,1148,Qatar Grand Prix,23,2025-11-30,74,Losail International Circuit,Qatar,1148,4937,SR,Sprint,True,20,0,Franco,Colapinto,COL,43,210,Alpine F1 Team,3613,20,19,t
51499,831,76,2025,1148,Qatar Grand Prix,23,2025-11-30,74,Losail International Circuit,Qatar,1148,4941,R,Race,False,1,25,Max,Verstappen,VER,1,191,Red Bull,3569,3,57,t
51500,857,76,2025,1148,Qatar Grand Prix,23,2025-11-30,74,Losail International Circuit,Qatar,1148,4941,R,Race,False,2,18,Oscar,Piastri,PIA,81,117,McLaren,3564,1,57,t
51501,830,76,2025,1148,Qatar Grand Prix,23,2025-11-30,74,Losail International Circuit,Qatar,1148,4941,R,Race,False,3,15,Carlos,Sainz,SAI,55,141,Williams,3572,7,57,t
51502,845,76,2025,1148,Qatar Grand Prix,23,2025-11-30,74,Losail International Circuit,Qatar,1148,4941,R,Race,False,4,12,Lando,Norris,NOR,4,117,McLaren,3563,2,57,t
51503,863,76,2025,1148,Qatar Grand Prix,23,2025-11-30,74,Losail International Circuit,Qatar,1148,4941,R,Race,False,5,10,Andrea Kimi,Antonelli,ANT,12,48,Mercedes,3565,5,57,t
51504,847,76,2025,1148,Qatar Grand Prix,23,2025-11-30,74,Losail International Circuit,Qatar,1148,4941,R,Race,False,6,8,George,Russell,RUS,63,48,Mercedes,3566,4,57,t
51505,763,76,2025,1148,Qatar Grand Prix,23,2025-11-30,74,Losail International Circuit,Qatar,1148,4941,R,Race,False,7,6,Fernando,Alonso,ALO,14,64,Aston Martin,3556,8,57,t
51506,843,76,2025,1148,Qatar Grand Prix,23,2025-11-30,74,Losail International Circuit,Qatar,1148,4941,R,Race,False,8,4,Charles,Leclerc,LEC,16,6,Ferrari,3558,10,57,t
51507,858,76,2025,1148,Qatar Grand Prix,23,2025-11-30,74,Losail International Circuit,Qatar,1148,4941,R,Race,False,9,2,Liam,Lawson,LAW,30,211,RB F1 Team,3577,12,57,t
51508,851,76,2025,1148,Qatar Grand Prix,23,2025-11-30,74,Losail International Circuit,Qatar,1148,4941,R,Race,False,10,1,Yuki,Tsunoda,TSU,22,191,Red Bull,3578,15,57,t
51509,846,76,2025,1148,Qatar Grand Prix,23,2025-11-30,74,Losail International Circuit,Qatar,1148,4941,R,Race,False,11,0,Alexander,Albon,ALB,23,141,Williams,3571,14,57,t
51510,795,76,2025,1148,Qatar Grand Prix,23,2025-11-30,74,Losail International Circuit,Qatar,1148,4941,R,Race,False,12,0,Lewis,Hamilton,HAM,44,6,Ferrari,3559,17,57,t
51511,862,76,2025,1148,Qatar Grand Prix,23,2025-11-30,74,Losail International Circuit,Qatar,1148,4941,R,Race,False,13,0,Gabriel,Bortoleto,BOR,5,182,Sauber,3562,19,57,t
51512,860,76,2025,1148,Qatar Grand Prix,23,2025-11-30,74,Losail International Circuit,Qatar,1148,4941,R,Race,False,14,0,Franco,Colapinto,COL,43,210,Alpine F1 Team,3613,20,56,t
51513,838,76,2025,1148,Qatar Grand Prix,23,2025-11-30,74,Losail International Circuit,Qatar,1148,4941,R,Race,False,15,0,Esteban,Ocon,OCO,31,207,Haas F1 Team,3560,16,56,t
51514,841,76,2025,1148,Qatar Grand Prix,23,2025-11-30,74,Losail International Circuit,Qatar,1148,4941,R,Race,False,16,0,Pierre,Gasly,GAS,10,210,Alpine F1 Team,3555,9,56,t
51515,840,76,2025,1148,Qatar Grand Prix,23,2025-11-30,74,Losail International Circuit,Qatar,1148,4941,R,Race,False,17,0,Lance,Stroll,STR,18,64,Aston Martin,3557,18,55,t
51516,864,76,2025,1148,Qatar Grand Prix,23,2025-11-30,74,Losail International Circuit,Qatar,1148,4941,R,Race,False,18,0,Isack,Hadjar,HAD,6,211,RB F1 Team,3567,6,55,t
51517,859,76,2025,1148,Qatar Grand Prix,23,2025-11-30,74,Losail International Circuit,Qatar,1148,4941,R,Race,False,19,0,Oliver,Bearman,BEA,87,207,Haas F1 Team,3561,13,41,f
51518,807,76,2025,1148,Qatar Grand Prix,23,2025-11-30,74,Losail International Circuit,Qatar,1148,4941,R,Race,False,20,0,Nico,Hülkenberg,HUL,27,182,Sauber,3573,11,6,f
51564,831,76,2025,1149,Abu Dhabi Grand Prix,24,2025-12-07,66,Yas Marina Circuit,UAE,1149,4948,R,Race,False,1,25,Max,Verstappen,VER,1,191,Red Bull,3569,1,58,t
51565,857,76,2025,1149,Abu Dhabi Grand Prix,24,2025-12-07,66,Yas Marina Circuit,UAE,1149,4948,R,Race,False,2,18,Oscar,Piastri,PIA,81,117,McLaren,3564,3,58,t
51566,845,76,2025,1149,Abu Dhabi Grand Prix,24,2025-12-07,66,Yas Marina Circuit,UAE,1149,4948,R,Race,False,3,15,Lando,Norris,NOR,4,117,McLaren,3563,2,58,t
51567,843,76,2025,1149,Abu Dhabi Grand Prix,24,2025-12-07,66,Yas Marina Circuit,UAE,1149,4948,R,Race,False,4,12,Charles,Leclerc,LEC,16,6,Ferrari,3558,5,58,t
51568,847,76,2025,1149,Abu Dhabi Grand Prix,24,2025-12-07,66,Yas Marina Circuit,UAE,1149,4948,R,Race,False,5,10,George,Russell,RUS,63,48,Mercedes,3566,4,58,t
51569,763,76,2025,1149,Abu Dhabi Grand Prix,24,2025-12-07,66,Yas Marina Circuit,UAE,1149,4948,R,Race,False,6,8,Fernando,Alonso,ALO,14,64,Aston Martin,3556,6,58,t
51570,838,76,2025,1149,Abu Dhabi Grand Prix,24,2025-12-07,66,Yas Marina Circuit,UAE,1149,4948,R,Race,False,7,6,Esteban,Ocon,OCO,31,207,Haas F1 Team,3560,8,58,t
51571,795,76,2025,1149,Abu Dhabi Grand Prix,24,2025-12-07,66,Yas Marina Circuit,UAE,1149,4948,R,Race,False,8,4,Lewis,Hamilton,HAM,44,6,Ferrari,3559,16,58,t
51572,807,76,2025,1149,Abu Dhabi Grand Prix,24,2025-12-07,66,Yas Marina Circuit,UAE,1149,4948,R,Race,False,9,2,Nico,Hülkenberg,HUL,27,182,Sauber,3573,18,58,t
51573,840,76,2025,1149,Abu Dhabi Grand Prix,24,2025-12-07,66,Yas Marina Circuit,UAE,1149,4948,R,Race,False,10,1,Lance,Stroll,STR,18,64,Aston Martin,3557,15,58,t
51574,862,76,2025,1149,Abu Dhabi Grand Prix,24,2025-12-07,66,Yas Marina Circuit,UAE,1149,4948,R,Race,False,11,0,Gabriel,Bortoleto,BOR,5,182,Sauber,3562,7,58,t
51575,859,76,2025,1149,Abu Dhabi Grand Prix,24,2025-12-07,66,Yas Marina Circuit,UAE,1149,4948,R,Race,False,12,0,Oliver,Bearman,BEA,87,207,Haas F1 Team,3561,11,58,t
51576,830,76,2025,1149,Abu Dhabi Grand Prix,24,2025-12-07,66,Yas Marina Circuit,UAE,1149,4948,R,Race,False,13,0,Carlos,Sainz,SAI,55,141,Williams,3572,12,58,t
51577,851,76,2025,1149,Abu Dhabi Grand Prix,24,2025-12-07,66,Yas Marina Circuit,UAE,1149,4948,R,Race,False,14,0,Yuki,Tsunoda,TSU,22,191,Red Bull,3578,10,58,t
51578,863,76,2025,1149,Abu Dhabi Grand Prix,24,2025-12-07,66,Yas Marina Circuit,UAE,1149,4948,R,Race,False,15,0,Andrea Kimi,Antonelli,ANT,12,48,Mercedes,3565,14,58,t
51579,846,76,2025,1149,Abu Dhabi Grand Prix,24,2025-12-07,66,Yas Marina Circuit,UAE,1149,4948,R,Race,False,16,0,Alexander,Albon,ALB,23,141,Williams,3571,17,58,t
51580,864,76,2025,1149,Abu Dhabi Grand Prix,24,2025-12-07,66,Yas Marina Circuit,UAE,1149,4948,R,Race,False,17,0,Isack,Hadjar,HAD,6,211,RB F1 Team,3567,9,57,t
51581,858,76,2025,1149,Abu Dhabi Grand Prix,24,2025-12-07,66,Yas Marina Circuit,UAE,1149,4948,R,Race,False,18,0,Liam,Lawson,LAW,30,211,RB F1 Team,3577,13,57,t
51582,841,76,2025,1149,Abu Dhabi Grand Prix,24,2025-12-07,66,Yas Marina Circuit,UAE,1149,4948,R,Race,False,19,0,Pierre,Gasly,GAS,10,210,Alpine F1 Team,3555,19,57,t
51583,860,76,2025,1149,Abu Dhabi Grand Prix,24,2025-12-07,66,Yas Marina Circuit,UAE,1149,4948,R,Race,False,20,0,Franco,Colapinto,COL,43,210,Alpine F1 Team,3613,20,57,t
58187,847,77,2026,1174,Australian Grand Prix,1,2026-03-08,59,Albert Park Grand Prix Circuit,Australia,1174,5137,R,Race,False,1,25,George,Russell,RUS,63,48,Mercedes,3711,1,58,t
58188,863,77,2026,1174,Australian Grand Prix,1,2026-03-08,59,Albert Park Grand Prix Circuit,Australia,1174,5137,R,Race,False,2,18,Andrea Kimi,Antonelli,ANT,12,48,Mercedes,3712,2,58,t
58189,843,77,2026,1174,Australian Grand Prix,1,2026-03-08,59,Albert Park Grand Prix Circuit,Australia,1174,5137,R,Race,False,3,15,Charles,Leclerc,LEC,16,6,Ferrari,3715,4,58,t
58190,795,77,2026,1174,Australian Grand Prix,1,2026-03-08,59,Albert Park Grand Prix Circuit,Australia,1174,5137,R,Race,False,4,12,Lewis,Hamilton,HAM,44,6,Ferrari,3716,7,58,t
58191,845,77,2026,1174,Australian Grand Prix,1,2026-03-08,59,Albert Park Grand Prix Circuit,Australia,1174,5137,R,Race,False,5,10,Lando,Norris,NOR,1,117,McLaren,3709,6,58,t
58192,831,77,2026,1174,Australian Grand Prix,1,2026-03-08,59,Albert Park Grand Prix Circuit,Australia,1174,5137,R,Race,False,6,8,Max,Verstappen,VER,3,191,Red Bull,3713,20,58,t
58193,859,77,2026,1174,Australian Grand Prix,1,2026-03-08,59,Albert Park Grand Prix Circuit,Australia,1174,5137,R,Race,False,7,6,Oliver,Bearman,BEA,87,207,Haas F1 Team,3724,12,57,t
58194,873,77,2026,1174,Australian Grand Prix,1,2026-03-08,59,Albert Park Grand Prix Circuit,Australia,1174,5137,R,Race,False,8,4,Arvid,Lindblad,LIN,41,211,RB F1 Team,3720,9,57,t
58195,862,77,2026,1174,Australian Grand Prix,1,2026-03-08,59,Albert Park Grand Prix Circuit,Australia,1174,5137,R,Race,False,9,2,Gabriel,Bortoleto,BOR,5,215,Audi,3726,10,57,t
58196,841,77,2026,1174,Australian Grand Prix,1,2026-03-08,59,Albert Park Grand Prix Circuit,Australia,1174,5137,R,Race,False,10,1,Pierre,Gasly,GAS,10,210,Alpine F1 Team,3727,14,57,t
58197,838,77,2026,1174,Australian Grand Prix,1,2026-03-08,59,Albert Park Grand Prix Circuit,Australia,1174,5137,R,Race,False,11,0,Esteban,Ocon,OCO,31,207,Haas F1 Team,3723,13,57,t
58198,846,77,2026,1174,Australian Grand Prix,1,2026-03-08,59,Albert Park Grand Prix Circuit,Australia,1174,5137,R,Race,False,12,0,Alexander,Albon,ALB,23,141,Williams,3717,15,57,t
58199,858,77,2026,1174,Australian Grand Prix,1,2026-03-08,59,Albert Park Grand Prix Circuit,Australia,1174,5137,R,Race,False,13,0,Liam,Lawson,LAW,30,211,RB F1 Team,3719,8,57,t
58200,860,77,2026,1174,Australian Grand Prix,1,2026-03-08,59,Albert Park Grand Prix Circuit,Australia,1174,5137,R,Race,False,14,0,Franco,Colapinto,COL,43,210,Alpine F1 Team,3728,16,56,t
58201,830,77,2026,1174,Australian Grand Prix,1,2026-03-08,59,Albert Park Grand Prix Circuit,Australia,1174,5137,R,Race,False,15,0,Carlos,Sainz,SAI,55,141,Williams,3718,21,56,t
58202,815,77,2026,1174,Australian Grand Prix,1,2026-03-08,59,Albert Park Grand Prix Circuit,Australia,1174,5137,R,Race,False,16,0,Sergio,Pérez,PER,11,216,Cadillac F1 Team,3730,18,55,t
58203,840,77,2026,1174,Australian Grand Prix,1,2026-03-08,59,Albert Park Grand Prix Circuit,Australia,1174,5137,R,Race,False,17,0,Lance,Stroll,STR,18,64,Aston Martin,3722,22,43,f
58204,763,77,2026,1174,Australian Grand Prix,1,2026-03-08,59,Albert Park Grand Prix Circuit,Australia,1174,5137,R,Race,False,18,0,Fernando,Alonso,ALO,14,64,Aston Martin,3721,17,21,f
58205,820,77,2026,1174,Australian Grand Prix,1,2026-03-08,59,Albert Park Grand Prix Circuit,Australia,1174,5137,R,Race,False,19,0,Valtteri,Bottas,BOT,77,216,Cadillac F1 Team,3729,19,15,f
58206,864,77,2026,1174,Australian Grand Prix,1,2026-03-08,59,Albert Park Grand Prix Circuit,Australia,1174,5137,R,Race,False,20,0,Isack,Hadjar,HAD,6,191,Red Bull,3714,3,10,f
58207,857,77,2026,1174,Australian Grand Prix,1,2026-03-08,59,Albert Park Grand Prix Circuit,Australia,1174,5137,R,Race,False,21,0,Oscar,Piastri,PIA,81,117,McLaren,3710,5,0,f
58208,807,77,2026,1174,Australian Grand Prix,1,2026-03-08,59,Albert Park Grand Prix Circuit,Australia,1174,5137,R,Race,False,22,0,Nico,Hülkenberg,HUL,27,215,Audi,3725,11,0,f
68720,847,77,2026,1175,Chinese Grand Prix,2,2026-03-15,62,Shanghai International Circuit,China,1175,5142,SR,Sprint,True,1,8,George,Russell,RUS,63,48,Mercedes,3711,1,19,t
68721,843,77,2026,1175,Chinese Grand Prix,2,2026-03-15,62,Shanghai International Circuit,China,1175,5142,SR,Sprint,True,2,7,Charles,Leclerc,LEC,16,6,Ferrari,3715,6,19,t
68722,795,77,2026,1175,Chinese Grand Prix,2,2026-03-15,62,Shanghai International Circuit,China,1175,5142,SR,Sprint,True,3,6,Lewis,Hamilton,HAM,44,6,Ferrari,3716,4,19,t
68723,845,77,2026,1175,Chinese Grand Prix,2,2026-03-15,62,Shanghai International Circuit,China,1175,5142,SR,Sprint,True,4,5,Lando,Norris,NOR,1,117,McLaren,3709,3,19,t
68724,863,77,2026,1175,Chinese Grand Prix,2,2026-03-15,62,Shanghai International Circuit,China,1175,5142,SR,Sprint,True,5,4,Andrea Kimi,Antonelli,ANT,12,48,Mercedes,3712,2,19,t
68725,857,77,2026,1175,Chinese Grand Prix,2,2026-03-15,62,Shanghai International Circuit,China,1175,5142,SR,Sprint,True,6,3,Oscar,Piastri,PIA,81,117,McLaren,3710,5,19,t
68726,858,77,2026,1175,Chinese Grand Prix,2,2026-03-15,62,Shanghai International Circuit,China,1175,5142,SR,Sprint,True,7,2,Liam,Lawson,LAW,30,211,RB F1 Team,3719,13,19,t
68727,859,77,2026,1175,Chinese Grand Prix,2,2026-03-15,62,Shanghai International Circuit,China,1175,5142,SR,Sprint,True,8,1,Oliver,Bearman,BEA,87,207,Haas F1 Team,3724,9,19,t
68728,831,77,2026,1175,Chinese Grand Prix,2,2026-03-15,62,Shanghai International Circuit,China,1175,5142,SR,Sprint,True,9,0,Max,Verstappen,VER,3,191,Red Bull,3713,8,19,t
68729,838,77,2026,1175,Chinese Grand Prix,2,2026-03-15,62,Shanghai International Circuit,China,1175,5142,SR,Sprint,True,10,0,Esteban,Ocon,OCO,31,207,Haas F1 Team,3723,12,19,t
68730,841,77,2026,1175,Chinese Grand Prix,2,2026-03-15,62,Shanghai International Circuit,China,1175,5142,SR,Sprint,True,11,0,Pierre,Gasly,GAS,10,210,Alpine F1 Team,3727,7,19,t
68731,830,77,2026,1175,Chinese Grand Prix,2,2026-03-15,62,Shanghai International Circuit,China,1175,5142,SR,Sprint,True,12,0,Carlos,Sainz,SAI,55,141,Williams,3718,17,19,t
68732,862,77,2026,1175,Chinese Grand Prix,2,2026-03-15,62,Shanghai International Circuit,China,1175,5142,SR,Sprint,True,13,0,Gabriel,Bortoleto,BOR,5,215,Audi,3726,14,19,t
68733,860,77,2026,1175,Chinese Grand Prix,2,2026-03-15,62,Shanghai International Circuit,China,1175,5142,SR,Sprint,True,14,0,Franco,Colapinto,COL,43,210,Alpine F1 Team,3728,16,19,t
68734,864,77,2026,1175,Chinese Grand Prix,2,2026-03-15,62,Shanghai International Circuit,China,1175,5142,SR,Sprint,True,15,0,Isack,Hadjar,HAD,6,191,Red Bull,3714,10,19,t
68735,846,77,2026,1175,Chinese Grand Prix,2,2026-03-15,62,Shanghai International Circuit,China,1175,5142,SR,Sprint,True,16,0,Alexander,Albon,ALB,23,141,Williams,3717,22,19,t
68736,763,77,2026,1175,Chinese Grand Prix,2,2026-03-15,62,Shanghai International Circuit,China,1175,5142,SR,Sprint,True,17,0,Fernando,Alonso,ALO,14,64,Aston Martin,3721,18,19,t
68737,840,77,2026,1175,Chinese Grand Prix,2,2026-03-15,62,Shanghai International Circuit,China,1175,5142,SR,Sprint,True,18,0,Lance,Stroll,STR,18,64,Aston Martin,3722,19,19,t
68738,815,77,2026,1175,Chinese Grand Prix,2,2026-03-15,62,Shanghai International Circuit,China,1175,5142,SR,Sprint,True,19,0,Sergio,Pérez,PER,11,216,Cadillac F1 Team,3730,21,19,t
68739,807,77,2026,1175,Chinese Grand Prix,2,2026-03-15,62,Shanghai International Circuit,China,1175,5142,SR,Sprint,True,20,0,Nico,Hülkenberg,HUL,27,215,Audi,3725,11,12,f
68740,820,77,2026,1175,Chinese Grand Prix,2,2026-03-15,62,Shanghai International Circuit,China,1175,5142,SR,Sprint,True,21,0,Valtteri,Bottas,BOT,77,216,Cadillac F1 Team,3729,20,12,f
68741,873,77,2026,1175,Chinese Grand Prix,2,2026-03-15,62,Shanghai International Circuit,China,1175,5142,SR,Sprint,True,22,0,Arvid,Lindblad,LIN,41,211,RB F1 Team,3720,15,11,f
68742,863,77,2026,1175,Chinese Grand Prix,2,2026-03-15,62,Shanghai International Circuit,China,1175,5146,R,Race,False,1,25,Andrea Kimi,Antonelli,ANT,12,48,Mercedes,3712,1,56,t
68743,847,77,2026,1175,Chinese Grand Prix,2,2026-03-15,62,Shanghai International Circuit,China,1175,5146,R,Race,False,2,18,George,Russell,RUS,63,48,Mercedes,3711,2,56,t
68744,795,77,2026,1175,Chinese Grand Prix,2,2026-03-15,62,Shanghai International Circuit,China,1175,5146,R,Race,False,3,15,Lewis,Hamilton,HAM,44,6,Ferrari,3716,3,56,t
68745,843,77,2026,1175,Chinese Grand Prix,2,2026-03-15,62,Shanghai International Circuit,China,1175,5146,R,Race,False,4,12,Charles,Leclerc,LEC,16,6,Ferrari,3715,4,56,t
68746,859,77,2026,1175,Chinese Grand Prix,2,2026-03-15,62,Shanghai International Circuit,China,1175,5146,R,Race,False,5,10,Oliver,Bearman,BEA,87,207,Haas F1 Team,3724,10,56,t
68747,841,77,2026,1175,Chinese Grand Prix,2,2026-03-15,62,Shanghai International Circuit,China,1175,5146,R,Race,False,6,8,Pierre,Gasly,GAS,10,210,Alpine F1 Team,3727,7,56,t
68748,858,77,2026,1175,Chinese Grand Prix,2,2026-03-15,62,Shanghai International Circuit,China,1175,5146,R,Race,False,7,6,Liam,Lawson,LAW,30,211,RB F1 Team,3719,14,56,t
68749,864,77,2026,1175,Chinese Grand Prix,2,2026-03-15,62,Shanghai International Circuit,China,1175,5146,R,Race,False,8,4,Isack,Hadjar,HAD,6,191,Red Bull,3714,9,56,t
68750,830,77,2026,1175,Chinese Grand Prix,2,2026-03-15,62,Shanghai International Circuit,China,1175,5146,R,Race,False,9,2,Carlos,Sainz,SAI,55,141,Williams,3718,17,55,t
68751,860,77,2026,1175,Chinese Grand Prix,2,2026-03-15,62,Shanghai International Circuit,China,1175,5146,R,Race,False,10,1,Franco,Colapinto,COL,43,210,Alpine F1 Team,3728,12,55,t
68752,807,77,2026,1175,Chinese Grand Prix,2,2026-03-15,62,Shanghai International Circuit,China,1175,5146,R,Race,False,11,0,Nico,Hülkenberg,HUL,27,215,Audi,3725,11,55,t
68753,873,77,2026,1175,Chinese Grand Prix,2,2026-03-15,62,Shanghai International Circuit,China,1175,5146,R,Race,False,12,0,Arvid,Lindblad,LIN,41,211,RB F1 Team,3720,15,55,t
68754,820,77,2026,1175,Chinese Grand Prix,2,2026-03-15,62,Shanghai International Circuit,China,1175,5146,R,Race,False,13,0,Valtteri,Bottas,BOT,77,216,Cadillac F1 Team,3729,19,55,t
68755,838,77,2026,1175,Chinese Grand Prix,2,2026-03-15,62,Shanghai International Circuit,China,1175,5146,R,Race,False,14,0,Esteban,Ocon,OCO,31,207,Haas F1 Team,3723,13,55,t
68756,815,77,2026,1175,Chinese Grand Prix,2,2026-03-15,62,Shanghai International Circuit,China,1175,5146,R,Race,False,15,0,Sergio,Pérez,PER,11,216,Cadillac F1 Team,3730,21,55,t
68757,831,77,2026,1175,Chinese Grand Prix,2,2026-03-15,62,Shanghai International Circuit,China,1175,5146,R,Race,False,16,0,Max,Verstappen,VER,3,191,Red Bull,3713,8,45,f
68758,763,77,2026,1175,Chinese Grand Prix,2,2026-03-15,62,Shanghai International Circuit,China,1175,5146,R,Race,False,17,0,Fernando,Alonso,ALO,14,64,Aston Martin,3721,18,32,f
68759,840,77,2026,1175,Chinese Grand Prix,2,2026-03-15,62,Shanghai International Circuit,China,1175,5146,R,Race,False,18,0,Lance,Stroll,STR,18,64,Aston Martin,3722,20,9,f
68760,857,77,2026,1175,Chinese Grand Prix,2,2026-03-15,62,Shanghai International Circuit,China,1175,5146,R,Race,False,19,0,Oscar,Piastri,PIA,81,117,McLaren,3710,5,0,f
68761,845,77,2026,1175,Chinese Grand Prix,2,2026-03-15,62,Shanghai International Circuit,China,1175,5146,R,Race,False,20,0,Lando,Norris,NOR,1,117,McLaren,3709,6,0,f
68762,862,77,2026,1175,Chinese Grand Prix,2,2026-03-15,62,Shanghai International Circuit,China,1175,5146,R,Race,False,21,0,Gabriel,Bortoleto,BOR,5,215,Audi,3726,16,0,f
68763,846,77,2026,1175,Chinese Grand Prix,2,2026-03-15,62,Shanghai International Circuit,China,1175,5146,R,Race,False,22,0,Alexander,Albon,ALB,23,141,Williams,3717,22,0,f
68922,863,77,2026,1176,Japanese Grand Prix,3,2026-03-29,53,Suzuka Circuit,Japan,1176,5153,R,Race,False,1,25,Andrea Kimi,Antonelli,ANT,12,48,Mercedes,3712,1,53,t
68923,857,77,2026,1176,Japanese Grand Prix,3,2026-03-29,53,Suzuka Circuit,Japan,1176,5153,R,Race,False,2,18,Oscar,Piastri,PIA,81,117,McLaren,3710,3,53,t
68924,843,77,2026,1176,Japanese Grand Prix,3,2026-03-29,53,Suzuka Circuit,Japan,1176,5153,R,Race,False,3,15,Charles,Leclerc,LEC,16,6,Ferrari,3715,4,53,t
68925,847,77,2026,1176,Japanese Grand Prix,3,2026-03-29,53,Suzuka Circuit,Japan,1176,5153,R,Race,False,4,12,George,Russell,RUS,63,48,Mercedes,3711,2,53,t
68926,845,77,2026,1176,Japanese Grand Prix,3,2026-03-29,53,Suzuka Circuit,Japan,1176,5153,R,Race,False,5,10,Lando,Norris,NOR,1,117,McLaren,3709,5,53,t
68927,795,77,2026,1176,Japanese Grand Prix,3,2026-03-29,53,Suzuka Circuit,Japan,1176,5153,R,Race,False,6,8,Lewis,Hamilton,HAM,44,6,Ferrari,3716,6,53,t
68928,841,77,2026,1176,Japanese Grand Prix,3,2026-03-29,53,Suzuka Circuit,Japan,1176,5153,R,Race,False,7,6,Pierre,Gasly,GAS,10,210,Alpine F1 Team,3727,7,53,t
68929,831,77,2026,1176,Japanese Grand Prix,3,2026-03-29,53,Suzuka Circuit,Japan,1176,5153,R,Race,False,8,4,Max,Verstappen,VER,3,191,Red Bull,3713,11,53,t
68930,858,77,2026,1176,Japanese Grand Prix,3,2026-03-29,53,Suzuka Circuit,Japan,1176,5153,R,Race,False,9,2,Liam,Lawson,LAW,30,211,RB F1 Team,3719,14,53,t
68931,838,77,2026,1176,Japanese Grand Prix,3,2026-03-29,53,Suzuka Circuit,Japan,1176,5153,R,Race,False,10,1,Esteban,Ocon,OCO,31,207,Haas F1 Team,3723,12,53,t
68932,807,77,2026,1176,Japanese Grand Prix,3,2026-03-29,53,Suzuka Circuit,Japan,1176,5153,R,Race,False,11,0,Nico,Hülkenberg,HUL,27,215,Audi,3725,13,53,t
68933,864,77,2026,1176,Japanese Grand Prix,3,2026-03-29,53,Suzuka Circuit,Japan,1176,5153,R,Race,False,12,0,Isack,Hadjar,HAD,6,191,Red Bull,3714,8,53,t
68934,862,77,2026,1176,Japanese Grand Prix,3,2026-03-29,53,Suzuka Circuit,Japan,1176,5153,R,Race,False,13,0,Gabriel,Bortoleto,BOR,5,215,Audi,3726,9,53,t
68935,873,77,2026,1176,Japanese Grand Prix,3,2026-03-29,53,Suzuka Circuit,Japan,1176,5153,R,Race,False,14,0,Arvid,Lindblad,LIN,41,211,RB F1 Team,3720,10,53,t
68936,830,77,2026,1176,Japanese Grand Prix,3,2026-03-29,53,Suzuka Circuit,Japan,1176,5153,R,Race,False,15,0,Carlos,Sainz,SAI,55,141,Williams,3718,16,53,t
68937,860,77,2026,1176,Japanese Grand Prix,3,2026-03-29,53,Suzuka Circuit,Japan,1176,5153,R,Race,False,16,0,Franco,Colapinto,COL,43,210,Alpine F1 Team,3728,15,53,t
68938,815,77,2026,1176,Japanese Grand Prix,3,2026-03-29,53,Suzuka Circuit,Japan,1176,5153,R,Race,False,17,0,Sergio,Pérez,PER,11,216,Cadillac F1 Team,3730,19,53,t
68939,763,77,2026,1176,Japanese Grand Prix,3,2026-03-29,53,Suzuka Circuit,Japan,1176,5153,R,Race,False,18,0,Fernando,Alonso,ALO,14,64,Aston Martin,3721,21,52,t
68940,820,77,2026,1176,Japanese Grand Prix,3,2026-03-29,53,Suzuka Circuit,Japan,1176,5153,R,Race,False,19,0,Valtteri,Bottas,BOT,77,216,Cadillac F1 Team,3729,20,52,t
68941,846,77,2026,1176,Japanese Grand Prix,3,2026-03-29,53,Suzuka Circuit,Japan,1176,5153,R,Race,False,20,0,Alexander,Albon,ALB,23,141,Williams,3717,17,51,t
68942,840,77,2026,1176,Japanese Grand Prix,3,2026-03-29,53,Suzuka Circuit,Japan,1176,5153,R,Race,False,21,0,Lance,Stroll,STR,18,64,Aston Martin,3722,22,30,f
68943,859,77,2026,1176,Japanese Grand Prix,3,2026-03-29,53,Suzuka Circuit,Japan,1176,5153,R,Race,False,22,0,Oliver,Bearman,BEA,87,207,Haas F1 Team,3724,18,20,f
69144,845,77,2026,1179,Miami Grand Prix,4,2026-05-03,76,Miami International Autodrome,USA,1179,5172,SR,Sprint,True,1,8,Lando,Norris,NOR,1,117,McLaren,3709,1,19,t
69145,857,77,2026,1179,Miami Grand Prix,4,2026-05-03,76,Miami International Autodrome,USA,1179,5172,SR,Sprint,True,2,7,Oscar,Piastri,PIA,81,117,McLaren,3710,3,19,t
69146,843,77,2026,1179,Miami Grand Prix,4,2026-05-03,76,Miami International Autodrome,USA,1179,5172,SR,Sprint,True,3,6,Charles,Leclerc,LEC,16,6,Ferrari,3715,4,19,t
69147,847,77,2026,1179,Miami Grand Prix,4,2026-05-03,76,Miami International Autodrome,USA,1179,5172,SR,Sprint,True,4,5,George,Russell,RUS,63,48,Mercedes,3711,6,19,t
69148,831,77,2026,1179,Miami Grand Prix,4,2026-05-03,76,Miami International Autodrome,USA,1179,5172,SR,Sprint,True,5,4,Max,Verstappen,VER,3,191,Red Bull,3713,5,19,t
69149,863,77,2026,1179,Miami Grand Prix,4,2026-05-03,76,Miami International Autodrome,USA,1179,5172,SR,Sprint,True,6,3,Andrea Kimi,Antonelli,ANT,12,48,Mercedes,3712,2,19,t
69150,795,77,2026,1179,Miami Grand Prix,4,2026-05-03,76,Miami International Autodrome,USA,1179,5172,SR,Sprint,True,7,2,Lewis,Hamilton,HAM,44,6,Ferrari,3716,7,19,t
69151,841,77,2026,1179,Miami Grand Prix,4,2026-05-03,76,Miami International Autodrome,USA,1179,5172,SR,Sprint,True,8,1,Pierre,Gasly,GAS,10,210,Alpine F1 Team,3727,10,19,t
69152,864,77,2026,1179,Miami Grand Prix,4,2026-05-03,76,Miami International Autodrome,USA,1179,5172,SR,Sprint,True,9,0,Isack,Hadjar,HAD,6,191,Red Bull,3714,9,19,t
69153,860,77,2026,1179,Miami Grand Prix,4,2026-05-03,76,Miami International Autodrome,USA,1179,5172,SR,Sprint,True,10,0,Franco,Colapinto,COL,43,210,Alpine F1 Team,3728,8,19,t
69155,838,77,2026,1179,Miami Grand Prix,4,2026-05-03,76,Miami International Autodrome,USA,1179,5172,SR,Sprint,True,11,0,Esteban,Ocon,OCO,31,207,Haas F1 Team,3723,16,19,t
69156,859,77,2026,1179,Miami Grand Prix,4,2026-05-03,76,Miami International Autodrome,USA,1179,5172,SR,Sprint,True,12,0,Oliver,Bearman,BEA,87,207,Haas F1 Team,3724,13,19,t
69157,830,77,2026,1179,Miami Grand Prix,4,2026-05-03,76,Miami International Autodrome,USA,1179,5172,SR,Sprint,True,13,0,Carlos,Sainz,SAI,55,141,Williams,3718,14,19,t
69158,858,77,2026,1179,Miami Grand Prix,4,2026-05-03,76,Miami International Autodrome,USA,1179,5172,SR,Sprint,True,14,0,Liam,Lawson,LAW,30,211,RB F1 Team,3719,15,19,t
69159,763,77,2026,1179,Miami Grand Prix,4,2026-05-03,76,Miami International Autodrome,USA,1179,5172,SR,Sprint,True,15,0,Fernando,Alonso,ALO,14,64,Aston Martin,3721,20,19,t
69160,815,77,2026,1179,Miami Grand Prix,4,2026-05-03,76,Miami International Autodrome,USA,1179,5172,SR,Sprint,True,16,0,Sergio,Pérez,PER,11,216,Cadillac F1 Team,3730,17,19,t
69161,840,77,2026,1179,Miami Grand Prix,4,2026-05-03,76,Miami International Autodrome,USA,1179,5172,SR,Sprint,True,17,0,Lance,Stroll,STR,18,64,Aston Martin,3722,21,19,t
69162,846,77,2026,1179,Miami Grand Prix,4,2026-05-03,76,Miami International Autodrome,USA,1179,5172,SR,Sprint,True,18,0,Alexander,Albon,ALB,23,141,Williams,3717,18,19,t
69163,820,77,2026,1179,Miami Grand Prix,4,2026-05-03,76,Miami International Autodrome,USA,1179,5172,SR,Sprint,True,19,0,Valtteri,Bottas,BOT,77,216,Cadillac F1 Team,3729,19,19,t
69164,807,77,2026,1179,Miami Grand Prix,4,2026-05-03,76,Miami International Autodrome,USA,1179,5172,SR,Sprint,True,20,0,Nico,Hülkenberg,HUL,27,215,Audi,3725,12,0,f
69165,873,77,2026,1179,Miami Grand Prix,4,2026-05-03,76,Miami International Autodrome,USA,1179,5172,SR,Sprint,True,21,0,Arvid,Lindblad,LIN,41,211,RB F1 Team,3720,22,0,f
69154,862,77,2026,1179,Miami Grand Prix,4,2026-05-03,76,Miami International Autodrome,USA,1179,5172,SR,Sprint,True,22,0,Gabriel,Bortoleto,BOR,5,215,Audi,3726,11,19,f
69284,863,77,2026,1179,Miami Grand Prix,4,2026-05-03,76,Miami International Autodrome,USA,1179,5176,R,Race,False,1,25,Andrea Kimi,Antonelli,ANT,12,48,Mercedes,3712,1,57,t
69285,845,77,2026,1179,Miami Grand Prix,4,2026-05-03,76,Miami International Autodrome,USA,1179,5176,R,Race,False,2,18,Lando,Norris,NOR,1,117,McLaren,3709,4,57,t
69286,857,77,2026,1179,Miami Grand Prix,4,2026-05-03,76,Miami International Autodrome,USA,1179,5176,R,Race,False,3,15,Oscar,Piastri,PIA,81,117,McLaren,3710,7,57,t
69287,847,77,2026,1179,Miami Grand Prix,4,2026-05-03,76,Miami International Autodrome,USA,1179,5176,R,Race,False,4,12,George,Russell,RUS,63,48,Mercedes,3711,5,57,t
69288,831,77,2026,1179,Miami Grand Prix,4,2026-05-03,76,Miami International Autodrome,USA,1179,5176,R,Race,False,5,10,Max,Verstappen,VER,3,191,Red Bull,3713,2,57,t
69290,795,77,2026,1179,Miami Grand Prix,4,2026-05-03,76,Miami International Autodrome,USA,1179,5176,R,Race,False,6,8,Lewis,Hamilton,HAM,44,6,Ferrari,3716,6,57,t
69291,860,77,2026,1179,Miami Grand Prix,4,2026-05-03,76,Miami International Autodrome,USA,1179,5176,R,Race,False,7,6,Franco,Colapinto,COL,43,210,Alpine F1 Team,3728,8,57,t
69289,843,77,2026,1179,Miami Grand Prix,4,2026-05-03,76,Miami International Autodrome,USA,1179,5176,R,Race,False,8,4,Charles,Leclerc,LEC,16,6,Ferrari,3715,3,57,t
69292,830,77,2026,1179,Miami Grand Prix,4,2026-05-03,76,Miami International Autodrome,USA,1179,5176,R,Race,False,9,2,Carlos,Sainz,SAI,55,141,Williams,3718,13,57,t
69293,846,77,2026,1179,Miami Grand Prix,4,2026-05-03,76,Miami International Autodrome,USA,1179,5176,R,Race,False,10,1,Alexander,Albon,ALB,23,141,Williams,3717,15,57,t
69294,859,77,2026,1179,Miami Grand Prix,4,2026-05-03,76,Miami International Autodrome,USA,1179,5176,R,Race,False,11,0,Oliver,Bearman,BEA,87,207,Haas F1 Team,3724,12,56,t
69295,862,77,2026,1179,Miami Grand Prix,4,2026-05-03,76,Miami International Autodrome,USA,1179,5176,R,Race,False,12,0,Gabriel,Bortoleto,BOR,5,215,Audi,3726,21,56,t
69296,838,77,2026,1179,Miami Grand Prix,4,2026-05-03,76,Miami International Autodrome,USA,1179,5176,R,Race,False,13,0,Esteban,Ocon,OCO,31,207,Haas F1 Team,3723,14,56,t
69297,873,77,2026,1179,Miami Grand Prix,4,2026-05-03,76,Miami International Autodrome,USA,1179,5176,R,Race,False,14,0,Arvid,Lindblad,LIN,41,211,RB F1 Team,3720,16,56,t
69298,763,77,2026,1179,Miami Grand Prix,4,2026-05-03,76,Miami International Autodrome,USA,1179,5176,R,Race,False,15,0,Fernando,Alonso,ALO,14,64,Aston Martin,3721,17,56,t
69299,815,77,2026,1179,Miami Grand Prix,4,2026-05-03,76,Miami International Autodrome,USA,1179,5176,R,Race,False,16,0,Sergio,Pérez,PER,11,216,Cadillac F1 Team,3730,20,56,t
69300,840,77,2026,1179,Miami Grand Prix,4,2026-05-03,76,Miami International Autodrome,USA,1179,5176,R,Race,False,17,0,Lance,Stroll,STR,18,64,Aston Martin,3722,18,56,t
69301,820,77,2026,1179,Miami Grand Prix,4,2026-05-03,76,Miami International Autodrome,USA,1179,5176,R,Race,False,18,0,Valtteri,Bottas,BOT,77,216,Cadillac F1 Team,3729,19,55,t
69302,807,77,2026,1179,Miami Grand Prix,4,2026-05-03,76,Miami International Autodrome,USA,1179,5176,R,Race,False,19,0,Nico,Hülkenberg,HUL,27,215,Audi,3725,10,7,f
69303,858,77,2026,1179,Miami Grand Prix,4,2026-05-03,76,Miami International Autodrome,USA,1179,5176,R,Race,False,20,0,Liam,Lawson,LAW,30,211,RB F1 Team,3719,11,6,f
69304,841,77,2026,1179,Miami Grand Prix,4,2026-05-03,76,Miami International Autodrome,USA,1179,5176,R,Race,False,21,0,Pierre,Gasly,GAS,10,210,Alpine F1 Team,3727,9,4,f
69305,864,77,2026,1179,Miami Grand Prix,4,2026-05-03,76,Miami International Autodrome,USA,1179,5176,R,Race,False,22,0,Isack,Hadjar,HAD,6,191,Red Bull,3714,22,4,f
69396,847,77,2026,1180,Canadian Grand Prix,5,2026-05-24,44,Circuit Gilles Villeneuve,Canada,1180,5181,SR,Sprint,True,1,8,George,Russell,RUS,63,48,Mercedes,3711,1,23,t
69397,845,77,2026,1180,Canadian Grand Prix,5,2026-05-24,44,Circuit Gilles Villeneuve,Canada,1180,5181,SR,Sprint,True,2,7,Lando,Norris,NOR,1,117,McLaren,3709,3,23,t
69398,863,77,2026,1180,Canadian Grand Prix,5,2026-05-24,44,Circuit Gilles Villeneuve,Canada,1180,5181,SR,Sprint,True,3,6,Andrea Kimi,Antonelli,ANT,12,48,Mercedes,3712,2,23,t
69399,857,77,2026,1180,Canadian Grand Prix,5,2026-05-24,44,Circuit Gilles Villeneuve,Canada,1180,5181,SR,Sprint,True,4,5,Oscar,Piastri,PIA,81,117,McLaren,3710,4,23,t
69400,843,77,2026,1180,Canadian Grand Prix,5,2026-05-24,44,Circuit Gilles Villeneuve,Canada,1180,5181,SR,Sprint,True,5,4,Charles,Leclerc,LEC,16,6,Ferrari,3715,6,23,t
69401,795,77,2026,1180,Canadian Grand Prix,5,2026-05-24,44,Circuit Gilles Villeneuve,Canada,1180,5181,SR,Sprint,True,6,3,Lewis,Hamilton,HAM,44,6,Ferrari,3716,5,23,t
69402,831,77,2026,1180,Canadian Grand Prix,5,2026-05-24,44,Circuit Gilles Villeneuve,Canada,1180,5181,SR,Sprint,True,7,2,Max,Verstappen,VER,3,191,Red Bull,3713,7,23,t
69403,873,77,2026,1180,Canadian Grand Prix,5,2026-05-24,44,Circuit Gilles Villeneuve,Canada,1180,5181,SR,Sprint,True,8,1,Arvid,Lindblad,LIN,41,211,RB F1 Team,3720,9,23,t
69404,860,77,2026,1180,Canadian Grand Prix,5,2026-05-24,44,Circuit Gilles Villeneuve,Canada,1180,5181,SR,Sprint,True,9,0,Franco,Colapinto,COL,43,210,Alpine F1 Team,3728,13,23,t
69405,830,77,2026,1180,Canadian Grand Prix,5,2026-05-24,44,Circuit Gilles Villeneuve,Canada,1180,5181,SR,Sprint,True,10,0,Carlos,Sainz,SAI,55,141,Williams,3718,10,23,t
69406,858,77,2026,1180,Canadian Grand Prix,5,2026-05-24,44,Circuit Gilles Villeneuve,Canada,1180,5181,SR,Sprint,True,11,0,Liam,Lawson,LAW,30,211,RB F1 Team,3719,18,23,t
69407,862,77,2026,1180,Canadian Grand Prix,5,2026-05-24,44,Circuit Gilles Villeneuve,Canada,1180,5181,SR,Sprint,True,12,0,Gabriel,Bortoleto,BOR,5,215,Audi,3726,12,23,t
69408,838,77,2026,1180,Canadian Grand Prix,5,2026-05-24,44,Circuit Gilles Villeneuve,Canada,1180,5181,SR,Sprint,True,13,0,Esteban,Ocon,OCO,31,207,Haas F1 Team,3723,14,23,t
69409,815,77,2026,1180,Canadian Grand Prix,5,2026-05-24,44,Circuit Gilles Villeneuve,Canada,1180,5181,SR,Sprint,True,14,0,Sergio,Pérez,PER,11,216,Cadillac F1 Team,3730,16,23,t
69410,807,77,2026,1180,Canadian Grand Prix,5,2026-05-24,44,Circuit Gilles Villeneuve,Canada,1180,5181,SR,Sprint,True,15,0,Nico,Hülkenberg,HUL,27,215,Audi,3725,11,23,t
69411,840,77,2026,1180,Canadian Grand Prix,5,2026-05-24,44,Circuit Gilles Villeneuve,Canada,1180,5181,SR,Sprint,True,16,0,Lance,Stroll,STR,18,64,Aston Martin,3722,17,22,t
69412,820,77,2026,1180,Canadian Grand Prix,5,2026-05-24,44,Circuit Gilles Villeneuve,Canada,1180,5181,SR,Sprint,True,17,0,Valtteri,Bottas,BOT,77,216,Cadillac F1 Team,3729,21,22,t
69413,859,77,2026,1180,Canadian Grand Prix,5,2026-05-24,44,Circuit Gilles Villeneuve,Canada,1180,5181,SR,Sprint,True,18,0,Oliver,Bearman,BEA,87,207,Haas F1 Team,3724,19,22,t
69414,846,77,2026,1180,Canadian Grand Prix,5,2026-05-24,44,Circuit Gilles Villeneuve,Canada,1180,5181,SR,Sprint,True,19,0,Alexander,Albon,ALB,23,141,Williams,3717,22,22,t
69415,841,77,2026,1180,Canadian Grand Prix,5,2026-05-24,44,Circuit Gilles Villeneuve,Canada,1180,5181,SR,Sprint,True,20,0,Pierre,Gasly,GAS,10,210,Alpine F1 Team,3727,20,22,t
69416,864,77,2026,1180,Canadian Grand Prix,5,2026-05-24,44,Circuit Gilles Villeneuve,Canada,1180,5181,SR,Sprint,True,21,0,Isack,Hadjar,HAD,6,191,Red Bull,3714,8,20,t
69417,763,77,2026,1180,Canadian Grand Prix,5,2026-05-24,44,Circuit Gilles Villeneuve,Canada,1180,5181,SR,Sprint,True,22,0,Fernando,Alonso,ALO,14,64,Aston Martin,3721,15,15,f
69466,863,77,2026,1180,Canadian Grand Prix,5,2026-05-24,44,Circuit Gilles Villeneuve,Canada,1180,5185,R,Race,False,1,25,Andrea Kimi,Antonelli,ANT,12,48,Mercedes,3712,2,68,t
69467,795,77,2026,1180,Canadian Grand Prix,5,2026-05-24,44,Circuit Gilles Villeneuve,Canada,1180,5185,R,Race,False,2,18,Lewis,Hamilton,HAM,44,6,Ferrari,3716,5,68,t
69468,831,77,2026,1180,Canadian Grand Prix,5,2026-05-24,44,Circuit Gilles Villeneuve,Canada,1180,5185,R,Race,False,3,15,Max,Verstappen,VER,3,191,Red Bull,3713,6,68,t
69469,843,77,2026,1180,Canadian Grand Prix,5,2026-05-24,44,Circuit Gilles Villeneuve,Canada,1180,5185,R,Race,False,4,12,Charles,Leclerc,LEC,16,6,Ferrari,3715,8,68,t
69470,864,77,2026,1180,Canadian Grand Prix,5,2026-05-24,44,Circuit Gilles Villeneuve,Canada,1180,5185,R,Race,False,5,10,Isack,Hadjar,HAD,6,191,Red Bull,3714,7,67,t
69471,860,77,2026,1180,Canadian Grand Prix,5,2026-05-24,44,Circuit Gilles Villeneuve,Canada,1180,5185,R,Race,False,6,8,Franco,Colapinto,COL,43,210,Alpine F1 Team,3728,10,67,t
69472,858,77,2026,1180,Canadian Grand Prix,5,2026-05-24,44,Circuit Gilles Villeneuve,Canada,1180,5185,R,Race,False,7,6,Liam,Lawson,LAW,30,211,RB F1 Team,3719,12,67,t
69473,841,77,2026,1180,Canadian Grand Prix,5,2026-05-24,44,Circuit Gilles Villeneuve,Canada,1180,5185,R,Race,False,8,4,Pierre,Gasly,GAS,10,210,Alpine F1 Team,3727,14,67,t
69474,830,77,2026,1180,Canadian Grand Prix,5,2026-05-24,44,Circuit Gilles Villeneuve,Canada,1180,5185,R,Race,False,9,2,Carlos,Sainz,SAI,55,141,Williams,3718,15,67,t
69475,859,77,2026,1180,Canadian Grand Prix,5,2026-05-24,44,Circuit Gilles Villeneuve,Canada,1180,5185,R,Race,False,10,1,Oliver,Bearman,BEA,87,207,Haas F1 Team,3724,16,67,t
69476,857,77,2026,1180,Canadian Grand Prix,5,2026-05-24,44,Circuit Gilles Villeneuve,Canada,1180,5185,R,Race,False,11,0,Oscar,Piastri,PIA,81,117,McLaren,3710,4,66,t
69477,807,77,2026,1180,Canadian Grand Prix,5,2026-05-24,44,Circuit Gilles Villeneuve,Canada,1180,5185,R,Race,False,12,0,Nico,Hülkenberg,HUL,27,215,Audi,3725,11,66,t
69478,862,77,2026,1180,Canadian Grand Prix,5,2026-05-24,44,Circuit Gilles Villeneuve,Canada,1180,5185,R,Race,False,13,0,Gabriel,Bortoleto,BOR,5,215,Audi,3726,13,66,t
69479,838,77,2026,1180,Canadian Grand Prix,5,2026-05-24,44,Circuit Gilles Villeneuve,Canada,1180,5185,R,Race,False,14,0,Esteban,Ocon,OCO,31,207,Haas F1 Team,3723,17,66,t
69480,840,77,2026,1180,Canadian Grand Prix,5,2026-05-24,44,Circuit Gilles Villeneuve,Canada,1180,5185,R,Race,False,15,0,Lance,Stroll,STR,18,64,Aston Martin,3722,22,64,t
69481,820,77,2026,1180,Canadian Grand Prix,5,2026-05-24,44,Circuit Gilles Villeneuve,Canada,1180,5185,R,Race,False,16,0,Valtteri,Bottas,BOT,77,216,Cadillac F1 Team,3729,21,64,t
69482,815,77,2026,1180,Canadian Grand Prix,5,2026-05-24,44,Circuit Gilles Villeneuve,Canada,1180,5185,R,Race,False,17,0,Sergio,Pérez,PER,11,216,Cadillac F1 Team,3730,20,39,f
69483,845,77,2026,1180,Canadian Grand Prix,5,2026-05-24,44,Circuit Gilles Villeneuve,Canada,1180,5185,R,Race,False,18,0,Lando,Norris,NOR,1,117,McLaren,3709,3,38,f
69484,847,77,2026,1180,Canadian Grand Prix,5,2026-05-24,44,Circuit Gilles Villeneuve,Canada,1180,5185,R,Race,False,19,0,George,Russell,RUS,63,48,Mercedes,3711,1,29,f
69485,763,77,2026,1180,Canadian Grand Prix,5,2026-05-24,44,Circuit Gilles Villeneuve,Canada,1180,5185,R,Race,False,20,0,Fernando,Alonso,ALO,14,64,Aston Martin,3721,19,23,f
69486,846,77,2026,1180,Canadian Grand Prix,5,2026-05-24,44,Circuit Gilles Villeneuve,Canada,1180,5185,R,Race,False,21,0,Alexander,Albon,ALB,23,141,Williams,3717,18,11,f
69487,873,77,2026,1180,Canadian Grand Prix,5,2026-05-24,44,Circuit Gilles Villeneuve,Canada,1180,5185,R,Race,False,22,0,Arvid,Lindblad,LIN,41,211,RB F1 Team,3720,9,0,f
69602,863,77,2026,1181,Monaco Grand Prix,6,2026-06-07,2,Circuit de Monaco,Monaco,1181,5192,R,Race,False,1,25,Andrea Kimi,Antonelli,ANT,12,48,Mercedes,3712,1,78,t
69603,795,77,2026,1181,Monaco Grand Prix,6,2026-06-07,2,Circuit de Monaco,Monaco,1181,5192,R,Race,False,2,18,Lewis,Hamilton,HAM,44,6,Ferrari,3716,3,78,t
69608,841,77,2026,1181,Monaco Grand Prix,6,2026-06-07,2,Circuit de Monaco,Monaco,1181,5192,R,Race,False,3,15,Pierre,Gasly,GAS,10,210,Alpine F1 Team,3727,9,78,t
69604,864,77,2026,1181,Monaco Grand Prix,6,2026-06-07,2,Circuit de Monaco,Monaco,1181,5192,R,Race,False,4,12,Isack,Hadjar,HAD,6,191,Red Bull,3714,5,78,t
69605,857,77,2026,1181,Monaco Grand Prix,6,2026-06-07,2,Circuit de Monaco,Monaco,1181,5192,R,Race,False,5,10,Oscar,Piastri,PIA,81,117,McLaren,3710,7,78,t
69606,858,77,2026,1181,Monaco Grand Prix,6,2026-06-07,2,Circuit de Monaco,Monaco,1181,5192,R,Race,False,6,8,Liam,Lawson,LAW,30,211,RB F1 Team,3719,10,78,t
69607,873,77,2026,1181,Monaco Grand Prix,6,2026-06-07,2,Circuit de Monaco,Monaco,1181,5192,R,Race,False,7,6,Arvid,Lindblad,LIN,41,211,RB F1 Team,3720,15,78,t
69609,846,77,2026,1181,Monaco Grand Prix,6,2026-06-07,2,Circuit de Monaco,Monaco,1181,5192,R,Race,False,8,4,Alexander,Albon,ALB,23,141,Williams,3717,11,78,t
69610,838,77,2026,1181,Monaco Grand Prix,6,2026-06-07,2,Circuit de Monaco,Monaco,1181,5192,R,Race,False,9,2,Esteban,Ocon,OCO,31,207,Haas F1 Team,3723,17,78,t
69612,763,77,2026,1181,Monaco Grand Prix,6,2026-06-07,2,Circuit de Monaco,Monaco,1181,5192,R,Race,False,10,1,Fernando,Alonso,ALO,14,64,Aston Martin,3721,21,78,t
69613,862,77,2026,1181,Monaco Grand Prix,6,2026-06-07,2,Circuit de Monaco,Monaco,1181,5192,R,Race,False,11,0,Gabriel,Bortoleto,BOR,5,215,Audi,3726,16,78,t
69614,847,77,2026,1181,Monaco Grand Prix,6,2026-06-07,2,Circuit de Monaco,Monaco,1181,5192,R,Race,False,12,0,George,Russell,RUS,63,48,Mercedes,3711,6,78,t
69615,807,77,2026,1181,Monaco Grand Prix,6,2026-06-07,2,Circuit de Monaco,Monaco,1181,5192,R,Race,False,13,0,Nico,Hülkenberg,HUL,27,215,Audi,3725,13,78,t
69616,860,77,2026,1181,Monaco Grand Prix,6,2026-06-07,2,Circuit de Monaco,Monaco,1181,5192,R,Race,False,14,0,Franco,Colapinto,COL,43,210,Alpine F1 Team,3728,14,78,t
69611,815,77,2026,1181,Monaco Grand Prix,6,2026-06-07,2,Circuit de Monaco,Monaco,1181,5192,R,Race,False,15,0,Sergio,Pérez,PER,11,216,Cadillac F1 Team,3730,18,78,t
69617,830,77,2026,1181,Monaco Grand Prix,6,2026-06-07,2,Circuit de Monaco,Monaco,1181,5192,R,Race,False,16,0,Carlos,Sainz,SAI,55,141,Williams,3718,12,70,t
69618,843,77,2026,1181,Monaco Grand Prix,6,2026-06-07,2,Circuit de Monaco,Monaco,1181,5192,R,Race,False,17,0,Charles,Leclerc,LEC,16,6,Ferrari,3715,4,64,f
69619,840,77,2026,1181,Monaco Grand Prix,6,2026-06-07,2,Circuit de Monaco,Monaco,1181,5192,R,Race,False,18,0,Lance,Stroll,STR,18,64,Aston Martin,3722,22,56,f
69620,845,77,2026,1181,Monaco Grand Prix,6,2026-06-07,2,Circuit de Monaco,Monaco,1181,5192,R,Race,False,19,0,Lando,Norris,NOR,1,117,McLaren,3709,8,43,f
69621,859,77,2026,1181,Monaco Grand Prix,6,2026-06-07,2,Circuit de Monaco,Monaco,1181,5192,R,Race,False,20,0,Oliver,Bearman,BEA,87,207,Haas F1 Team,3724,19,27,f
69622,820,77,2026,1181,Monaco Grand Prix,6,2026-06-07,2,Circuit de Monaco,Monaco,1181,5192,R,Race,False,21,0,Valtteri,Bottas,BOT,77,216,Cadillac F1 Team,3729,20,15,f
69623,831,77,2026,1181,Monaco Grand Prix,6,2026-06-07,2,Circuit de Monaco,Monaco,1181,5192,R,Race,False,22,0,Max,Verstappen,VER,3,191,Red Bull,3713,2,0,f
69786,795,77,2026,1182,Barcelona Grand Prix,7,2026-06-14,56,Circuit de Barcelona-Catalunya,Spain,1182,5199,R,Race,False,1,25,Lewis,Hamilton,HAM,44,6,Ferrari,3716,2,66,t
69787,847,77,2026,1182,Barcelona Grand Prix,7,2026-06-14,56,Circuit de Barcelona-Catalunya,Spain,1182,5199,R,Race,False,2,18,George,Russell,RUS,63,48,Mercedes,3711,1,66,t
69788,845,77,2026,1182,Barcelona Grand Prix,7,2026-06-14,56,Circuit de Barcelona-Catalunya,Spain,1182,5199,R,Race,False,3,15,Lando,Norris,NOR,1,117,McLaren,3709,4,66,t
69789,831,77,2026,1182,Barcelona Grand Prix,7,2026-06-14,56,Circuit de Barcelona-Catalunya,Spain,1182,5199,R,Race,False,4,12,Max,Verstappen,VER,3,191,Red Bull,3713,5,66,t
69790,857,77,2026,1182,Barcelona Grand Prix,7,2026-06-14,56,Circuit de Barcelona-Catalunya,Spain,1182,5199,R,Race,False,5,10,Oscar,Piastri,PIA,81,117,McLaren,3710,7,66,t
69791,864,77,2026,1182,Barcelona Grand Prix,7,2026-06-14,56,Circuit de Barcelona-Catalunya,Spain,1182,5199,R,Race,False,6,8,Isack,Hadjar,HAD,6,191,Red Bull,3714,6,65,t
69792,841,77,2026,1182,Barcelona Grand Prix,7,2026-06-14,56,Circuit de Barcelona-Catalunya,Spain,1182,5199,R,Race,False,7,6,Pierre,Gasly,GAS,10,210,Alpine F1 Team,3727,14,65,t
69794,858,77,2026,1182,Barcelona Grand Prix,7,2026-06-14,56,Circuit de Barcelona-Catalunya,Spain,1182,5199,R,Race,False,8,4,Liam,Lawson,LAW,30,211,RB F1 Team,3719,8,65,t
69795,873,77,2026,1182,Barcelona Grand Prix,7,2026-06-14,56,Circuit de Barcelona-Catalunya,Spain,1182,5199,R,Race,False,9,2,Arvid,Lindblad,LIN,41,211,RB F1 Team,3720,11,65,t
69793,860,77,2026,1182,Barcelona Grand Prix,7,2026-06-14,56,Circuit de Barcelona-Catalunya,Spain,1182,5199,R,Race,False,10,1,Franco,Colapinto,COL,43,210,Alpine F1 Team,3728,13,65,t
69796,862,77,2026,1182,Barcelona Grand Prix,7,2026-06-14,56,Circuit de Barcelona-Catalunya,Spain,1182,5199,R,Race,False,11,0,Gabriel,Bortoleto,BOR,5,215,Audi,3726,12,64,t
69797,830,77,2026,1182,Barcelona Grand Prix,7,2026-06-14,56,Circuit de Barcelona-Catalunya,Spain,1182,5199,R,Race,False,12,0,Carlos,Sainz,SAI,55,141,Williams,3718,16,64,t
69798,838,77,2026,1182,Barcelona Grand Prix,7,2026-06-14,56,Circuit de Barcelona-Catalunya,Spain,1182,5199,R,Race,False,13,0,Esteban,Ocon,OCO,31,207,Haas F1 Team,3723,17,64,t
69799,815,77,2026,1182,Barcelona Grand Prix,7,2026-06-14,56,Circuit de Barcelona-Catalunya,Spain,1182,5199,R,Race,False,14,0,Sergio,Pérez,PER,11,216,Cadillac F1 Team,3730,19,63,t
69800,843,77,2026,1182,Barcelona Grand Prix,7,2026-06-14,56,Circuit de Barcelona-Catalunya,Spain,1182,5199,R,Race,False,15,0,Charles,Leclerc,LEC,16,6,Ferrari,3715,10,62,t
69801,863,77,2026,1182,Barcelona Grand Prix,7,2026-06-14,56,Circuit de Barcelona-Catalunya,Spain,1182,5199,R,Race,False,16,0,Andrea Kimi,Antonelli,ANT,12,48,Mercedes,3712,3,61,t
69802,859,77,2026,1182,Barcelona Grand Prix,7,2026-06-14,56,Circuit de Barcelona-Catalunya,Spain,1182,5199,R,Race,False,17,0,Oliver,Bearman,BEA,87,207,Haas F1 Team,3724,15,60,t
69803,846,77,2026,1182,Barcelona Grand Prix,7,2026-06-14,56,Circuit de Barcelona-Catalunya,Spain,1182,5199,R,Race,False,18,0,Alexander,Albon,ALB,23,141,Williams,3717,18,55,f
69804,763,77,2026,1182,Barcelona Grand Prix,7,2026-06-14,56,Circuit de Barcelona-Catalunya,Spain,1182,5199,R,Race,False,19,0,Fernando,Alonso,ALO,14,64,Aston Martin,3721,22,37,f
69805,807,77,2026,1182,Barcelona Grand Prix,7,2026-06-14,56,Circuit de Barcelona-Catalunya,Spain,1182,5199,R,Race,False,20,0,Nico,Hülkenberg,HUL,27,215,Audi,3725,9,29,f
69806,820,77,2026,1182,Barcelona Grand Prix,7,2026-06-14,56,Circuit de Barcelona-Catalunya,Spain,1182,5199,R,Race,False,21,0,Valtteri,Bottas,BOT,77,216,Cadillac F1 Team,3729,20,15,f
69807,840,77,2026,1182,Barcelona Grand Prix,7,2026-06-14,56,Circuit de Barcelona-Catalunya,Spain,1182,5199,R,Race,False,22,0,Lance,Stroll,STR,18,64,Aston Martin,3722,21,5,f
69944,847,77,2026,1183,Austrian Grand Prix,8,2026-06-28,34,Red Bull Ring,Austria,1183,5206,R,Race,False,1,25,George,Russell,RUS,63,48,Mercedes,3711,1,71,t
69945,831,77,2026,1183,Austrian Grand Prix,8,2026-06-28,34,Red Bull Ring,Austria,1183,5206,R,Race,False,2,18,Max,Verstappen,VER,3,191,Red Bull,3713,5,71,t
69946,863,77,2026,1183,Austrian Grand Prix,8,2026-06-28,34,Red Bull Ring,Austria,1183,5206,R,Race,False,3,15,Andrea Kimi,Antonelli,ANT,12,48,Mercedes,3712,4,71,t
69947,857,77,2026,1183,Austrian Grand Prix,8,2026-06-28,34,Red Bull Ring,Austria,1183,5206,R,Race,False,4,12,Oscar,Piastri,PIA,81,117,McLaren,3710,7,71,t
69948,795,77,2026,1183,Austrian Grand Prix,8,2026-06-28,34,Red Bull Ring,Austria,1183,5206,R,Race,False,5,10,Lewis,Hamilton,HAM,44,6,Ferrari,3716,3,71,t
69949,864,77,2026,1183,Austrian Grand Prix,8,2026-06-28,34,Red Bull Ring,Austria,1183,5206,R,Race,False,6,8,Isack,Hadjar,HAD,6,191,Red Bull,3714,8,71,t
69950,845,77,2026,1183,Austrian Grand Prix,8,2026-06-28,34,Red Bull Ring,Austria,1183,5206,R,Race,False,7,6,Lando,Norris,NOR,1,117,McLaren,3709,6,71,t
69951,843,77,2026,1183,Austrian Grand Prix,8,2026-06-28,34,Red Bull Ring,Austria,1183,5206,R,Race,False,8,4,Charles,Leclerc,LEC,16,6,Ferrari,3715,2,71,t
69952,858,77,2026,1183,Austrian Grand Prix,8,2026-06-28,34,Red Bull Ring,Austria,1183,5206,R,Race,False,9,2,Liam,Lawson,LAW,30,211,RB F1 Team,3719,9,70,t
69953,873,77,2026,1183,Austrian Grand Prix,8,2026-06-28,34,Red Bull Ring,Austria,1183,5206,R,Race,False,10,1,Arvid,Lindblad,LIN,41,211,RB F1 Team,3720,10,70,t
69954,862,77,2026,1183,Austrian Grand Prix,8,2026-06-28,34,Red Bull Ring,Austria,1183,5206,R,Race,False,11,0,Gabriel,Bortoleto,BOR,5,215,Audi,3726,12,70,t
69955,807,77,2026,1183,Austrian Grand Prix,8,2026-06-28,34,Red Bull Ring,Austria,1183,5206,R,Race,False,12,0,Nico,Hülkenberg,HUL,27,215,Audi,3725,14,70,t
69956,841,77,2026,1183,Austrian Grand Prix,8,2026-06-28,34,Red Bull Ring,Austria,1183,5206,R,Race,False,13,0,Pierre,Gasly,GAS,10,210,Alpine F1 Team,3727,11,70,t
69957,859,77,2026,1183,Austrian Grand Prix,8,2026-06-28,34,Red Bull Ring,Austria,1183,5206,R,Race,False,14,0,Oliver,Bearman,BEA,87,207,Haas F1 Team,3724,13,70,t
69958,860,77,2026,1183,Austrian Grand Prix,8,2026-06-28,34,Red Bull Ring,Austria,1183,5206,R,Race,False,15,0,Franco,Colapinto,COL,43,210,Alpine F1 Team,3728,16,70,t
69959,838,77,2026,1183,Austrian Grand Prix,8,2026-06-28,34,Red Bull Ring,Austria,1183,5206,R,Race,False,16,0,Esteban,Ocon,OCO,31,207,Haas F1 Team,3723,15,69,t
69960,846,77,2026,1183,Austrian Grand Prix,8,2026-06-28,34,Red Bull Ring,Austria,1183,5206,R,Race,False,17,0,Alexander,Albon,ALB,23,141,Williams,3717,18,69,t
69961,763,77,2026,1183,Austrian Grand Prix,8,2026-06-28,34,Red Bull Ring,Austria,1183,5206,R,Race,False,18,0,Fernando,Alonso,ALO,14,64,Aston Martin,3721,21,68,t
69962,840,77,2026,1183,Austrian Grand Prix,8,2026-06-28,34,Red Bull Ring,Austria,1183,5206,R,Race,False,19,0,Lance,Stroll,STR,18,64,Aston Martin,3722,22,45,f
69963,830,77,2026,1183,Austrian Grand Prix,8,2026-06-28,34,Red Bull Ring,Austria,1183,5206,R,Race,False,20,0,Carlos,Sainz,SAI,55,141,Williams,3718,17,23,f
69964,815,77,2026,1183,Austrian Grand Prix,8,2026-06-28,34,Red Bull Ring,Austria,1183,5206,R,Race,False,21,0,Sergio,Pérez,PER,11,216,Cadillac F1 Team,3730,19,4,f
69965,820,77,2026,1183,Austrian Grand Prix,8,2026-06-28,34,Red Bull Ring,Austria,1183,5206,R,Race,False,22,0,Valtteri,Bottas,BOT,77,216,Cadillac F1 Team,3729,20,2,f
70036,863,77,2026,1184,British Grand Prix,9,2026-07-05,1,Silverstone Circuit,UK,1184,5211,SR,Sprint,True,1,8,Andrea Kimi,Antonelli,ANT,12,48,Mercedes,3712,2,17,t
70037,795,77,2026,1184,British Grand Prix,9,2026-07-05,1,Silverstone Circuit,UK,1184,5211,SR,Sprint,True,2,7,Lewis,Hamilton,HAM,44,6,Ferrari,3716,1,17,t
70038,845,77,2026,1184,British Grand Prix,9,2026-07-05,1,Silverstone Circuit,UK,1184,5211,SR,Sprint,True,3,6,Lando,Norris,NOR,1,117,McLaren,3709,6,17,t
70039,847,77,2026,1184,British Grand Prix,9,2026-07-05,1,Silverstone Circuit,UK,1184,5211,SR,Sprint,True,4,5,George,Russell,RUS,63,48,Mercedes,3711,5,17,t
70040,843,77,2026,1184,British Grand Prix,9,2026-07-05,1,Silverstone Circuit,UK,1184,5211,SR,Sprint,True,5,4,Charles,Leclerc,LEC,16,6,Ferrari,3715,4,17,t
70041,831,77,2026,1184,British Grand Prix,9,2026-07-05,1,Silverstone Circuit,UK,1184,5211,SR,Sprint,True,6,3,Max,Verstappen,VER,3,191,Red Bull,3713,3,17,t
70042,857,77,2026,1184,British Grand Prix,9,2026-07-05,1,Silverstone Circuit,UK,1184,5211,SR,Sprint,True,7,2,Oscar,Piastri,PIA,81,117,McLaren,3710,7,17,t
70043,858,77,2026,1184,British Grand Prix,9,2026-07-05,1,Silverstone Circuit,UK,1184,5211,SR,Sprint,True,8,1,Liam,Lawson,LAW,30,211,RB F1 Team,3719,9,17,t
70044,864,77,2026,1184,British Grand Prix,9,2026-07-05,1,Silverstone Circuit,UK,1184,5211,SR,Sprint,True,9,0,Isack,Hadjar,HAD,6,191,Red Bull,3714,8,17,t
70045,873,77,2026,1184,British Grand Prix,9,2026-07-05,1,Silverstone Circuit,UK,1184,5211,SR,Sprint,True,10,0,Arvid,Lindblad,LIN,41,211,RB F1 Team,3720,10,17,t
70046,841,77,2026,1184,British Grand Prix,9,2026-07-05,1,Silverstone Circuit,UK,1184,5211,SR,Sprint,True,11,0,Pierre,Gasly,GAS,10,210,Alpine F1 Team,3727,11,17,t
70047,860,77,2026,1184,British Grand Prix,9,2026-07-05,1,Silverstone Circuit,UK,1184,5211,SR,Sprint,True,12,0,Franco,Colapinto,COL,43,210,Alpine F1 Team,3728,14,17,t
70048,862,77,2026,1184,British Grand Prix,9,2026-07-05,1,Silverstone Circuit,UK,1184,5211,SR,Sprint,True,13,0,Gabriel,Bortoleto,BOR,5,215,Audi,3726,12,17,t
70049,859,77,2026,1184,British Grand Prix,9,2026-07-05,1,Silverstone Circuit,UK,1184,5211,SR,Sprint,True,14,0,Oliver,Bearman,BEA,87,207,Haas F1 Team,3724,16,17,t
70050,807,77,2026,1184,British Grand Prix,9,2026-07-05,1,Silverstone Circuit,UK,1184,5211,SR,Sprint,True,15,0,Nico,Hülkenberg,HUL,27,215,Audi,3725,13,17,t
70051,838,77,2026,1184,British Grand Prix,9,2026-07-05,1,Silverstone Circuit,UK,1184,5211,SR,Sprint,True,16,0,Esteban,Ocon,OCO,31,207,Haas F1 Team,3723,17,17,t
70052,830,77,2026,1184,British Grand Prix,9,2026-07-05,1,Silverstone Circuit,UK,1184,5211,SR,Sprint,True,17,0,Carlos,Sainz,SAI,55,141,Williams,3718,15,17,t
70053,846,77,2026,1184,British Grand Prix,9,2026-07-05,1,Silverstone Circuit,UK,1184,5211,SR,Sprint,True,18,0,Alexander,Albon,ALB,23,141,Williams,3717,22,17,t
70054,820,77,2026,1184,British Grand Prix,9,2026-07-05,1,Silverstone Circuit,UK,1184,5211,SR,Sprint,True,19,0,Valtteri,Bottas,BOT,77,216,Cadillac F1 Team,3729,19,17,t
70055,763,77,2026,1184,British Grand Prix,9,2026-07-05,1,Silverstone Circuit,UK,1184,5211,SR,Sprint,True,20,0,Fernando,Alonso,ALO,14,64,Aston Martin,3721,20,17,t
70056,840,77,2026,1184,British Grand Prix,9,2026-07-05,1,Silverstone Circuit,UK,1184,5211,SR,Sprint,True,21,0,Lance,Stroll,STR,18,64,Aston Martin,3722,21,16,t
70057,815,77,2026,1184,British Grand Prix,9,2026-07-05,1,Silverstone Circuit,UK,1184,5211,SR,Sprint,True,22,0,Sergio,Pérez,PER,11,216,Cadillac F1 Team,3730,18,16,t
70106,843,77,2026,1184,British Grand Prix,9,2026-07-05,1,Silverstone Circuit,UK,1184,5215,R,Race,False,1,25,Charles,Leclerc,LEC,16,6,Ferrari,3715,2,52,t
70107,847,77,2026,1184,British Grand Prix,9,2026-07-05,1,Silverstone Circuit,UK,1184,5215,R,Race,False,2,18,George,Russell,RUS,63,48,Mercedes,3711,4,52,t
70108,795,77,2026,1184,British Grand Prix,9,2026-07-05,1,Silverstone Circuit,UK,1184,5215,R,Race,False,3,15,Lewis,Hamilton,HAM,44,6,Ferrari,3716,3,52,t
70109,845,77,2026,1184,British Grand Prix,9,2026-07-05,1,Silverstone Circuit,UK,1184,5215,R,Race,False,4,12,Lando,Norris,NOR,1,117,McLaren,3709,6,52,t
70110,864,77,2026,1184,British Grand Prix,9,2026-07-05,1,Silverstone Circuit,UK,1184,5215,R,Race,False,5,10,Isack,Hadjar,HAD,6,191,Red Bull,3714,5,52,t
70111,858,77,2026,1184,British Grand Prix,9,2026-07-05,1,Silverstone Circuit,UK,1184,5215,R,Race,False,6,8,Liam,Lawson,LAW,30,211,RB F1 Team,3719,10,52,t
70112,873,77,2026,1184,British Grand Prix,9,2026-07-05,1,Silverstone Circuit,UK,1184,5215,R,Race,False,7,6,Arvid,Lindblad,LIN,41,211,RB F1 Team,3720,9,52,t
70113,862,77,2026,1184,British Grand Prix,9,2026-07-05,1,Silverstone Circuit,UK,1184,5215,R,Race,False,8,4,Gabriel,Bortoleto,BOR,5,215,Audi,3726,11,52,t
70114,860,77,2026,1184,British Grand Prix,9,2026-07-05,1,Silverstone Circuit,UK,1184,5215,R,Race,False,9,2,Franco,Colapinto,COL,43,210,Alpine F1 Team,3728,19,52,t
70115,841,77,2026,1184,British Grand Prix,9,2026-07-05,1,Silverstone Circuit,UK,1184,5215,R,Race,False,10,1,Pierre,Gasly,GAS,10,210,Alpine F1 Team,3727,15,52,t
70116,857,77,2026,1184,British Grand Prix,9,2026-07-05,1,Silverstone Circuit,UK,1184,5215,R,Race,False,11,0,Oscar,Piastri,PIA,81,117,McLaren,3710,8,52,t
70118,859,77,2026,1184,British Grand Prix,9,2026-07-05,1,Silverstone Circuit,UK,1184,5215,R,Race,False,12,0,Oliver,Bearman,BEA,87,207,Haas F1 Team,3724,13,52,t
70119,838,77,2026,1184,British Grand Prix,9,2026-07-05,1,Silverstone Circuit,UK,1184,5215,R,Race,False,13,0,Esteban,Ocon,OCO,31,207,Haas F1 Team,3723,17,52,t
70120,815,77,2026,1184,British Grand Prix,9,2026-07-05,1,Silverstone Circuit,UK,1184,5215,R,Race,False,14,0,Sergio,Pérez,PER,11,216,Cadillac F1 Team,3730,20,52,t
70121,863,77,2026,1184,British Grand Prix,9,2026-07-05,1,Silverstone Circuit,UK,1184,5215,R,Race,False,15,0,Andrea Kimi,Antonelli,ANT,12,48,Mercedes,3712,1,52,t
70122,820,77,2026,1184,British Grand Prix,9,2026-07-05,1,Silverstone Circuit,UK,1184,5215,R,Race,False,16,0,Valtteri,Bottas,BOT,77,216,Cadillac F1 Team,3729,18,52,t
70117,830,77,2026,1184,British Grand Prix,9,2026-07-05,1,Silverstone Circuit,UK,1184,5215,R,Race,False,17,0,Carlos,Sainz,SAI,55,141,Williams,3718,14,51,t
70123,763,77,2026,1184,British Grand Prix,9,2026-07-05,1,Silverstone Circuit,UK,1184,5215,R,Race,False,18,0,Fernando,Alonso,ALO,14,64,Aston Martin,3721,21,51,t
70124,840,77,2026,1184,British Grand Prix,9,2026-07-05,1,Silverstone Circuit,UK,1184,5215,R,Race,False,19,0,Lance,Stroll,STR,18,64,Aston Martin,3722,22,51,t
70125,831,77,2026,1184,British Grand Prix,9,2026-07-05,1,Silverstone Circuit,UK,1184,5215,R,Race,False,20,0,Max,Verstappen,VER,3,191,Red Bull,3713,7,46,t
70126,846,77,2026,1184,British Grand Prix,9,2026-07-05,1,Silverstone Circuit,UK,1184,5215,R,Race,False,21,0,Alexander,Albon,ALB,23,141,Williams,3717,16,43,f
70127,807,77,2026,1184,British Grand Prix,9,2026-07-05,1,Silverstone Circuit,UK,1184,5215,R,Race,False,22,0,Nico,Hülkenberg,HUL,27,215,Audi,3725,12,36,f
